features,learner,arm,block,trial,stage,batch,n_measured,n_hits,top20,hi
kmer,XGB,AL,410001000,0,0,0,120,24,7.0,1781776.380153739
kmer,XGB,AL,410001000,0,1,10,130,26,7.0,1781776.380153739
kmer,XGB,AL,410001000,0,2,10,140,28,7.0,1781776.380153739
kmer,XGB,greedy,410001000,0,0,0,120,24,7.0,1781776.380153739
kmer,XGB,greedy,410001000,0,1,10,130,27,8.0,1781776.380153739
kmer,XGB,greedy,410001000,0,2,10,140,29,9.0,1781776.380153739
kmer,XGB,guided,410001000,0,0,0,120,24,7.0,1781776.380153739
kmer,XGB,guided,410001000,0,1,10,130,29,9.0,1781776.380153739
kmer,XGB,guided,410001000,0,2,10,140,32,10.0,1781776.380153739
kmer,XGB,AL,410001000,1,0,0,120,24,9.0,1781776.380153739
kmer,XGB,AL,410001000,1,1,10,130,26,9.0,1781776.380153739
kmer,XGB,AL,410001000,1,2,10,140,27,9.0,1781776.380153739
kmer,XGB,greedy,410001000,1,0,0,120,24,9.0,1781776.380153739
kmer,XGB,greedy,410001000,1,1,10,130,28,10.0,1781776.380153739
kmer,XGB,greedy,410001000,1,2,10,140,31,10.0,1781776.380153739
kmer,XGB,guided,410001000,1,0,0,120,24,9.0,1781776.380153739
kmer,XGB,guided,410001000,1,1,10,130,29,9.0,1781776.380153739
kmer,XGB,guided,410001000,1,2,10,140,31,10.0,1781776.380153739
kmer,XGB,AL,410001000,2,0,0,120,24,6.0,1741740.740740741
kmer,XGB,AL,410001000,2,1,10,130,24,6.0,1741740.740740741
kmer,XGB,AL,410001000,2,2,10,140,26,6.0,1741740.740740741
kmer,XGB,greedy,410001000,2,0,0,120,24,6.0,1741740.740740741
kmer,XGB,greedy,410001000,2,1,10,130,27,6.0,1741740.740740741
kmer,XGB,greedy,410001000,2,2,10,140,28,7.0,1741740.740740741
kmer,XGB,guided,410001000,2,0,0,120,24,6.0,1741740.740740741
kmer,XGB,guided,410001000,2,1,10,130,26,6.0,1741740.740740741
kmer,XGB,guided,410001000,2,2,10,140,28,6.0,1741740.740740741
kmer,XGB,AL,410001000,3,0,0,120,24,5.0,1624458.5921325053
kmer,XGB,AL,410001000,3,1,10,130,25,5.0,1624458.5921325053
kmer,XGB,AL,410001000,3,2,10,140,25,5.0,1624458.5921325053
kmer,XGB,greedy,410001000,3,0,0,120,24,5.0,1624458.5921325053
kmer,XGB,greedy,410001000,3,1,10,130,25,5.0,1624458.5921325053
kmer,XGB,greedy,410001000,3,2,10,140,29,6.0,1624458.5921325053
kmer,XGB,guided,410001000,3,0,0,120,24,5.0,1624458.5921325053
kmer,XGB,guided,410001000,3,1,10,130,28,5.0,1624458.5921325053
kmer,XGB,guided,410001000,3,2,10,140,31,6.0,1624458.5921325053
kmer,XGB,AL,410001000,4,0,0,120,24,7.0,1787362.2572815537
kmer,XGB,AL,410001000,4,1,10,130,25,7.0,1787362.2572815537
kmer,XGB,AL,410001000,4,2,10,140,25,7.0,1787362.2572815537
kmer,XGB,greedy,410001000,4,0,0,120,24,7.0,1787362.2572815537
kmer,XGB,greedy,410001000,4,1,10,130,29,8.0,1787362.2572815537
kmer,XGB,greedy,410001000,4,2,10,140,33,10.0,1787362.2572815537
kmer,XGB,guided,410001000,4,0,0,120,24,7.0,1787362.2572815537
kmer,XGB,guided,410001000,4,1,10,130,28,7.0,1787362.2572815537
kmer,XGB,guided,410001000,4,2,10,140,35,9.0,1787362.2572815537
kmer,XGB,AL,410001000,5,0,0,120,24,5.0,1741740.740740741
kmer,XGB,AL,410001000,5,1,10,130,24,5.0,1741740.740740741
kmer,XGB,AL,410001000,5,2,10,140,25,5.0,1741740.740740741
kmer,XGB,greedy,410001000,5,0,0,120,24,5.0,1741740.740740741
kmer,XGB,greedy,410001000,5,1,10,130,26,5.0,1741740.740740741
kmer,XGB,greedy,410001000,5,2,10,140,27,5.0,1741740.740740741
kmer,XGB,guided,410001000,5,0,0,120,24,5.0,1741740.740740741
kmer,XGB,guided,410001000,5,1,10,130,30,7.0,1781776.380153739
kmer,XGB,guided,410001000,5,2,10,140,30,7.0,1781776.380153739
kmer,XGB,AL,410001000,6,0,0,120,24,4.0,1470439.1005621487
kmer,XGB,AL,410001000,6,1,10,130,26,4.0,1470439.1005621487
kmer,XGB,AL,410001000,6,2,10,140,26,4.0,1470439.1005621487
kmer,XGB,greedy,410001000,6,0,0,120,24,4.0,1470439.1005621487
kmer,XGB,greedy,410001000,6,1,10,130,28,4.0,1470439.1005621487
kmer,XGB,greedy,410001000,6,2,10,140,31,6.0,1470439.1005621487
kmer,XGB,guided,410001000,6,0,0,120,24,4.0,1470439.1005621487
kmer,XGB,guided,410001000,6,1,10,130,30,5.0,1716200.0000000002
kmer,XGB,guided,410001000,6,2,10,140,32,6.0,1716200.0000000002
kmer,XGB,AL,410001000,7,0,0,120,24,5.0,1787362.2572815537
kmer,XGB,AL,410001000,7,1,10,130,24,5.0,1787362.2572815537
kmer,XGB,AL,410001000,7,2,10,140,24,5.0,1787362.2572815537
kmer,XGB,greedy,410001000,7,0,0,120,24,5.0,1787362.2572815537
kmer,XGB,greedy,410001000,7,1,10,130,25,5.0,1787362.2572815537
kmer,XGB,greedy,410001000,7,2,10,140,26,5.0,1787362.2572815537
kmer,XGB,guided,410001000,7,0,0,120,24,5.0,1787362.2572815537
kmer,XGB,guided,410001000,7,1,10,130,27,7.0,1787362.2572815537
kmer,XGB,guided,410001000,7,2,10,140,28,8.0,1787362.2572815537
kmer,XGB,AL,410001000,8,0,0,120,24,3.0,1781776.380153739
kmer,XGB,AL,410001000,8,1,10,130,25,3.0,1781776.380153739
kmer,XGB,AL,410001000,8,2,10,140,27,4.0,1781776.380153739
kmer,XGB,greedy,410001000,8,0,0,120,24,3.0,1781776.380153739
kmer,XGB,greedy,410001000,8,1,10,130,28,4.0,1781776.380153739
kmer,XGB,greedy,410001000,8,2,10,140,28,4.0,1781776.380153739
kmer,XGB,guided,410001000,8,0,0,120,24,3.0,1781776.380153739
kmer,XGB,guided,410001000,8,1,10,130,29,5.0,1781776.380153739
kmer,XGB,guided,410001000,8,2,10,140,30,5.0,1781776.380153739
kmer,XGB,AL,410001000,9,0,0,120,24,6.0,1624458.5921325053
kmer,XGB,AL,410001000,9,1,10,130,27,7.0,1716200.0000000002
kmer,XGB,AL,410001000,9,2,10,140,29,7.0,1716200.0000000002
kmer,XGB,greedy,410001000,9,0,0,120,24,6.0,1624458.5921325053
kmer,XGB,greedy,410001000,9,1,10,130,26,7.0,1624458.5921325053
kmer,XGB,greedy,410001000,9,2,10,140,31,7.0,1624458.5921325053
kmer,XGB,guided,410001000,9,0,0,120,24,6.0,1624458.5921325053
kmer,XGB,guided,410001000,9,1,10,130,28,7.0,1624458.5921325053
kmer,XGB,guided,410001000,9,2,10,140,32,8.0,1624458.5921325053
kmer,XGB,AL,410001000,10,0,0,120,24,8.0,1716200.0000000002
kmer,XGB,AL,410001000,10,1,10,130,25,8.0,1716200.0000000002
kmer,XGB,AL,410001000,10,2,10,140,25,8.0,1716200.0000000002
kmer,XGB,greedy,410001000,10,0,0,120,24,8.0,1716200.0000000002
kmer,XGB,greedy,410001000,10,1,10,130,27,9.0,1781776.380153739
kmer,XGB,greedy,410001000,10,2,10,140,30,11.0,1781776.380153739
kmer,XGB,guided,410001000,10,0,0,120,24,8.0,1716200.0000000002
kmer,XGB,guided,410001000,10,1,10,130,30,10.0,1781776.380153739
kmer,XGB,guided,410001000,10,2,10,140,33,10.0,1781776.380153739
kmer,XGB,AL,410001000,11,0,0,120,24,5.0,1741740.740740741
kmer,XGB,AL,410001000,11,1,10,130,25,6.0,1741740.740740741
kmer,XGB,AL,410001000,11,2,10,140,26,6.0,1741740.740740741
kmer,XGB,greedy,410001000,11,0,0,120,24,5.0,1741740.740740741
kmer,XGB,greedy,410001000,11,1,10,130,27,5.0,1741740.740740741
kmer,XGB,greedy,410001000,11,2,10,140,27,5.0,1741740.740740741
kmer,XGB,guided,410001000,11,0,0,120,24,5.0,1741740.740740741
kmer,XGB,guided,410001000,11,1,10,130,29,6.0,1741740.740740741
kmer,XGB,guided,410001000,11,2,10,140,29,6.0,1741740.740740741
kmer,XGB,AL,410001000,12,0,0,120,24,7.0,1716200.0000000002
kmer,XGB,AL,410001000,12,1,10,130,25,7.0,1716200.0000000002
kmer,XGB,AL,410001000,12,2,10,140,25,7.0,1716200.0000000002
kmer,XGB,greedy,410001000,12,0,0,120,24,7.0,1716200.0000000002
kmer,XGB,greedy,410001000,12,1,10,130,25,7.0,1716200.0000000002
kmer,XGB,greedy,410001000,12,2,10,140,27,8.0,1716200.0000000002
kmer,XGB,guided,410001000,12,0,0,120,24,7.0,1716200.0000000002
kmer,XGB,guided,410001000,12,1,10,130,25,8.0,1716200.0000000002
kmer,XGB,guided,410001000,12,2,10,140,27,8.0,1716200.0000000002
kmer,XGB,AL,410001000,13,0,0,120,24,3.0,1534929.0322580645
kmer,XGB,AL,410001000,13,1,10,130,24,3.0,1534929.0322580645
kmer,XGB,AL,410001000,13,2,10,140,24,3.0,1534929.0322580645
kmer,XGB,greedy,410001000,13,0,0,120,24,3.0,1534929.0322580645
kmer,XGB,greedy,410001000,13,1,10,130,27,4.0,1534929.0322580645
kmer,XGB,greedy,410001000,13,2,10,140,30,4.0,1534929.0322580645
kmer,XGB,guided,410001000,13,0,0,120,24,3.0,1534929.0322580645
kmer,XGB,guided,410001000,13,1,10,130,29,5.0,1781776.380153739
kmer,XGB,guided,410001000,13,2,10,140,31,6.0,1781776.380153739
kmer,XGB,AL,410001000,14,0,0,120,24,6.0,1646742.3208191127
kmer,XGB,AL,410001000,14,1,10,130,27,8.0,1716200.0000000002
kmer,XGB,AL,410001000,14,2,10,140,30,9.0,1787362.2572815537
kmer,XGB,greedy,410001000,14,0,0,120,24,6.0,1646742.3208191127
kmer,XGB,greedy,410001000,14,1,10,130,28,6.0,1646742.3208191127
kmer,XGB,greedy,410001000,14,2,10,140,31,7.0,1646742.3208191127
kmer,XGB,guided,410001000,14,0,0,120,24,6.0,1646742.3208191127
kmer,XGB,guided,410001000,14,1,10,130,30,9.0,1781776.380153739
kmer,XGB,guided,410001000,14,2,10,140,30,9.0,1781776.380153739
kmer,XGB,AL,410002000,0,0,0,120,24,8.0,1646742.3208191127
kmer,XGB,AL,410002000,0,1,10,130,26,8.0,1646742.3208191127
kmer,XGB,AL,410002000,0,2,10,140,30,9.0,1716200.0000000002
kmer,XGB,greedy,410002000,0,0,0,120,24,8.0,1646742.3208191127
kmer,XGB,greedy,410002000,0,1,10,130,25,8.0,1646742.3208191127
kmer,XGB,greedy,410002000,0,2,10,140,28,8.0,1646742.3208191127
kmer,XGB,guided,410002000,0,0,0,120,24,8.0,1646742.3208191127
kmer,XGB,guided,410002000,0,1,10,130,30,10.0,1781776.380153739
kmer,XGB,guided,410002000,0,2,10,140,33,10.0,1781776.380153739
kmer,XGB,AL,410002000,1,0,0,120,24,6.0,1643030.692362598
kmer,XGB,AL,410002000,1,1,10,130,26,6.0,1643030.692362598
kmer,XGB,AL,410002000,1,2,10,140,30,7.0,1716200.0000000002
kmer,XGB,greedy,410002000,1,0,0,120,24,6.0,1643030.692362598
kmer,XGB,greedy,410002000,1,1,10,130,28,6.0,1643030.692362598
kmer,XGB,greedy,410002000,1,2,10,140,33,6.0,1643030.692362598
kmer,XGB,guided,410002000,1,0,0,120,24,6.0,1643030.692362598
kmer,XGB,guided,410002000,1,1,10,130,27,6.0,1643030.692362598
kmer,XGB,guided,410002000,1,2,10,140,32,6.0,1643030.692362598
kmer,XGB,AL,410002000,2,0,0,120,24,8.0,1741740.740740741
kmer,XGB,AL,410002000,2,1,10,130,25,9.0,1787362.2572815537
kmer,XGB,AL,410002000,2,2,10,140,25,9.0,1787362.2572815537
kmer,XGB,greedy,410002000,2,0,0,120,24,8.0,1741740.740740741
kmer,XGB,greedy,410002000,2,1,10,130,24,8.0,1741740.740740741
kmer,XGB,greedy,410002000,2,2,10,140,26,9.0,1741740.740740741
kmer,XGB,guided,410002000,2,0,0,120,24,8.0,1741740.740740741
kmer,XGB,guided,410002000,2,1,10,130,26,10.0,1741740.740740741
kmer,XGB,guided,410002000,2,2,10,140,27,10.0,1741740.740740741
kmer,XGB,AL,410002000,3,0,0,120,24,7.0,1741740.740740741
kmer,XGB,AL,410002000,3,1,10,130,25,7.0,1741740.740740741
kmer,XGB,AL,410002000,3,2,10,140,26,7.0,1741740.740740741
kmer,XGB,greedy,410002000,3,0,0,120,24,7.0,1741740.740740741
kmer,XGB,greedy,410002000,3,1,10,130,26,7.0,1741740.740740741
kmer,XGB,greedy,410002000,3,2,10,140,29,7.0,1741740.740740741
kmer,XGB,guided,410002000,3,0,0,120,24,7.0,1741740.740740741
kmer,XGB,guided,410002000,3,1,10,130,30,9.0,1741740.740740741
kmer,XGB,guided,410002000,3,2,10,140,31,9.0,1741740.740740741
kmer,XGB,AL,410002000,4,0,0,120,24,11.0,1741740.740740741
kmer,XGB,AL,410002000,4,1,10,130,26,12.0,1781776.380153739
kmer,XGB,AL,410002000,4,2,10,140,26,12.0,1781776.380153739
kmer,XGB,greedy,410002000,4,0,0,120,24,11.0,1741740.740740741
kmer,XGB,greedy,410002000,4,1,10,130,26,12.0,1741740.740740741
kmer,XGB,greedy,410002000,4,2,10,140,29,14.0,1741740.740740741
kmer,XGB,guided,410002000,4,0,0,120,24,11.0,1741740.740740741
kmer,XGB,guided,410002000,4,1,10,130,27,13.0,1741740.740740741
kmer,XGB,guided,410002000,4,2,10,140,29,14.0,1741740.740740741
kmer,XGB,AL,410002000,5,0,0,120,24,4.0,1787362.2572815537
kmer,XGB,AL,410002000,5,1,10,130,25,4.0,1787362.2572815537
kmer,XGB,AL,410002000,5,2,10,140,26,5.0,1787362.2572815537
kmer,XGB,greedy,410002000,5,0,0,120,24,4.0,1787362.2572815537
kmer,XGB,greedy,410002000,5,1,10,130,28,5.0,1787362.2572815537
kmer,XGB,greedy,410002000,5,2,10,140,30,7.0,1787362.2572815537
kmer,XGB,guided,410002000,5,0,0,120,24,4.0,1787362.2572815537
kmer,XGB,guided,410002000,5,1,10,130,28,5.0,1787362.2572815537
kmer,XGB,guided,410002000,5,2,10,140,31,7.0,1787362.2572815537
kmer,XGB,AL,410002000,6,0,0,120,24,5.0,1646742.3208191127
kmer,XGB,AL,410002000,6,1,10,130,25,5.0,1646742.3208191127
kmer,XGB,AL,410002000,6,2,10,140,26,5.0,1646742.3208191127
kmer,XGB,greedy,410002000,6,0,0,120,24,5.0,1646742.3208191127
kmer,XGB,greedy,410002000,6,1,10,130,25,6.0,1646742.3208191127
kmer,XGB,greedy,410002000,6,2,10,140,27,6.0,1646742.3208191127
kmer,XGB,guided,410002000,6,0,0,120,24,5.0,1646742.3208191127
kmer,XGB,guided,410002000,6,1,10,130,28,7.0,1741740.740740741
kmer,XGB,guided,410002000,6,2,10,140,31,8.0,1741740.740740741
kmer,XGB,AL,410002000,7,0,0,120,24,7.0,1781776.380153739
kmer,XGB,AL,410002000,7,1,10,130,27,9.0,1781776.380153739
kmer,XGB,AL,410002000,7,2,10,140,29,9.0,1781776.380153739
kmer,XGB,greedy,410002000,7,0,0,120,24,7.0,1781776.380153739
kmer,XGB,greedy,410002000,7,1,10,130,28,7.0,1781776.380153739
kmer,XGB,greedy,410002000,7,2,10,140,30,7.0,1781776.380153739
kmer,XGB,guided,410002000,7,0,0,120,24,7.0,1781776.380153739
kmer,XGB,guided,410002000,7,1,10,130,28,7.0,1781776.380153739
kmer,XGB,guided,410002000,7,2,10,140,32,7.0,1781776.380153739
kmer,XGB,AL,410002000,8,0,0,120,24,6.0,1787362.2572815537
kmer,XGB,AL,410002000,8,1,10,130,25,7.0,1787362.2572815537
kmer,XGB,AL,410002000,8,2,10,140,28,7.0,1787362.2572815537
kmer,XGB,greedy,410002000,8,0,0,120,24,6.0,1787362.2572815537
kmer,XGB,greedy,410002000,8,1,10,130,27,7.0,1787362.2572815537
kmer,XGB,greedy,410002000,8,2,10,140,30,8.0,1787362.2572815537
kmer,XGB,guided,410002000,8,0,0,120,24,6.0,1787362.2572815537
kmer,XGB,guided,410002000,8,1,10,130,31,8.0,1787362.2572815537
kmer,XGB,guided,410002000,8,2,10,140,34,9.0,1787362.2572815537
kmer,XGB,AL,410002000,9,0,0,120,24,5.0,1624458.5921325053
kmer,XGB,AL,410002000,9,1,10,130,25,6.0,1716200.0000000002
kmer,XGB,AL,410002000,9,2,10,140,26,6.0,1716200.0000000002
kmer,XGB,greedy,410002000,9,0,0,120,24,5.0,1624458.5921325053
kmer,XGB,greedy,410002000,9,1,10,130,26,5.0,1624458.5921325053
kmer,XGB,greedy,410002000,9,2,10,140,29,6.0,1624458.5921325053
kmer,XGB,guided,410002000,9,0,0,120,24,5.0,1624458.5921325053
kmer,XGB,guided,410002000,9,1,10,130,26,6.0,1624458.5921325053
kmer,XGB,guided,410002000,9,2,10,140,28,6.0,1624458.5921325053
kmer,XGB,AL,410002000,10,0,0,120,24,9.0,1781776.380153739
kmer,XGB,AL,410002000,10,1,10,130,27,10.0,1787362.2572815537
kmer,XGB,AL,410002000,10,2,10,140,29,10.0,1787362.2572815537
kmer,XGB,greedy,410002000,10,0,0,120,24,9.0,1781776.380153739
kmer,XGB,greedy,410002000,10,1,10,130,27,10.0,1781776.380153739
kmer,XGB,greedy,410002000,10,2,10,140,31,10.0,1781776.380153739
kmer,XGB,guided,410002000,10,0,0,120,24,9.0,1781776.380153739
kmer,XGB,guided,410002000,10,1,10,130,29,10.0,1781776.380153739
kmer,XGB,guided,410002000,10,2,10,140,32,10.0,1781776.380153739
kmer,XGB,AL,410002000,11,0,0,120,24,9.0,1741740.740740741
kmer,XGB,AL,410002000,11,1,10,130,27,9.0,1741740.740740741
kmer,XGB,AL,410002000,11,2,10,140,30,10.0,1741740.740740741
kmer,XGB,greedy,410002000,11,0,0,120,24,9.0,1741740.740740741
kmer,XGB,greedy,410002000,11,1,10,130,25,10.0,1741740.740740741
kmer,XGB,greedy,410002000,11,2,10,140,29,10.0,1741740.740740741
kmer,XGB,guided,410002000,11,0,0,120,24,9.0,1741740.740740741
kmer,XGB,guided,410002000,11,1,10,130,27,10.0,1741740.740740741
kmer,XGB,guided,410002000,11,2,10,140,30,12.0,1781776.380153739
kmer,XGB,AL,410002000,12,0,0,120,24,4.0,1568230.9482257126
kmer,XGB,AL,410002000,12,1,10,130,27,4.0,1568230.9482257126
kmer,XGB,AL,410002000,12,2,10,140,29,4.0,1568230.9482257126
kmer,XGB,greedy,410002000,12,0,0,120,24,4.0,1568230.9482257126
kmer,XGB,greedy,410002000,12,1,10,130,30,6.0,1568230.9482257126
kmer,XGB,greedy,410002000,12,2,10,140,34,6.0,1568230.9482257126
kmer,XGB,guided,410002000,12,0,0,120,24,4.0,1568230.9482257126
kmer,XGB,guided,410002000,12,1,10,130,30,6.0,1716200.0000000002
kmer,XGB,guided,410002000,12,2,10,140,34,6.0,1716200.0000000002
kmer,XGB,AL,410002000,13,0,0,120,24,6.0,1781776.380153739
kmer,XGB,AL,410002000,13,1,10,130,24,6.0,1781776.380153739
kmer,XGB,AL,410002000,13,2,10,140,25,7.0,1787362.2572815537
kmer,XGB,greedy,410002000,13,0,0,120,24,6.0,1781776.380153739
kmer,XGB,greedy,410002000,13,1,10,130,27,6.0,1781776.380153739
kmer,XGB,greedy,410002000,13,2,10,140,31,6.0,1781776.380153739
kmer,XGB,guided,410002000,13,0,0,120,24,6.0,1781776.380153739
kmer,XGB,guided,410002000,13,1,10,130,28,6.0,1781776.380153739
kmer,XGB,guided,410002000,13,2,10,140,30,6.0,1781776.380153739
kmer,XGB,AL,410002000,14,0,0,120,24,6.0,1470439.1005621487
kmer,XGB,AL,410002000,14,1,10,130,26,7.0,1716200.0000000002
kmer,XGB,AL,410002000,14,2,10,140,27,7.0,1716200.0000000002
kmer,XGB,greedy,410002000,14,0,0,120,24,6.0,1470439.1005621487
kmer,XGB,greedy,410002000,14,1,10,130,27,6.0,1470439.1005621487
kmer,XGB,greedy,410002000,14,2,10,140,32,6.0,1470439.1005621487
kmer,XGB,guided,410002000,14,0,0,120,24,6.0,1470439.1005621487
kmer,XGB,guided,410002000,14,1,10,130,31,9.0,1781776.380153739
kmer,XGB,guided,410002000,14,2,10,140,33,9.0,1781776.380153739
kmer,XGB,AL,410003000,0,0,0,120,24,7.0,1781776.380153739
kmer,XGB,AL,410003000,0,1,10,130,27,7.0,1781776.380153739
kmer,XGB,AL,410003000,0,2,10,140,29,8.0,1781776.380153739
kmer,XGB,greedy,410003000,0,0,0,120,24,7.0,1781776.380153739
kmer,XGB,greedy,410003000,0,1,10,130,28,7.0,1781776.380153739
kmer,XGB,greedy,410003000,0,2,10,140,29,7.0,1781776.380153739
kmer,XGB,guided,410003000,0,0,0,120,24,7.0,1781776.380153739
kmer,XGB,guided,410003000,0,1,10,130,29,7.0,1781776.380153739
kmer,XGB,guided,410003000,0,2,10,140,33,7.0,1781776.380153739
kmer,XGB,AL,410003000,1,0,0,120,24,5.0,1741740.740740741
kmer,XGB,AL,410003000,1,1,10,130,25,6.0,1741740.740740741
kmer,XGB,AL,410003000,1,2,10,140,26,6.0,1741740.740740741
kmer,XGB,greedy,410003000,1,0,0,120,24,5.0,1741740.740740741
kmer,XGB,greedy,410003000,1,1,10,130,26,7.0,1741740.740740741
kmer,XGB,greedy,410003000,1,2,10,140,30,8.0,1741740.740740741
kmer,XGB,guided,410003000,1,0,0,120,24,5.0,1741740.740740741
kmer,XGB,guided,410003000,1,1,10,130,29,7.0,1741740.740740741
kmer,XGB,guided,410003000,1,2,10,140,32,8.0,1741740.740740741
kmer,XGB,AL,410003000,2,0,0,120,24,9.0,1787362.2572815537
kmer,XGB,AL,410003000,2,1,10,130,28,9.0,1787362.2572815537
kmer,XGB,AL,410003000,2,2,10,140,31,10.0,1787362.2572815537
kmer,XGB,greedy,410003000,2,0,0,120,24,9.0,1787362.2572815537
kmer,XGB,greedy,410003000,2,1,10,130,26,9.0,1787362.2572815537
kmer,XGB,greedy,410003000,2,2,10,140,30,11.0,1787362.2572815537
kmer,XGB,guided,410003000,2,0,0,120,24,9.0,1787362.2572815537
kmer,XGB,guided,410003000,2,1,10,130,28,9.0,1787362.2572815537
kmer,XGB,guided,410003000,2,2,10,140,31,10.0,1787362.2572815537
kmer,XGB,AL,410003000,3,0,0,120,24,4.0,1787362.2572815537
kmer,XGB,AL,410003000,3,1,10,130,25,4.0,1787362.2572815537
kmer,XGB,AL,410003000,3,2,10,140,27,5.0,1787362.2572815537
kmer,XGB,greedy,410003000,3,0,0,120,24,4.0,1787362.2572815537
kmer,XGB,greedy,410003000,3,1,10,130,24,4.0,1787362.2572815537
kmer,XGB,greedy,410003000,3,2,10,140,28,4.0,1787362.2572815537
kmer,XGB,guided,410003000,3,0,0,120,24,4.0,1787362.2572815537
kmer,XGB,guided,410003000,3,1,10,130,28,6.0,1787362.2572815537
kmer,XGB,guided,410003000,3,2,10,140,30,6.0,1787362.2572815537
kmer,XGB,AL,410003000,4,0,0,120,24,4.0,1534929.0322580645
kmer,XGB,AL,410003000,4,1,10,130,26,4.0,1534929.0322580645
kmer,XGB,AL,410003000,4,2,10,140,27,4.0,1534929.0322580645
kmer,XGB,greedy,410003000,4,0,0,120,24,4.0,1534929.0322580645
kmer,XGB,greedy,410003000,4,1,10,130,26,5.0,1534929.0322580645
kmer,XGB,greedy,410003000,4,2,10,140,30,6.0,1534929.0322580645
kmer,XGB,guided,410003000,4,0,0,120,24,4.0,1534929.0322580645
kmer,XGB,guided,410003000,4,1,10,130,28,5.0,1534929.0322580645
kmer,XGB,guided,410003000,4,2,10,140,31,5.0,1534929.0322580645
kmer,XGB,AL,410003000,5,0,0,120,24,0.0,1356279.4029850746
kmer,XGB,AL,410003000,5,1,10,130,26,1.0,1470439.1005621487
kmer,XGB,AL,410003000,5,2,10,140,27,1.0,1470439.1005621487
kmer,XGB,greedy,410003000,5,0,0,120,24,0.0,1356279.4029850746
kmer,XGB,greedy,410003000,5,1,10,130,28,1.0,1534929.0322580645
kmer,XGB,greedy,410003000,5,2,10,140,31,2.0,1534929.0322580645
kmer,XGB,guided,410003000,5,0,0,120,24,0.0,1356279.4029850746
kmer,XGB,guided,410003000,5,1,10,130,30,2.0,1624458.5921325053
kmer,XGB,guided,410003000,5,2,10,140,32,2.0,1624458.5921325053
kmer,XGB,AL,410003000,6,0,0,120,24,5.0,1643030.692362598
kmer,XGB,AL,410003000,6,1,10,130,25,6.0,1716200.0000000002
kmer,XGB,AL,410003000,6,2,10,140,27,6.0,1716200.0000000002
kmer,XGB,greedy,410003000,6,0,0,120,24,5.0,1643030.692362598
kmer,XGB,greedy,410003000,6,1,10,130,28,7.0,1643030.692362598
kmer,XGB,greedy,410003000,6,2,10,140,31,8.0,1781776.380153739
kmer,XGB,guided,410003000,6,0,0,120,24,5.0,1643030.692362598
kmer,XGB,guided,410003000,6,1,10,130,29,7.0,1643030.692362598
kmer,XGB,guided,410003000,6,2,10,140,32,8.0,1781776.380153739
kmer,XGB,AL,410003000,7,0,0,120,24,7.0,1781776.380153739
kmer,XGB,AL,410003000,7,1,10,130,25,7.0,1781776.380153739
kmer,XGB,AL,410003000,7,2,10,140,26,7.0,1781776.380153739
kmer,XGB,greedy,410003000,7,0,0,120,24,7.0,1781776.380153739
kmer,XGB,greedy,410003000,7,1,10,130,29,7.0,1781776.380153739
kmer,XGB,greedy,410003000,7,2,10,140,34,9.0,1781776.380153739
kmer,XGB,guided,410003000,7,0,0,120,24,7.0,1781776.380153739
kmer,XGB,guided,410003000,7,1,10,130,29,7.0,1781776.380153739
kmer,XGB,guided,410003000,7,2,10,140,34,9.0,1781776.380153739
kmer,XGB,AL,410003000,8,0,0,120,24,8.0,1781776.380153739
kmer,XGB,AL,410003000,8,1,10,130,28,9.0,1781776.380153739
kmer,XGB,AL,410003000,8,2,10,140,29,9.0,1781776.380153739
kmer,XGB,greedy,410003000,8,0,0,120,24,8.0,1781776.380153739
kmer,XGB,greedy,410003000,8,1,10,130,24,8.0,1781776.380153739
kmer,XGB,greedy,410003000,8,2,10,140,26,10.0,1781776.380153739
kmer,XGB,guided,410003000,8,0,0,120,24,8.0,1781776.380153739
kmer,XGB,guided,410003000,8,1,10,130,28,10.0,1781776.380153739
kmer,XGB,guided,410003000,8,2,10,140,28,10.0,1781776.380153739
kmer,XGB,AL,410003000,9,0,0,120,24,4.0,1572010.7095046854
kmer,XGB,AL,410003000,9,1,10,130,25,4.0,1572010.7095046854
kmer,XGB,AL,410003000,9,2,10,140,27,5.0,1572010.7095046854
kmer,XGB,greedy,410003000,9,0,0,120,24,4.0,1572010.7095046854
kmer,XGB,greedy,410003000,9,1,10,130,26,4.0,1572010.7095046854
kmer,XGB,greedy,410003000,9,2,10,140,27,4.0,1572010.7095046854
kmer,XGB,guided,410003000,9,0,0,120,24,4.0,1572010.7095046854
kmer,XGB,guided,410003000,9,1,10,130,28,5.0,1716200.0000000002
kmer,XGB,guided,410003000,9,2,10,140,29,5.0,1716200.0000000002
kmer,XGB,AL,410003000,10,0,0,120,24,5.0,1787362.2572815537
kmer,XGB,AL,410003000,10,1,10,130,24,5.0,1787362.2572815537
kmer,XGB,AL,410003000,10,2,10,140,25,5.0,1787362.2572815537
kmer,XGB,greedy,410003000,10,0,0,120,24,5.0,1787362.2572815537
kmer,XGB,greedy,410003000,10,1,10,130,28,6.0,1787362.2572815537
kmer,XGB,greedy,410003000,10,2,10,140,33,7.0,1787362.2572815537
kmer,XGB,guided,410003000,10,0,0,120,24,5.0,1787362.2572815537
kmer,XGB,guided,410003000,10,1,10,130,29,6.0,1787362.2572815537
kmer,XGB,guided,410003000,10,2,10,140,34,8.0,1787362.2572815537
kmer,XGB,AL,410003000,11,0,0,120,24,4.0,1534929.0322580645
kmer,XGB,AL,410003000,11,1,10,130,24,4.0,1534929.0322580645
kmer,XGB,AL,410003000,11,2,10,140,24,4.0,1534929.0322580645
kmer,XGB,greedy,410003000,11,0,0,120,24,4.0,1534929.0322580645
kmer,XGB,greedy,410003000,11,1,10,130,26,4.0,1534929.0322580645
kmer,XGB,greedy,410003000,11,2,10,140,30,6.0,1534929.0322580645
kmer,XGB,guided,410003000,11,0,0,120,24,4.0,1534929.0322580645
kmer,XGB,guided,410003000,11,1,10,130,29,5.0,1781776.380153739
kmer,XGB,guided,410003000,11,2,10,140,32,6.0,1781776.380153739
kmer,XGB,AL,410003000,12,0,0,120,24,6.0,1716200.0000000002
kmer,XGB,AL,410003000,12,1,10,130,24,6.0,1716200.0000000002
kmer,XGB,AL,410003000,12,2,10,140,26,6.0,1716200.0000000002
kmer,XGB,greedy,410003000,12,0,0,120,24,6.0,1716200.0000000002
kmer,XGB,greedy,410003000,12,1,10,130,27,7.0,1716200.0000000002
kmer,XGB,greedy,410003000,12,2,10,140,29,7.0,1716200.0000000002
kmer,XGB,guided,410003000,12,0,0,120,24,6.0,1716200.0000000002
kmer,XGB,guided,410003000,12,1,10,130,29,6.0,1716200.0000000002
kmer,XGB,guided,410003000,12,2,10,140,31,7.0,1716200.0000000002
kmer,XGB,AL,410003000,13,0,0,120,24,3.0,1624458.5921325053
kmer,XGB,AL,410003000,13,1,10,130,27,3.0,1624458.5921325053
kmer,XGB,AL,410003000,13,2,10,140,29,5.0,1741740.740740741
kmer,XGB,greedy,410003000,13,0,0,120,24,3.0,1624458.5921325053
kmer,XGB,greedy,410003000,13,1,10,130,28,3.0,1624458.5921325053
kmer,XGB,greedy,410003000,13,2,10,140,28,3.0,1624458.5921325053
kmer,XGB,guided,410003000,13,0,0,120,24,3.0,1624458.5921325053
kmer,XGB,guided,410003000,13,1,10,130,29,5.0,1716200.0000000002
kmer,XGB,guided,410003000,13,2,10,140,31,5.0,1716200.0000000002
kmer,XGB,AL,410003000,14,0,0,120,24,5.0,1781776.380153739
kmer,XGB,AL,410003000,14,1,10,130,26,6.0,1781776.380153739
kmer,XGB,AL,410003000,14,2,10,140,26,6.0,1781776.380153739
kmer,XGB,greedy,410003000,14,0,0,120,24,5.0,1781776.380153739
kmer,XGB,greedy,410003000,14,1,10,130,26,7.0,1781776.380153739
kmer,XGB,greedy,410003000,14,2,10,140,31,7.0,1781776.380153739
kmer,XGB,guided,410003000,14,0,0,120,24,5.0,1781776.380153739
kmer,XGB,guided,410003000,14,1,10,130,30,9.0,1781776.380153739
kmer,XGB,guided,410003000,14,2,10,140,32,9.0,1781776.380153739
kmer,XGB,AL,410004000,0,0,0,120,24,5.0,1716200.0000000002
kmer,XGB,AL,410004000,0,1,10,130,25,5.0,1716200.0000000002
kmer,XGB,AL,410004000,0,2,10,140,25,5.0,1716200.0000000002
kmer,XGB,greedy,410004000,0,0,0,120,24,5.0,1716200.0000000002
kmer,XGB,greedy,410004000,0,1,10,130,27,5.0,1716200.0000000002
kmer,XGB,greedy,410004000,0,2,10,140,28,5.0,1716200.0000000002
kmer,XGB,guided,410004000,0,0,0,120,24,5.0,1716200.0000000002
kmer,XGB,guided,410004000,0,1,10,130,27,5.0,1716200.0000000002
kmer,XGB,guided,410004000,0,2,10,140,31,6.0,1716200.0000000002
kmer,XGB,AL,410004000,1,0,0,120,24,5.0,1741740.740740741
kmer,XGB,AL,410004000,1,1,10,130,24,5.0,1741740.740740741
kmer,XGB,AL,410004000,1,2,10,140,24,5.0,1741740.740740741
kmer,XGB,greedy,410004000,1,0,0,120,24,5.0,1741740.740740741
kmer,XGB,greedy,410004000,1,1,10,130,28,7.0,1781776.380153739
kmer,XGB,greedy,410004000,1,2,10,140,31,7.0,1781776.380153739
kmer,XGB,guided,410004000,1,0,0,120,24,5.0,1741740.740740741
kmer,XGB,guided,410004000,1,1,10,130,28,8.0,1781776.380153739
kmer,XGB,guided,410004000,1,2,10,140,30,8.0,1781776.380153739
kmer,XGB,AL,410004000,2,0,0,120,24,8.0,1787362.2572815537
kmer,XGB,AL,410004000,2,1,10,130,25,8.0,1787362.2572815537
kmer,XGB,AL,410004000,2,2,10,140,29,9.0,1787362.2572815537
kmer,XGB,greedy,410004000,2,0,0,120,24,8.0,1787362.2572815537
kmer,XGB,greedy,410004000,2,1,10,130,27,8.0,1787362.2572815537
kmer,XGB,greedy,410004000,2,2,10,140,30,8.0,1787362.2572815537
kmer,XGB,guided,410004000,2,0,0,120,24,8.0,1787362.2572815537
kmer,XGB,guided,410004000,2,1,10,130,26,8.0,1787362.2572815537
kmer,XGB,guided,410004000,2,2,10,140,30,9.0,1787362.2572815537
kmer,XGB,AL,410004000,3,0,0,120,24,4.0,1624458.5921325053
kmer,XGB,AL,410004000,3,1,10,130,25,4.0,1624458.5921325053
kmer,XGB,AL,410004000,3,2,10,140,26,4.0,1624458.5921325053
kmer,XGB,greedy,410004000,3,0,0,120,24,4.0,1624458.5921325053
kmer,XGB,greedy,410004000,3,1,10,130,31,5.0,1624458.5921325053
kmer,XGB,greedy,410004000,3,2,10,140,32,5.0,1624458.5921325053
kmer,XGB,guided,410004000,3,0,0,120,24,4.0,1624458.5921325053
kmer,XGB,guided,410004000,3,1,10,130,32,5.0,1624458.5921325053
kmer,XGB,guided,410004000,3,2,10,140,35,6.0,1624458.5921325053
kmer,XGB,AL,410004000,4,0,0,120,24,5.0,1716200.0000000002
kmer,XGB,AL,410004000,4,1,10,130,26,5.0,1716200.0000000002
kmer,XGB,AL,410004000,4,2,10,140,27,6.0,1787362.2572815537
kmer,XGB,greedy,410004000,4,0,0,120,24,5.0,1716200.0000000002
kmer,XGB,greedy,410004000,4,1,10,130,27,5.0,1716200.0000000002
kmer,XGB,greedy,410004000,4,2,10,140,29,5.0,1716200.0000000002
kmer,XGB,guided,410004000,4,0,0,120,24,5.0,1716200.0000000002
kmer,XGB,guided,410004000,4,1,10,130,27,6.0,1716200.0000000002
kmer,XGB,guided,410004000,4,2,10,140,28,6.0,1716200.0000000002
kmer,XGB,AL,410004000,5,0,0,120,24,8.0,1787362.2572815537
kmer,XGB,AL,410004000,5,1,10,130,25,9.0,1787362.2572815537
kmer,XGB,AL,410004000,5,2,10,140,28,9.0,1787362.2572815537
kmer,XGB,greedy,410004000,5,0,0,120,24,8.0,1787362.2572815537
kmer,XGB,greedy,410004000,5,1,10,130,27,8.0,1787362.2572815537
kmer,XGB,greedy,410004000,5,2,10,140,30,8.0,1787362.2572815537
kmer,XGB,guided,410004000,5,0,0,120,24,8.0,1787362.2572815537
kmer,XGB,guided,410004000,5,1,10,130,28,9.0,1787362.2572815537
kmer,XGB,guided,410004000,5,2,10,140,32,9.0,1787362.2572815537
kmer,XGB,AL,410004000,6,0,0,120,24,3.0,1781776.380153739
kmer,XGB,AL,410004000,6,1,10,130,28,4.0,1787362.2572815537
kmer,XGB,AL,410004000,6,2,10,140,31,5.0,1787362.2572815537
kmer,XGB,greedy,410004000,6,0,0,120,24,3.0,1781776.380153739
kmer,XGB,greedy,410004000,6,1,10,130,29,3.0,1781776.380153739
kmer,XGB,greedy,410004000,6,2,10,140,31,5.0,1781776.380153739
kmer,XGB,guided,410004000,6,0,0,120,24,3.0,1781776.380153739
kmer,XGB,guided,410004000,6,1,10,130,30,4.0,1781776.380153739
kmer,XGB,guided,410004000,6,2,10,140,31,4.0,1781776.380153739
kmer,XGB,AL,410004000,7,0,0,120,24,5.0,1787362.2572815537
kmer,XGB,AL,410004000,7,1,10,130,24,5.0,1787362.2572815537
kmer,XGB,AL,410004000,7,2,10,140,28,6.0,1787362.2572815537
kmer,XGB,greedy,410004000,7,0,0,120,24,5.0,1787362.2572815537
kmer,XGB,greedy,410004000,7,1,10,130,26,5.0,1787362.2572815537
kmer,XGB,greedy,410004000,7,2,10,140,27,5.0,1787362.2572815537
kmer,XGB,guided,410004000,7,0,0,120,24,5.0,1787362.2572815537
kmer,XGB,guided,410004000,7,1,10,130,29,7.0,1787362.2572815537
kmer,XGB,guided,410004000,7,2,10,140,30,7.0,1787362.2572815537
kmer,XGB,AL,410004000,8,0,0,120,24,6.0,1646742.3208191127
kmer,XGB,AL,410004000,8,1,10,130,26,7.0,1741740.740740741
kmer,XGB,AL,410004000,8,2,10,140,28,7.0,1741740.740740741
kmer,XGB,greedy,410004000,8,0,0,120,24,6.0,1646742.3208191127
kmer,XGB,greedy,410004000,8,1,10,130,28,7.0,1646742.3208191127
kmer,XGB,greedy,410004000,8,2,10,140,32,7.0,1646742.3208191127
kmer,XGB,guided,410004000,8,0,0,120,24,6.0,1646742.3208191127
kmer,XGB,guided,410004000,8,1,10,130,30,8.0,1741740.740740741
kmer,XGB,guided,410004000,8,2,10,140,35,9.0,1741740.740740741
kmer,XGB,AL,410004000,9,0,0,120,24,4.0,1781776.380153739
kmer,XGB,AL,410004000,9,1,10,130,26,6.0,1781776.380153739
kmer,XGB,AL,410004000,9,2,10,140,27,6.0,1781776.380153739
kmer,XGB,greedy,410004000,9,0,0,120,24,4.0,1781776.380153739
kmer,XGB,greedy,410004000,9,1,10,130,27,5.0,1781776.380153739
kmer,XGB,greedy,410004000,9,2,10,140,30,5.0,1781776.380153739
kmer,XGB,guided,410004000,9,0,0,120,24,4.0,1781776.380153739
kmer,XGB,guided,410004000,9,1,10,130,27,4.0,1781776.380153739
kmer,XGB,guided,410004000,9,2,10,140,30,5.0,1781776.380153739
kmer,XGB,AL,410004000,10,0,0,120,24,6.0,1572010.7095046854
kmer,XGB,AL,410004000,10,1,10,130,25,7.0,1716200.0000000002
kmer,XGB,AL,410004000,10,2,10,140,27,7.0,1716200.0000000002
kmer,XGB,greedy,410004000,10,0,0,120,24,6.0,1572010.7095046854
kmer,XGB,greedy,410004000,10,1,10,130,26,7.0,1624458.5921325053
kmer,XGB,greedy,410004000,10,2,10,140,30,8.0,1624458.5921325053
kmer,XGB,guided,410004000,10,0,0,120,24,6.0,1572010.7095046854
kmer,XGB,guided,410004000,10,1,10,130,28,7.0,1572010.7095046854
kmer,XGB,guided,410004000,10,2,10,140,31,7.0,1572010.7095046854
kmer,XGB,AL,410004000,11,0,0,120,24,8.0,1787362.2572815537
kmer,XGB,AL,410004000,11,1,10,130,26,8.0,1787362.2572815537
kmer,XGB,AL,410004000,11,2,10,140,26,8.0,1787362.2572815537
kmer,XGB,greedy,410004000,11,0,0,120,24,8.0,1787362.2572815537
kmer,XGB,greedy,410004000,11,1,10,130,26,9.0,1787362.2572815537
kmer,XGB,greedy,410004000,11,2,10,140,29,9.0,1787362.2572815537
kmer,XGB,guided,410004000,11,0,0,120,24,8.0,1787362.2572815537
kmer,XGB,guided,410004000,11,1,10,130,28,9.0,1787362.2572815537
kmer,XGB,guided,410004000,11,2,10,140,29,9.0,1787362.2572815537
kmer,XGB,AL,410004000,12,0,0,120,24,6.0,1781776.380153739
kmer,XGB,AL,410004000,12,1,10,130,26,6.0,1781776.380153739
kmer,XGB,AL,410004000,12,2,10,140,29,7.0,1781776.380153739
kmer,XGB,greedy,410004000,12,0,0,120,24,6.0,1781776.380153739
kmer,XGB,greedy,410004000,12,1,10,130,29,6.0,1781776.380153739
kmer,XGB,greedy,410004000,12,2,10,140,31,6.0,1781776.380153739
kmer,XGB,guided,410004000,12,0,0,120,24,6.0,1781776.380153739
kmer,XGB,guided,410004000,12,1,10,130,27,6.0,1781776.380153739
kmer,XGB,guided,410004000,12,2,10,140,29,6.0,1781776.380153739
kmer,XGB,AL,410004000,13,0,0,120,24,6.0,1646742.3208191127
kmer,XGB,AL,410004000,13,1,10,130,24,6.0,1646742.3208191127
kmer,XGB,AL,410004000,13,2,10,140,25,6.0,1646742.3208191127
kmer,XGB,greedy,410004000,13,0,0,120,24,6.0,1646742.3208191127
kmer,XGB,greedy,410004000,13,1,10,130,26,6.0,1646742.3208191127
kmer,XGB,greedy,410004000,13,2,10,140,29,7.0,1646742.3208191127
kmer,XGB,guided,410004000,13,0,0,120,24,6.0,1646742.3208191127
kmer,XGB,guided,410004000,13,1,10,130,29,7.0,1741740.740740741
kmer,XGB,guided,410004000,13,2,10,140,33,8.0,1741740.740740741
kmer,XGB,AL,410004000,14,0,0,120,24,6.0,1716200.0000000002
kmer,XGB,AL,410004000,14,1,10,130,25,6.0,1716200.0000000002
kmer,XGB,AL,410004000,14,2,10,140,27,6.0,1716200.0000000002
kmer,XGB,greedy,410004000,14,0,0,120,24,6.0,1716200.0000000002
kmer,XGB,greedy,410004000,14,1,10,130,30,7.0,1741740.740740741
kmer,XGB,greedy,410004000,14,2,10,140,33,8.0,1741740.740740741
kmer,XGB,guided,410004000,14,0,0,120,24,6.0,1716200.0000000002
kmer,XGB,guided,410004000,14,1,10,130,31,7.0,1741740.740740741
kmer,XGB,guided,410004000,14,2,10,140,37,7.0,1741740.740740741
kmer,XGB,AL,410005000,0,0,0,120,24,5.0,1787362.2572815537
kmer,XGB,AL,410005000,0,1,10,130,25,5.0,1787362.2572815537
kmer,XGB,AL,410005000,0,2,10,140,28,6.0,1787362.2572815537
kmer,XGB,greedy,410005000,0,0,0,120,24,5.0,1787362.2572815537
kmer,XGB,greedy,410005000,0,1,10,130,26,5.0,1787362.2572815537
kmer,XGB,greedy,410005000,0,2,10,140,29,6.0,1787362.2572815537
kmer,XGB,guided,410005000,0,0,0,120,24,5.0,1787362.2572815537
kmer,XGB,guided,410005000,0,1,10,130,29,6.0,1787362.2572815537
kmer,XGB,guided,410005000,0,2,10,140,31,7.0,1787362.2572815537
kmer,XGB,AL,410005000,1,0,0,120,24,6.0,1787362.2572815537
kmer,XGB,AL,410005000,1,1,10,130,24,6.0,1787362.2572815537
kmer,XGB,AL,410005000,1,2,10,140,27,7.0,1787362.2572815537
kmer,XGB,greedy,410005000,1,0,0,120,24,6.0,1787362.2572815537
kmer,XGB,greedy,410005000,1,1,10,130,26,7.0,1787362.2572815537
kmer,XGB,greedy,410005000,1,2,10,140,26,7.0,1787362.2572815537
kmer,XGB,guided,410005000,1,0,0,120,24,6.0,1787362.2572815537
kmer,XGB,guided,410005000,1,1,10,130,27,8.0,1787362.2572815537
kmer,XGB,guided,410005000,1,2,10,140,28,8.0,1787362.2572815537
kmer,XGB,AL,410005000,2,0,0,120,24,2.0,1470439.1005621487
kmer,XGB,AL,410005000,2,1,10,130,25,2.0,1470439.1005621487
kmer,XGB,AL,410005000,2,2,10,140,26,2.0,1470439.1005621487
kmer,XGB,greedy,410005000,2,0,0,120,24,2.0,1470439.1005621487
kmer,XGB,greedy,410005000,2,1,10,130,30,3.0,1470439.1005621487
kmer,XGB,greedy,410005000,2,2,10,140,33,4.0,1470439.1005621487
kmer,XGB,guided,410005000,2,0,0,120,24,2.0,1470439.1005621487
kmer,XGB,guided,410005000,2,1,10,130,30,4.0,1716200.0000000002
kmer,XGB,guided,410005000,2,2,10,140,34,5.0,1716200.0000000002
kmer,XGB,AL,410005000,3,0,0,120,24,5.0,1787362.2572815537
kmer,XGB,AL,410005000,3,1,10,130,25,5.0,1787362.2572815537
kmer,XGB,AL,410005000,3,2,10,140,27,5.0,1787362.2572815537
kmer,XGB,greedy,410005000,3,0,0,120,24,5.0,1787362.2572815537
kmer,XGB,greedy,410005000,3,1,10,130,27,6.0,1787362.2572815537
kmer,XGB,greedy,410005000,3,2,10,140,30,6.0,1787362.2572815537
kmer,XGB,guided,410005000,3,0,0,120,24,5.0,1787362.2572815537
kmer,XGB,guided,410005000,3,1,10,130,29,6.0,1787362.2572815537
kmer,XGB,guided,410005000,3,2,10,140,33,8.0,1787362.2572815537
kmer,XGB,AL,410005000,4,0,0,120,24,7.0,1787362.2572815537
kmer,XGB,AL,410005000,4,1,10,130,25,7.0,1787362.2572815537
kmer,XGB,AL,410005000,4,2,10,140,28,7.0,1787362.2572815537
kmer,XGB,greedy,410005000,4,0,0,120,24,7.0,1787362.2572815537
kmer,XGB,greedy,410005000,4,1,10,130,26,7.0,1787362.2572815537
kmer,XGB,greedy,410005000,4,2,10,140,28,7.0,1787362.2572815537
kmer,XGB,guided,410005000,4,0,0,120,24,7.0,1787362.2572815537
kmer,XGB,guided,410005000,4,1,10,130,29,8.0,1787362.2572815537
kmer,XGB,guided,410005000,4,2,10,140,31,8.0,1787362.2572815537
kmer,XGB,AL,410005000,5,0,0,120,24,8.0,1781776.380153739
kmer,XGB,AL,410005000,5,1,10,130,25,8.0,1781776.380153739
kmer,XGB,AL,410005000,5,2,10,140,26,9.0,1787362.2572815537
kmer,XGB,greedy,410005000,5,0,0,120,24,8.0,1781776.380153739
kmer,XGB,greedy,410005000,5,1,10,130,26,8.0,1781776.380153739
kmer,XGB,greedy,410005000,5,2,10,140,32,10.0,1781776.380153739
kmer,XGB,guided,410005000,5,0,0,120,24,8.0,1781776.380153739
kmer,XGB,guided,410005000,5,1,10,130,29,8.0,1781776.380153739
kmer,XGB,guided,410005000,5,2,10,140,31,9.0,1781776.380153739
kmer,XGB,AL,410005000,6,0,0,120,24,4.0,1741740.740740741
kmer,XGB,AL,410005000,6,1,10,130,24,4.0,1741740.740740741
kmer,XGB,AL,410005000,6,2,10,140,25,5.0,1741740.740740741
kmer,XGB,greedy,410005000,6,0,0,120,24,4.0,1741740.740740741
kmer,XGB,greedy,410005000,6,1,10,130,25,4.0,1741740.740740741
kmer,XGB,greedy,410005000,6,2,10,140,27,4.0,1741740.740740741
kmer,XGB,guided,410005000,6,0,0,120,24,4.0,1741740.740740741
kmer,XGB,guided,410005000,6,1,10,130,29,5.0,1781776.380153739
kmer,XGB,guided,410005000,6,2,10,140,30,5.0,1781776.380153739
kmer,XGB,AL,410005000,7,0,0,120,24,7.0,1716200.0000000002
kmer,XGB,AL,410005000,7,1,10,130,24,7.0,1716200.0000000002
kmer,XGB,AL,410005000,7,2,10,140,24,7.0,1716200.0000000002
kmer,XGB,greedy,410005000,7,0,0,120,24,7.0,1716200.0000000002
kmer,XGB,greedy,410005000,7,1,10,130,27,7.0,1716200.0000000002
kmer,XGB,greedy,410005000,7,2,10,140,31,8.0,1716200.0000000002
kmer,XGB,guided,410005000,7,0,0,120,24,7.0,1716200.0000000002
kmer,XGB,guided,410005000,7,1,10,130,29,7.0,1716200.0000000002
kmer,XGB,guided,410005000,7,2,10,140,31,7.0,1716200.0000000002
kmer,XGB,AL,410005000,8,0,0,120,24,10.0,1787362.2572815537
kmer,XGB,AL,410005000,8,1,10,130,25,10.0,1787362.2572815537
kmer,XGB,AL,410005000,8,2,10,140,25,10.0,1787362.2572815537
kmer,XGB,greedy,410005000,8,0,0,120,24,10.0,1787362.2572815537
kmer,XGB,greedy,410005000,8,1,10,130,26,11.0,1787362.2572815537
kmer,XGB,greedy,410005000,8,2,10,140,26,11.0,1787362.2572815537
kmer,XGB,guided,410005000,8,0,0,120,24,10.0,1787362.2572815537
kmer,XGB,guided,410005000,8,1,10,130,27,11.0,1787362.2572815537
kmer,XGB,guided,410005000,8,2,10,140,27,11.0,1787362.2572815537
kmer,XGB,AL,410005000,9,0,0,120,24,3.0,1716200.0000000002
kmer,XGB,AL,410005000,9,1,10,130,24,3.0,1716200.0000000002
kmer,XGB,AL,410005000,9,2,10,140,26,3.0,1716200.0000000002
kmer,XGB,greedy,410005000,9,0,0,120,24,3.0,1716200.0000000002
kmer,XGB,greedy,410005000,9,1,10,130,30,4.0,1716200.0000000002
kmer,XGB,greedy,410005000,9,2,10,140,35,8.0,1741740.740740741
kmer,XGB,guided,410005000,9,0,0,120,24,3.0,1716200.0000000002
kmer,XGB,guided,410005000,9,1,10,130,30,4.0,1716200.0000000002
kmer,XGB,guided,410005000,9,2,10,140,34,7.0,1741740.740740741
kmer,XGB,AL,410005000,10,0,0,120,24,5.0,1787362.2572815537
kmer,XGB,AL,410005000,10,1,10,130,25,5.0,1787362.2572815537
kmer,XGB,AL,410005000,10,2,10,140,27,5.0,1787362.2572815537
kmer,XGB,greedy,410005000,10,0,0,120,24,5.0,1787362.2572815537
kmer,XGB,greedy,410005000,10,1,10,130,31,5.0,1787362.2572815537
kmer,XGB,greedy,410005000,10,2,10,140,31,5.0,1787362.2572815537
kmer,XGB,guided,410005000,10,0,0,120,24,5.0,1787362.2572815537
kmer,XGB,guided,410005000,10,1,10,130,31,6.0,1787362.2572815537
kmer,XGB,guided,410005000,10,2,10,140,33,6.0,1787362.2572815537
kmer,XGB,AL,410005000,11,0,0,120,24,8.0,1787362.2572815537
kmer,XGB,AL,410005000,11,1,10,130,25,8.0,1787362.2572815537
kmer,XGB,AL,410005000,11,2,10,140,25,8.0,1787362.2572815537
kmer,XGB,greedy,410005000,11,0,0,120,24,8.0,1787362.2572815537
kmer,XGB,greedy,410005000,11,1,10,130,25,8.0,1787362.2572815537
kmer,XGB,greedy,410005000,11,2,10,140,26,8.0,1787362.2572815537
kmer,XGB,guided,410005000,11,0,0,120,24,8.0,1787362.2572815537
kmer,XGB,guided,410005000,11,1,10,130,26,8.0,1787362.2572815537
kmer,XGB,guided,410005000,11,2,10,140,27,8.0,1787362.2572815537
kmer,XGB,AL,410005000,12,0,0,120,24,6.0,1572010.7095046854
kmer,XGB,AL,410005000,12,1,10,130,26,6.0,1572010.7095046854
kmer,XGB,AL,410005000,12,2,10,140,27,6.0,1572010.7095046854
kmer,XGB,greedy,410005000,12,0,0,120,24,6.0,1572010.7095046854
kmer,XGB,greedy,410005000,12,1,10,130,25,6.0,1572010.7095046854
kmer,XGB,greedy,410005000,12,2,10,140,29,6.0,1572010.7095046854
kmer,XGB,guided,410005000,12,0,0,120,24,6.0,1572010.7095046854
kmer,XGB,guided,410005000,12,1,10,130,27,7.0,1572010.7095046854
kmer,XGB,guided,410005000,12,2,10,140,31,7.0,1572010.7095046854
kmer,XGB,AL,410005000,13,0,0,120,24,5.0,1787362.2572815537
kmer,XGB,AL,410005000,13,1,10,130,26,5.0,1787362.2572815537
kmer,XGB,AL,410005000,13,2,10,140,27,6.0,1787362.2572815537
kmer,XGB,greedy,410005000,13,0,0,120,24,5.0,1787362.2572815537
kmer,XGB,greedy,410005000,13,1,10,130,30,7.0,1787362.2572815537
kmer,XGB,greedy,410005000,13,2,10,140,33,7.0,1787362.2572815537
kmer,XGB,guided,410005000,13,0,0,120,24,5.0,1787362.2572815537
kmer,XGB,guided,410005000,13,1,10,130,31,8.0,1787362.2572815537
kmer,XGB,guided,410005000,13,2,10,140,34,9.0,1787362.2572815537
kmer,XGB,AL,410005000,14,0,0,120,24,4.0,1572010.7095046854
kmer,XGB,AL,410005000,14,1,10,130,25,4.0,1572010.7095046854
kmer,XGB,AL,410005000,14,2,10,140,26,4.0,1572010.7095046854
kmer,XGB,greedy,410005000,14,0,0,120,24,4.0,1572010.7095046854
kmer,XGB,greedy,410005000,14,1,10,130,30,4.0,1572010.7095046854
kmer,XGB,greedy,410005000,14,2,10,140,34,5.0,1572010.7095046854
kmer,XGB,guided,410005000,14,0,0,120,24,4.0,1572010.7095046854
kmer,XGB,guided,410005000,14,1,10,130,29,4.0,1572010.7095046854
kmer,XGB,guided,410005000,14,2,10,140,35,4.0,1572010.7095046854
kmer,GPR,AL,410001000,0,0,0,120,24,7.0,1781776.380153739
kmer,GPR,AL,410001000,0,1,10,130,26,7.0,1781776.380153739
kmer,GPR,AL,410001000,0,2,10,140,27,8.0,1781776.380153739
kmer,GPR,greedy,410001000,0,0,0,120,24,7.0,1781776.380153739
kmer,GPR,greedy,410001000,0,1,10,130,27,9.0,1781776.380153739
kmer,GPR,greedy,410001000,0,2,10,140,31,9.0,1781776.380153739
kmer,GPR,guided,410001000,0,0,0,120,24,7.0,1781776.380153739
kmer,GPR,guided,410001000,0,1,10,130,29,9.0,1781776.380153739
kmer,GPR,guided,410001000,0,2,10,140,31,9.0,1781776.380153739
kmer,GPR,AL,410001000,1,0,0,120,24,9.0,1781776.380153739
kmer,GPR,AL,410001000,1,1,10,130,27,9.0,1781776.380153739
kmer,GPR,AL,410001000,1,2,10,140,31,10.0,1781776.380153739
kmer,GPR,greedy,410001000,1,0,0,120,24,9.0,1781776.380153739
kmer,GPR,greedy,410001000,1,1,10,130,29,9.0,1781776.380153739
kmer,GPR,greedy,410001000,1,2,10,140,31,9.0,1781776.380153739
kmer,GPR,guided,410001000,1,0,0,120,24,9.0,1781776.380153739
kmer,GPR,guided,410001000,1,1,10,130,30,9.0,1781776.380153739
kmer,GPR,guided,410001000,1,2,10,140,32,9.0,1781776.380153739
kmer,GPR,AL,410001000,2,0,0,120,24,6.0,1741740.740740741
kmer,GPR,AL,410001000,2,1,10,130,27,6.0,1741740.740740741
kmer,GPR,AL,410001000,2,2,10,140,30,6.0,1741740.740740741
kmer,GPR,greedy,410001000,2,0,0,120,24,6.0,1741740.740740741
kmer,GPR,greedy,410001000,2,1,10,130,26,6.0,1741740.740740741
kmer,GPR,greedy,410001000,2,2,10,140,29,7.0,1741740.740740741
kmer,GPR,guided,410001000,2,0,0,120,24,6.0,1741740.740740741
kmer,GPR,guided,410001000,2,1,10,130,25,6.0,1741740.740740741
kmer,GPR,guided,410001000,2,2,10,140,27,7.0,1741740.740740741
kmer,GPR,AL,410001000,3,0,0,120,24,5.0,1624458.5921325053
kmer,GPR,AL,410001000,3,1,10,130,25,5.0,1624458.5921325053
kmer,GPR,AL,410001000,3,2,10,140,28,6.0,1624458.5921325053
kmer,GPR,greedy,410001000,3,0,0,120,24,5.0,1624458.5921325053
kmer,GPR,greedy,410001000,3,1,10,130,27,7.0,1643030.692362598
kmer,GPR,greedy,410001000,3,2,10,140,31,7.0,1643030.692362598
kmer,GPR,guided,410001000,3,0,0,120,24,5.0,1624458.5921325053
kmer,GPR,guided,410001000,3,1,10,130,28,6.0,1624458.5921325053
kmer,GPR,guided,410001000,3,2,10,140,32,8.0,1643030.692362598
kmer,GPR,AL,410001000,4,0,0,120,24,7.0,1787362.2572815537
kmer,GPR,AL,410001000,4,1,10,130,25,7.0,1787362.2572815537
kmer,GPR,AL,410001000,4,2,10,140,29,8.0,1787362.2572815537
kmer,GPR,greedy,410001000,4,0,0,120,24,7.0,1787362.2572815537
kmer,GPR,greedy,410001000,4,1,10,130,29,7.0,1787362.2572815537
kmer,GPR,greedy,410001000,4,2,10,140,33,8.0,1787362.2572815537
kmer,GPR,guided,410001000,4,0,0,120,24,7.0,1787362.2572815537
kmer,GPR,guided,410001000,4,1,10,130,28,7.0,1787362.2572815537
kmer,GPR,guided,410001000,4,2,10,140,30,8.0,1787362.2572815537
kmer,GPR,AL,410001000,5,0,0,120,24,5.0,1741740.740740741
kmer,GPR,AL,410001000,5,1,10,130,25,5.0,1741740.740740741
kmer,GPR,AL,410001000,5,2,10,140,27,6.0,1741740.740740741
kmer,GPR,greedy,410001000,5,0,0,120,24,5.0,1741740.740740741
kmer,GPR,greedy,410001000,5,1,10,130,26,6.0,1741740.740740741
kmer,GPR,greedy,410001000,5,2,10,140,29,6.0,1741740.740740741
kmer,GPR,guided,410001000,5,0,0,120,24,5.0,1741740.740740741
kmer,GPR,guided,410001000,5,1,10,130,29,7.0,1781776.380153739
kmer,GPR,guided,410001000,5,2,10,140,30,7.0,1781776.380153739
kmer,GPR,AL,410001000,6,0,0,120,24,4.0,1470439.1005621487
kmer,GPR,AL,410001000,6,1,10,130,26,4.0,1470439.1005621487
kmer,GPR,AL,410001000,6,2,10,140,29,4.0,1470439.1005621487
kmer,GPR,greedy,410001000,6,0,0,120,24,4.0,1470439.1005621487
kmer,GPR,greedy,410001000,6,1,10,130,28,5.0,1568230.9482257126
kmer,GPR,greedy,410001000,6,2,10,140,33,6.0,1568230.9482257126
kmer,GPR,guided,410001000,6,0,0,120,24,4.0,1470439.1005621487
kmer,GPR,guided,410001000,6,1,10,130,31,6.0,1716200.0000000002
kmer,GPR,guided,410001000,6,2,10,140,34,6.0,1716200.0000000002
kmer,GPR,AL,410001000,7,0,0,120,24,5.0,1787362.2572815537
kmer,GPR,AL,410001000,7,1,10,130,24,5.0,1787362.2572815537
kmer,GPR,AL,410001000,7,2,10,140,26,5.0,1787362.2572815537
kmer,GPR,greedy,410001000,7,0,0,120,24,5.0,1787362.2572815537
kmer,GPR,greedy,410001000,7,1,10,130,24,5.0,1787362.2572815537
kmer,GPR,greedy,410001000,7,2,10,140,25,5.0,1787362.2572815537
kmer,GPR,guided,410001000,7,0,0,120,24,5.0,1787362.2572815537
kmer,GPR,guided,410001000,7,1,10,130,26,7.0,1787362.2572815537
kmer,GPR,guided,410001000,7,2,10,140,27,7.0,1787362.2572815537
kmer,GPR,AL,410001000,8,0,0,120,24,3.0,1781776.380153739
kmer,GPR,AL,410001000,8,1,10,130,31,4.0,1781776.380153739
kmer,GPR,AL,410001000,8,2,10,140,31,4.0,1781776.380153739
kmer,GPR,greedy,410001000,8,0,0,120,24,3.0,1781776.380153739
kmer,GPR,greedy,410001000,8,1,10,130,25,3.0,1781776.380153739
kmer,GPR,greedy,410001000,8,2,10,140,26,3.0,1781776.380153739
kmer,GPR,guided,410001000,8,0,0,120,24,3.0,1781776.380153739
kmer,GPR,guided,410001000,8,1,10,130,28,5.0,1781776.380153739
kmer,GPR,guided,410001000,8,2,10,140,29,5.0,1781776.380153739
kmer,GPR,AL,410001000,9,0,0,120,24,6.0,1624458.5921325053
kmer,GPR,AL,410001000,9,1,10,130,25,6.0,1624458.5921325053
kmer,GPR,AL,410001000,9,2,10,140,27,7.0,1643030.692362598
kmer,GPR,greedy,410001000,9,0,0,120,24,6.0,1624458.5921325053
kmer,GPR,greedy,410001000,9,1,10,130,28,8.0,1643030.692362598
kmer,GPR,greedy,410001000,9,2,10,140,30,8.0,1643030.692362598
kmer,GPR,guided,410001000,9,0,0,120,24,6.0,1624458.5921325053
kmer,GPR,guided,410001000,9,1,10,130,29,7.0,1624458.5921325053
kmer,GPR,guided,410001000,9,2,10,140,33,8.0,1624458.5921325053
kmer,GPR,AL,410001000,10,0,0,120,24,8.0,1716200.0000000002
kmer,GPR,AL,410001000,10,1,10,130,26,8.0,1716200.0000000002
kmer,GPR,AL,410001000,10,2,10,140,27,8.0,1716200.0000000002
kmer,GPR,greedy,410001000,10,0,0,120,24,8.0,1716200.0000000002
kmer,GPR,greedy,410001000,10,1,10,130,29,9.0,1781776.380153739
kmer,GPR,greedy,410001000,10,2,10,140,30,10.0,1781776.380153739
kmer,GPR,guided,410001000,10,0,0,120,24,8.0,1716200.0000000002
kmer,GPR,guided,410001000,10,1,10,130,30,10.0,1781776.380153739
kmer,GPR,guided,410001000,10,2,10,140,33,10.0,1781776.380153739
kmer,GPR,AL,410001000,11,0,0,120,24,5.0,1741740.740740741
kmer,GPR,AL,410001000,11,1,10,130,26,5.0,1741740.740740741
kmer,GPR,AL,410001000,11,2,10,140,27,5.0,1741740.740740741
kmer,GPR,greedy,410001000,11,0,0,120,24,5.0,1741740.740740741
kmer,GPR,greedy,410001000,11,1,10,130,27,5.0,1741740.740740741
kmer,GPR,greedy,410001000,11,2,10,140,31,5.0,1741740.740740741
kmer,GPR,guided,410001000,11,0,0,120,24,5.0,1741740.740740741
kmer,GPR,guided,410001000,11,1,10,130,28,6.0,1741740.740740741
kmer,GPR,guided,410001000,11,2,10,140,32,6.0,1741740.740740741
kmer,GPR,AL,410001000,12,0,0,120,24,7.0,1716200.0000000002
kmer,GPR,AL,410001000,12,1,10,130,24,7.0,1716200.0000000002
kmer,GPR,AL,410001000,12,2,10,140,24,7.0,1716200.0000000002
kmer,GPR,greedy,410001000,12,0,0,120,24,7.0,1716200.0000000002
kmer,GPR,greedy,410001000,12,1,10,130,24,7.0,1716200.0000000002
kmer,GPR,greedy,410001000,12,2,10,140,25,7.0,1716200.0000000002
kmer,GPR,guided,410001000,12,0,0,120,24,7.0,1716200.0000000002
kmer,GPR,guided,410001000,12,1,10,130,25,8.0,1716200.0000000002
kmer,GPR,guided,410001000,12,2,10,140,25,8.0,1716200.0000000002
kmer,GPR,AL,410001000,13,0,0,120,24,3.0,1534929.0322580645
kmer,GPR,AL,410001000,13,1,10,130,26,3.0,1534929.0322580645
kmer,GPR,AL,410001000,13,2,10,140,26,3.0,1534929.0322580645
kmer,GPR,greedy,410001000,13,0,0,120,24,3.0,1534929.0322580645
kmer,GPR,greedy,410001000,13,1,10,130,27,5.0,1534929.0322580645
kmer,GPR,greedy,410001000,13,2,10,140,31,6.0,1568230.9482257126
kmer,GPR,guided,410001000,13,0,0,120,24,3.0,1534929.0322580645
kmer,GPR,guided,410001000,13,1,10,130,28,5.0,1781776.380153739
kmer,GPR,guided,410001000,13,2,10,140,31,6.0,1781776.380153739
kmer,GPR,AL,410001000,14,0,0,120,24,6.0,1646742.3208191127
kmer,GPR,AL,410001000,14,1,10,130,29,7.0,1646742.3208191127
kmer,GPR,AL,410001000,14,2,10,140,32,7.0,1646742.3208191127
kmer,GPR,greedy,410001000,14,0,0,120,24,6.0,1646742.3208191127
kmer,GPR,greedy,410001000,14,1,10,130,28,7.0,1741740.740740741
kmer,GPR,greedy,410001000,14,2,10,140,33,8.0,1741740.740740741
kmer,GPR,guided,410001000,14,0,0,120,24,6.0,1646742.3208191127
kmer,GPR,guided,410001000,14,1,10,130,29,9.0,1781776.380153739
kmer,GPR,guided,410001000,14,2,10,140,31,9.0,1781776.380153739
kmer,GPR,AL,410002000,0,0,0,120,24,8.0,1646742.3208191127
kmer,GPR,AL,410002000,0,1,10,130,26,8.0,1646742.3208191127
kmer,GPR,AL,410002000,0,2,10,140,29,8.0,1646742.3208191127
kmer,GPR,greedy,410002000,0,0,0,120,24,8.0,1646742.3208191127
kmer,GPR,greedy,410002000,0,1,10,130,24,8.0,1646742.3208191127
kmer,GPR,greedy,410002000,0,2,10,140,28,10.0,1741740.740740741
kmer,GPR,guided,410002000,0,0,0,120,24,8.0,1646742.3208191127
kmer,GPR,guided,410002000,0,1,10,130,30,10.0,1781776.380153739
kmer,GPR,guided,410002000,0,2,10,140,32,10.0,1781776.380153739
kmer,GPR,AL,410002000,1,0,0,120,24,6.0,1643030.692362598
kmer,GPR,AL,410002000,1,1,10,130,26,6.0,1643030.692362598
kmer,GPR,AL,410002000,1,2,10,140,32,6.0,1643030.692362598
kmer,GPR,greedy,410002000,1,0,0,120,24,6.0,1643030.692362598
kmer,GPR,greedy,410002000,1,1,10,130,30,7.0,1741740.740740741
kmer,GPR,greedy,410002000,1,2,10,140,35,8.0,1741740.740740741
kmer,GPR,guided,410002000,1,0,0,120,24,6.0,1643030.692362598
kmer,GPR,guided,410002000,1,1,10,130,27,6.0,1643030.692362598
kmer,GPR,guided,410002000,1,2,10,140,33,7.0,1741740.740740741
kmer,GPR,AL,410002000,2,0,0,120,24,8.0,1741740.740740741
kmer,GPR,AL,410002000,2,1,10,130,24,8.0,1741740.740740741
kmer,GPR,AL,410002000,2,2,10,140,24,8.0,1741740.740740741
kmer,GPR,greedy,410002000,2,0,0,120,24,8.0,1741740.740740741
kmer,GPR,greedy,410002000,2,1,10,130,25,8.0,1741740.740740741
kmer,GPR,greedy,410002000,2,2,10,140,27,9.0,1741740.740740741
kmer,GPR,guided,410002000,2,0,0,120,24,8.0,1741740.740740741
kmer,GPR,guided,410002000,2,1,10,130,26,10.0,1741740.740740741
kmer,GPR,guided,410002000,2,2,10,140,28,10.0,1741740.740740741
kmer,GPR,AL,410002000,3,0,0,120,24,7.0,1741740.740740741
kmer,GPR,AL,410002000,3,1,10,130,24,7.0,1741740.740740741
kmer,GPR,AL,410002000,3,2,10,140,26,7.0,1741740.740740741
kmer,GPR,greedy,410002000,3,0,0,120,24,7.0,1741740.740740741
kmer,GPR,greedy,410002000,3,1,10,130,28,8.0,1741740.740740741
kmer,GPR,greedy,410002000,3,2,10,140,31,8.0,1741740.740740741
kmer,GPR,guided,410002000,3,0,0,120,24,7.0,1741740.740740741
kmer,GPR,guided,410002000,3,1,10,130,29,9.0,1741740.740740741
kmer,GPR,guided,410002000,3,2,10,140,33,10.0,1741740.740740741
kmer,GPR,AL,410002000,4,0,0,120,24,11.0,1741740.740740741
kmer,GPR,AL,410002000,4,1,10,130,24,11.0,1741740.740740741
kmer,GPR,AL,410002000,4,2,10,140,25,11.0,1741740.740740741
kmer,GPR,greedy,410002000,4,0,0,120,24,11.0,1741740.740740741
kmer,GPR,greedy,410002000,4,1,10,130,27,13.0,1781776.380153739
kmer,GPR,greedy,410002000,4,2,10,140,29,13.0,1781776.380153739
kmer,GPR,guided,410002000,4,0,0,120,24,11.0,1741740.740740741
kmer,GPR,guided,410002000,4,1,10,130,28,13.0,1741740.740740741
kmer,GPR,guided,410002000,4,2,10,140,31,14.0,1781776.380153739
kmer,GPR,AL,410002000,5,0,0,120,24,4.0,1787362.2572815537
kmer,GPR,AL,410002000,5,1,10,130,28,4.0,1787362.2572815537
kmer,GPR,AL,410002000,5,2,10,140,31,4.0,1787362.2572815537
kmer,GPR,greedy,410002000,5,0,0,120,24,4.0,1787362.2572815537
kmer,GPR,greedy,410002000,5,1,10,130,29,6.0,1787362.2572815537
kmer,GPR,greedy,410002000,5,2,10,140,29,6.0,1787362.2572815537
kmer,GPR,guided,410002000,5,0,0,120,24,4.0,1787362.2572815537
kmer,GPR,guided,410002000,5,1,10,130,28,6.0,1787362.2572815537
kmer,GPR,guided,410002000,5,2,10,140,30,6.0,1787362.2572815537
kmer,GPR,AL,410002000,6,0,0,120,24,5.0,1646742.3208191127
kmer,GPR,AL,410002000,6,1,10,130,26,5.0,1646742.3208191127
kmer,GPR,AL,410002000,6,2,10,140,26,5.0,1646742.3208191127
kmer,GPR,greedy,410002000,6,0,0,120,24,5.0,1646742.3208191127
kmer,GPR,greedy,410002000,6,1,10,130,27,6.0,1646742.3208191127
kmer,GPR,greedy,410002000,6,2,10,140,29,7.0,1741740.740740741
kmer,GPR,guided,410002000,6,0,0,120,24,5.0,1646742.3208191127
kmer,GPR,guided,410002000,6,1,10,130,28,7.0,1741740.740740741
kmer,GPR,guided,410002000,6,2,10,140,31,8.0,1741740.740740741
kmer,GPR,AL,410002000,7,0,0,120,24,7.0,1781776.380153739
kmer,GPR,AL,410002000,7,1,10,130,25,7.0,1781776.380153739
kmer,GPR,AL,410002000,7,2,10,140,28,8.0,1781776.380153739
kmer,GPR,greedy,410002000,7,0,0,120,24,7.0,1781776.380153739
kmer,GPR,greedy,410002000,7,1,10,130,29,7.0,1781776.380153739
kmer,GPR,greedy,410002000,7,2,10,140,31,7.0,1781776.380153739
kmer,GPR,guided,410002000,7,0,0,120,24,7.0,1781776.380153739
kmer,GPR,guided,410002000,7,1,10,130,29,7.0,1781776.380153739
kmer,GPR,guided,410002000,7,2,10,140,33,7.0,1781776.380153739
kmer,GPR,AL,410002000,8,0,0,120,24,6.0,1787362.2572815537
kmer,GPR,AL,410002000,8,1,10,130,27,6.0,1787362.2572815537
kmer,GPR,AL,410002000,8,2,10,140,27,6.0,1787362.2572815537
kmer,GPR,greedy,410002000,8,0,0,120,24,6.0,1787362.2572815537
kmer,GPR,greedy,410002000,8,1,10,130,27,7.0,1787362.2572815537
kmer,GPR,greedy,410002000,8,2,10,140,29,9.0,1787362.2572815537
kmer,GPR,guided,410002000,8,0,0,120,24,6.0,1787362.2572815537
kmer,GPR,guided,410002000,8,1,10,130,31,8.0,1787362.2572815537
kmer,GPR,guided,410002000,8,2,10,140,33,9.0,1787362.2572815537
kmer,GPR,AL,410002000,9,0,0,120,24,5.0,1624458.5921325053
kmer,GPR,AL,410002000,9,1,10,130,27,6.0,1624458.5921325053
kmer,GPR,AL,410002000,9,2,10,140,31,7.0,1643030.692362598
kmer,GPR,greedy,410002000,9,0,0,120,24,5.0,1624458.5921325053
kmer,GPR,greedy,410002000,9,1,10,130,27,5.0,1624458.5921325053
kmer,GPR,greedy,410002000,9,2,10,140,31,5.0,1624458.5921325053
kmer,GPR,guided,410002000,9,0,0,120,24,5.0,1624458.5921325053
kmer,GPR,guided,410002000,9,1,10,130,28,6.0,1624458.5921325053
kmer,GPR,guided,410002000,9,2,10,140,31,6.0,1624458.5921325053
kmer,GPR,AL,410002000,10,0,0,120,24,9.0,1781776.380153739
kmer,GPR,AL,410002000,10,1,10,130,25,9.0,1781776.380153739
kmer,GPR,AL,410002000,10,2,10,140,28,9.0,1781776.380153739
kmer,GPR,greedy,410002000,10,0,0,120,24,9.0,1781776.380153739
kmer,GPR,greedy,410002000,10,1,10,130,27,9.0,1781776.380153739
kmer,GPR,greedy,410002000,10,2,10,140,28,10.0,1781776.380153739
kmer,GPR,guided,410002000,10,0,0,120,24,9.0,1781776.380153739
kmer,GPR,guided,410002000,10,1,10,130,29,10.0,1781776.380153739
kmer,GPR,guided,410002000,10,2,10,140,31,10.0,1781776.380153739
kmer,GPR,AL,410002000,11,0,0,120,24,9.0,1741740.740740741
kmer,GPR,AL,410002000,11,1,10,130,26,9.0,1741740.740740741
kmer,GPR,AL,410002000,11,2,10,140,29,9.0,1741740.740740741
kmer,GPR,greedy,410002000,11,0,0,120,24,9.0,1741740.740740741
kmer,GPR,greedy,410002000,11,1,10,130,25,9.0,1741740.740740741
kmer,GPR,greedy,410002000,11,2,10,140,27,9.0,1741740.740740741
kmer,GPR,guided,410002000,11,0,0,120,24,9.0,1741740.740740741
kmer,GPR,guided,410002000,11,1,10,130,27,10.0,1741740.740740741
kmer,GPR,guided,410002000,11,2,10,140,28,10.0,1741740.740740741
kmer,GPR,AL,410002000,12,0,0,120,24,4.0,1568230.9482257126
kmer,GPR,AL,410002000,12,1,10,130,27,4.0,1568230.9482257126
kmer,GPR,AL,410002000,12,2,10,140,30,5.0,1643030.692362598
kmer,GPR,greedy,410002000,12,0,0,120,24,4.0,1568230.9482257126
kmer,GPR,greedy,410002000,12,1,10,130,28,4.0,1568230.9482257126
kmer,GPR,greedy,410002000,12,2,10,140,33,5.0,1568230.9482257126
kmer,GPR,guided,410002000,12,0,0,120,24,4.0,1568230.9482257126
kmer,GPR,guided,410002000,12,1,10,130,30,5.0,1716200.0000000002
kmer,GPR,guided,410002000,12,2,10,140,31,5.0,1716200.0000000002
kmer,GPR,AL,410002000,13,0,0,120,24,6.0,1781776.380153739
kmer,GPR,AL,410002000,13,1,10,130,27,6.0,1781776.380153739
kmer,GPR,AL,410002000,13,2,10,140,31,7.0,1781776.380153739
kmer,GPR,greedy,410002000,13,0,0,120,24,6.0,1781776.380153739
kmer,GPR,greedy,410002000,13,1,10,130,27,6.0,1781776.380153739
kmer,GPR,greedy,410002000,13,2,10,140,31,6.0,1781776.380153739
kmer,GPR,guided,410002000,13,0,0,120,24,6.0,1781776.380153739
kmer,GPR,guided,410002000,13,1,10,130,26,6.0,1781776.380153739
kmer,GPR,guided,410002000,13,2,10,140,30,6.0,1781776.380153739
kmer,GPR,AL,410002000,14,0,0,120,24,6.0,1470439.1005621487
kmer,GPR,AL,410002000,14,1,10,130,26,7.0,1470439.1005621487
kmer,GPR,AL,410002000,14,2,10,140,29,7.0,1470439.1005621487
kmer,GPR,greedy,410002000,14,0,0,120,24,6.0,1470439.1005621487
kmer,GPR,greedy,410002000,14,1,10,130,27,6.0,1470439.1005621487
kmer,GPR,greedy,410002000,14,2,10,140,30,6.0,1470439.1005621487
kmer,GPR,guided,410002000,14,0,0,120,24,6.0,1470439.1005621487
kmer,GPR,guided,410002000,14,1,10,130,30,9.0,1781776.380153739
kmer,GPR,guided,410002000,14,2,10,140,32,9.0,1781776.380153739
kmer,GPR,AL,410003000,0,0,0,120,24,7.0,1781776.380153739
kmer,GPR,AL,410003000,0,1,10,130,25,8.0,1781776.380153739
kmer,GPR,AL,410003000,0,2,10,140,27,8.0,1781776.380153739
kmer,GPR,greedy,410003000,0,0,0,120,24,7.0,1781776.380153739
kmer,GPR,greedy,410003000,0,1,10,130,26,7.0,1781776.380153739
kmer,GPR,greedy,410003000,0,2,10,140,28,7.0,1781776.380153739
kmer,GPR,guided,410003000,0,0,0,120,24,7.0,1781776.380153739
kmer,GPR,guided,410003000,0,1,10,130,29,7.0,1781776.380153739
kmer,GPR,guided,410003000,0,2,10,140,30,7.0,1781776.380153739
kmer,GPR,AL,410003000,1,0,0,120,24,5.0,1741740.740740741
kmer,GPR,AL,410003000,1,1,10,130,25,5.0,1741740.740740741
kmer,GPR,AL,410003000,1,2,10,140,30,5.0,1741740.740740741
kmer,GPR,greedy,410003000,1,0,0,120,24,5.0,1741740.740740741
kmer,GPR,greedy,410003000,1,1,10,130,28,6.0,1741740.740740741
kmer,GPR,greedy,410003000,1,2,10,140,31,8.0,1741740.740740741
kmer,GPR,guided,410003000,1,0,0,120,24,5.0,1741740.740740741
kmer,GPR,guided,410003000,1,1,10,130,30,6.0,1741740.740740741
kmer,GPR,guided,410003000,1,2,10,140,33,7.0,1741740.740740741
kmer,GPR,AL,410003000,2,0,0,120,24,9.0,1787362.2572815537
kmer,GPR,AL,410003000,2,1,10,130,27,9.0,1787362.2572815537
kmer,GPR,AL,410003000,2,2,10,140,30,9.0,1787362.2572815537
kmer,GPR,greedy,410003000,2,0,0,120,24,9.0,1787362.2572815537
kmer,GPR,greedy,410003000,2,1,10,130,28,9.0,1787362.2572815537
kmer,GPR,greedy,410003000,2,2,10,140,31,10.0,1787362.2572815537
kmer,GPR,guided,410003000,2,0,0,120,24,9.0,1787362.2572815537
kmer,GPR,guided,410003000,2,1,10,130,28,9.0,1787362.2572815537
kmer,GPR,guided,410003000,2,2,10,140,32,10.0,1787362.2572815537
kmer,GPR,AL,410003000,3,0,0,120,24,4.0,1787362.2572815537
kmer,GPR,AL,410003000,3,1,10,130,27,4.0,1787362.2572815537
kmer,GPR,AL,410003000,3,2,10,140,30,5.0,1787362.2572815537
kmer,GPR,greedy,410003000,3,0,0,120,24,4.0,1787362.2572815537
kmer,GPR,greedy,410003000,3,1,10,130,25,4.0,1787362.2572815537
kmer,GPR,greedy,410003000,3,2,10,140,30,5.0,1787362.2572815537
kmer,GPR,guided,410003000,3,0,0,120,24,4.0,1787362.2572815537
kmer,GPR,guided,410003000,3,1,10,130,28,6.0,1787362.2572815537
kmer,GPR,guided,410003000,3,2,10,140,30,6.0,1787362.2572815537
kmer,GPR,AL,410003000,4,0,0,120,24,4.0,1534929.0322580645
kmer,GPR,AL,410003000,4,1,10,130,27,5.0,1568230.9482257126
kmer,GPR,AL,410003000,4,2,10,140,29,6.0,1643030.692362598
kmer,GPR,greedy,410003000,4,0,0,120,24,4.0,1534929.0322580645
kmer,GPR,greedy,410003000,4,1,10,130,26,4.0,1534929.0322580645
kmer,GPR,greedy,410003000,4,2,10,140,30,4.0,1534929.0322580645
kmer,GPR,guided,410003000,4,0,0,120,24,4.0,1534929.0322580645
kmer,GPR,guided,410003000,4,1,10,130,28,5.0,1534929.0322580645
kmer,GPR,guided,410003000,4,2,10,140,33,5.0,1534929.0322580645
kmer,GPR,AL,410003000,5,0,0,120,24,0.0,1356279.4029850746
kmer,GPR,AL,410003000,5,1,10,130,28,0.0,1356279.4029850746
kmer,GPR,AL,410003000,5,2,10,140,33,1.0,1643030.692362598
kmer,GPR,greedy,410003000,5,0,0,120,24,0.0,1356279.4029850746
kmer,GPR,greedy,410003000,5,1,10,130,31,2.0,1643030.692362598
kmer,GPR,greedy,410003000,5,2,10,140,33,3.0,1643030.692362598
kmer,GPR,guided,410003000,5,0,0,120,24,0.0,1356279.4029850746
kmer,GPR,guided,410003000,5,1,10,130,31,2.0,1643030.692362598
kmer,GPR,guided,410003000,5,2,10,140,35,4.0,1643030.692362598
kmer,GPR,AL,410003000,6,0,0,120,24,5.0,1643030.692362598
kmer,GPR,AL,410003000,6,1,10,130,27,5.0,1643030.692362598
kmer,GPR,AL,410003000,6,2,10,140,32,6.0,1643030.692362598
kmer,GPR,greedy,410003000,6,0,0,120,24,5.0,1643030.692362598
kmer,GPR,greedy,410003000,6,1,10,130,27,6.0,1643030.692362598
kmer,GPR,greedy,410003000,6,2,10,140,29,6.0,1643030.692362598
kmer,GPR,guided,410003000,6,0,0,120,24,5.0,1643030.692362598
kmer,GPR,guided,410003000,6,1,10,130,29,7.0,1643030.692362598
kmer,GPR,guided,410003000,6,2,10,140,31,7.0,1643030.692362598
kmer,GPR,AL,410003000,7,0,0,120,24,7.0,1781776.380153739
kmer,GPR,AL,410003000,7,1,10,130,28,8.0,1781776.380153739
kmer,GPR,AL,410003000,7,2,10,140,33,9.0,1781776.380153739
kmer,GPR,greedy,410003000,7,0,0,120,24,7.0,1781776.380153739
kmer,GPR,greedy,410003000,7,1,10,130,30,7.0,1781776.380153739
kmer,GPR,greedy,410003000,7,2,10,140,36,9.0,1781776.380153739
kmer,GPR,guided,410003000,7,0,0,120,24,7.0,1781776.380153739
kmer,GPR,guided,410003000,7,1,10,130,30,7.0,1781776.380153739
kmer,GPR,guided,410003000,7,2,10,140,35,8.0,1781776.380153739
kmer,GPR,AL,410003000,8,0,0,120,24,8.0,1781776.380153739
kmer,GPR,AL,410003000,8,1,10,130,24,8.0,1781776.380153739
kmer,GPR,AL,410003000,8,2,10,140,25,9.0,1781776.380153739
kmer,GPR,greedy,410003000,8,0,0,120,24,8.0,1781776.380153739
kmer,GPR,greedy,410003000,8,1,10,130,25,8.0,1781776.380153739
kmer,GPR,greedy,410003000,8,2,10,140,26,8.0,1781776.380153739
kmer,GPR,guided,410003000,8,0,0,120,24,8.0,1781776.380153739
kmer,GPR,guided,410003000,8,1,10,130,28,10.0,1781776.380153739
kmer,GPR,guided,410003000,8,2,10,140,28,10.0,1781776.380153739
kmer,GPR,AL,410003000,9,0,0,120,24,4.0,1572010.7095046854
kmer,GPR,AL,410003000,9,1,10,130,27,4.0,1572010.7095046854
kmer,GPR,AL,410003000,9,2,10,140,30,4.0,1572010.7095046854
kmer,GPR,greedy,410003000,9,0,0,120,24,4.0,1572010.7095046854
kmer,GPR,greedy,410003000,9,1,10,130,27,5.0,1572010.7095046854
kmer,GPR,greedy,410003000,9,2,10,140,29,5.0,1572010.7095046854
kmer,GPR,guided,410003000,9,0,0,120,24,4.0,1572010.7095046854
kmer,GPR,guided,410003000,9,1,10,130,30,6.0,1716200.0000000002
kmer,GPR,guided,410003000,9,2,10,140,31,6.0,1716200.0000000002
kmer,GPR,AL,410003000,10,0,0,120,24,5.0,1787362.2572815537
kmer,GPR,AL,410003000,10,1,10,130,26,5.0,1787362.2572815537
kmer,GPR,AL,410003000,10,2,10,140,29,5.0,1787362.2572815537
kmer,GPR,greedy,410003000,10,0,0,120,24,5.0,1787362.2572815537
kmer,GPR,greedy,410003000,10,1,10,130,27,5.0,1787362.2572815537
kmer,GPR,greedy,410003000,10,2,10,140,30,6.0,1787362.2572815537
kmer,GPR,guided,410003000,10,0,0,120,24,5.0,1787362.2572815537
kmer,GPR,guided,410003000,10,1,10,130,29,6.0,1787362.2572815537
kmer,GPR,guided,410003000,10,2,10,140,30,6.0,1787362.2572815537
kmer,GPR,AL,410003000,11,0,0,120,24,4.0,1534929.0322580645
kmer,GPR,AL,410003000,11,1,10,130,28,4.0,1534929.0322580645
kmer,GPR,AL,410003000,11,2,10,140,31,4.0,1534929.0322580645
kmer,GPR,greedy,410003000,11,0,0,120,24,4.0,1534929.0322580645
kmer,GPR,greedy,410003000,11,1,10,130,26,5.0,1534929.0322580645
kmer,GPR,greedy,410003000,11,2,10,140,28,5.0,1534929.0322580645
kmer,GPR,guided,410003000,11,0,0,120,24,4.0,1534929.0322580645
kmer,GPR,guided,410003000,11,1,10,130,29,6.0,1781776.380153739
kmer,GPR,guided,410003000,11,2,10,140,30,6.0,1781776.380153739
kmer,GPR,AL,410003000,12,0,0,120,24,6.0,1716200.0000000002
kmer,GPR,AL,410003000,12,1,10,130,28,7.0,1716200.0000000002
kmer,GPR,AL,410003000,12,2,10,140,29,7.0,1716200.0000000002
kmer,GPR,greedy,410003000,12,0,0,120,24,6.0,1716200.0000000002
kmer,GPR,greedy,410003000,12,1,10,130,28,8.0,1716200.0000000002
kmer,GPR,greedy,410003000,12,2,10,140,29,8.0,1716200.0000000002
kmer,GPR,guided,410003000,12,0,0,120,24,6.0,1716200.0000000002
kmer,GPR,guided,410003000,12,1,10,130,29,6.0,1716200.0000000002
kmer,GPR,guided,410003000,12,2,10,140,32,8.0,1716200.0000000002
kmer,GPR,AL,410003000,13,0,0,120,24,3.0,1624458.5921325053
kmer,GPR,AL,410003000,13,1,10,130,27,4.0,1624458.5921325053
kmer,GPR,AL,410003000,13,2,10,140,30,5.0,1624458.5921325053
kmer,GPR,greedy,410003000,13,0,0,120,24,3.0,1624458.5921325053
kmer,GPR,greedy,410003000,13,1,10,130,27,3.0,1624458.5921325053
kmer,GPR,greedy,410003000,13,2,10,140,30,4.0,1624458.5921325053
kmer,GPR,guided,410003000,13,0,0,120,24,3.0,1624458.5921325053
kmer,GPR,guided,410003000,13,1,10,130,28,5.0,1716200.0000000002
kmer,GPR,guided,410003000,13,2,10,140,30,5.0,1716200.0000000002
kmer,GPR,AL,410003000,14,0,0,120,24,5.0,1781776.380153739
kmer,GPR,AL,410003000,14,1,10,130,28,5.0,1781776.380153739
kmer,GPR,AL,410003000,14,2,10,140,34,7.0,1781776.380153739
kmer,GPR,greedy,410003000,14,0,0,120,24,5.0,1781776.380153739
kmer,GPR,greedy,410003000,14,1,10,130,29,5.0,1781776.380153739
kmer,GPR,greedy,410003000,14,2,10,140,32,6.0,1781776.380153739
kmer,GPR,guided,410003000,14,0,0,120,24,5.0,1781776.380153739
kmer,GPR,guided,410003000,14,1,10,130,30,7.0,1781776.380153739
kmer,GPR,guided,410003000,14,2,10,140,37,7.0,1781776.380153739
kmer,GPR,AL,410004000,0,0,0,120,24,5.0,1716200.0000000002
kmer,GPR,AL,410004000,0,1,10,130,30,6.0,1716200.0000000002
kmer,GPR,AL,410004000,0,2,10,140,32,6.0,1716200.0000000002
kmer,GPR,greedy,410004000,0,0,0,120,24,5.0,1716200.0000000002
kmer,GPR,greedy,410004000,0,1,10,130,28,5.0,1716200.0000000002
kmer,GPR,greedy,410004000,0,2,10,140,32,6.0,1716200.0000000002
kmer,GPR,guided,410004000,0,0,0,120,24,5.0,1716200.0000000002
kmer,GPR,guided,410004000,0,1,10,130,28,5.0,1716200.0000000002
kmer,GPR,guided,410004000,0,2,10,140,32,5.0,1716200.0000000002
kmer,GPR,AL,410004000,1,0,0,120,24,5.0,1741740.740740741
kmer,GPR,AL,410004000,1,1,10,130,27,5.0,1741740.740740741
kmer,GPR,AL,410004000,1,2,10,140,29,6.0,1741740.740740741
kmer,GPR,greedy,410004000,1,0,0,120,24,5.0,1741740.740740741
kmer,GPR,greedy,410004000,1,1,10,130,27,6.0,1741740.740740741
kmer,GPR,greedy,410004000,1,2,10,140,32,6.0,1741740.740740741
kmer,GPR,guided,410004000,1,0,0,120,24,5.0,1741740.740740741
kmer,GPR,guided,410004000,1,1,10,130,29,7.0,1741740.740740741
kmer,GPR,guided,410004000,1,2,10,140,31,7.0,1741740.740740741
kmer,GPR,AL,410004000,2,0,0,120,24,8.0,1787362.2572815537
kmer,GPR,AL,410004000,2,1,10,130,26,8.0,1787362.2572815537
kmer,GPR,AL,410004000,2,2,10,140,28,8.0,1787362.2572815537
kmer,GPR,greedy,410004000,2,0,0,120,24,8.0,1787362.2572815537
kmer,GPR,greedy,410004000,2,1,10,130,26,8.0,1787362.2572815537
kmer,GPR,greedy,410004000,2,2,10,140,28,9.0,1787362.2572815537
kmer,GPR,guided,410004000,2,0,0,120,24,8.0,1787362.2572815537
kmer,GPR,guided,410004000,2,1,10,130,26,8.0,1787362.2572815537
kmer,GPR,guided,410004000,2,2,10,140,29,8.0,1787362.2572815537
kmer,GPR,AL,410004000,3,0,0,120,24,4.0,1624458.5921325053
kmer,GPR,AL,410004000,3,1,10,130,26,4.0,1624458.5921325053
kmer,GPR,AL,410004000,3,2,10,140,29,5.0,1624458.5921325053
kmer,GPR,greedy,410004000,3,0,0,120,24,4.0,1624458.5921325053
kmer,GPR,greedy,410004000,3,1,10,130,29,4.0,1624458.5921325053
kmer,GPR,greedy,410004000,3,2,10,140,34,5.0,1741740.740740741
kmer,GPR,guided,410004000,3,0,0,120,24,4.0,1624458.5921325053
kmer,GPR,guided,410004000,3,1,10,130,31,5.0,1624458.5921325053
kmer,GPR,guided,410004000,3,2,10,140,33,5.0,1624458.5921325053
kmer,GPR,AL,410004000,4,0,0,120,24,5.0,1716200.0000000002
kmer,GPR,AL,410004000,4,1,10,130,25,5.0,1716200.0000000002
kmer,GPR,AL,410004000,4,2,10,140,27,6.0,1716200.0000000002
kmer,GPR,greedy,410004000,4,0,0,120,24,5.0,1716200.0000000002
kmer,GPR,greedy,410004000,4,1,10,130,27,5.0,1716200.0000000002
kmer,GPR,greedy,410004000,4,2,10,140,30,5.0,1716200.0000000002
kmer,GPR,guided,410004000,4,0,0,120,24,5.0,1716200.0000000002
kmer,GPR,guided,410004000,4,1,10,130,28,6.0,1716200.0000000002
kmer,GPR,guided,410004000,4,2,10,140,30,6.0,1716200.0000000002
kmer,GPR,AL,410004000,5,0,0,120,24,8.0,1787362.2572815537
kmer,GPR,AL,410004000,5,1,10,130,27,9.0,1787362.2572815537
kmer,GPR,AL,410004000,5,2,10,140,30,10.0,1787362.2572815537
kmer,GPR,greedy,410004000,5,0,0,120,24,8.0,1787362.2572815537
kmer,GPR,greedy,410004000,5,1,10,130,28,8.0,1787362.2572815537
kmer,GPR,greedy,410004000,5,2,10,140,31,9.0,1787362.2572815537
kmer,GPR,guided,410004000,5,0,0,120,24,8.0,1787362.2572815537
kmer,GPR,guided,410004000,5,1,10,130,28,9.0,1787362.2572815537
kmer,GPR,guided,410004000,5,2,10,140,32,9.0,1787362.2572815537
kmer,GPR,AL,410004000,6,0,0,120,24,3.0,1781776.380153739
kmer,GPR,AL,410004000,6,1,10,130,29,3.0,1781776.380153739
kmer,GPR,AL,410004000,6,2,10,140,36,4.0,1781776.380153739
kmer,GPR,greedy,410004000,6,0,0,120,24,3.0,1781776.380153739
kmer,GPR,greedy,410004000,6,1,10,130,29,4.0,1781776.380153739
kmer,GPR,greedy,410004000,6,2,10,140,33,5.0,1781776.380153739
kmer,GPR,guided,410004000,6,0,0,120,24,3.0,1781776.380153739
kmer,GPR,guided,410004000,6,1,10,130,30,4.0,1781776.380153739
kmer,GPR,guided,410004000,6,2,10,140,32,5.0,1781776.380153739
kmer,GPR,AL,410004000,7,0,0,120,24,5.0,1787362.2572815537
kmer,GPR,AL,410004000,7,1,10,130,25,5.0,1787362.2572815537
kmer,GPR,AL,410004000,7,2,10,140,28,7.0,1787362.2572815537
kmer,GPR,greedy,410004000,7,0,0,120,24,5.0,1787362.2572815537
kmer,GPR,greedy,410004000,7,1,10,130,27,5.0,1787362.2572815537
kmer,GPR,greedy,410004000,7,2,10,140,30,7.0,1787362.2572815537
kmer,GPR,guided,410004000,7,0,0,120,24,5.0,1787362.2572815537
kmer,GPR,guided,410004000,7,1,10,130,29,7.0,1787362.2572815537
kmer,GPR,guided,410004000,7,2,10,140,34,8.0,1787362.2572815537
kmer,GPR,AL,410004000,8,0,0,120,24,6.0,1646742.3208191127
kmer,GPR,AL,410004000,8,1,10,130,26,6.0,1646742.3208191127
kmer,GPR,AL,410004000,8,2,10,140,29,6.0,1646742.3208191127
kmer,GPR,greedy,410004000,8,0,0,120,24,6.0,1646742.3208191127
kmer,GPR,greedy,410004000,8,1,10,130,32,8.0,1646742.3208191127
kmer,GPR,greedy,410004000,8,2,10,140,36,10.0,1781776.380153739
kmer,GPR,guided,410004000,8,0,0,120,24,6.0,1646742.3208191127
kmer,GPR,guided,410004000,8,1,10,130,32,8.0,1741740.740740741
kmer,GPR,guided,410004000,8,2,10,140,41,11.0,1781776.380153739
kmer,GPR,AL,410004000,9,0,0,120,24,4.0,1781776.380153739
kmer,GPR,AL,410004000,9,1,10,130,29,4.0,1781776.380153739
kmer,GPR,AL,410004000,9,2,10,140,29,4.0,1781776.380153739
kmer,GPR,greedy,410004000,9,0,0,120,24,4.0,1781776.380153739
kmer,GPR,greedy,410004000,9,1,10,130,27,5.0,1781776.380153739
kmer,GPR,greedy,410004000,9,2,10,140,31,6.0,1781776.380153739
kmer,GPR,guided,410004000,9,0,0,120,24,4.0,1781776.380153739
kmer,GPR,guided,410004000,9,1,10,130,28,4.0,1781776.380153739
kmer,GPR,guided,410004000,9,2,10,140,32,5.0,1781776.380153739
kmer,GPR,AL,410004000,10,0,0,120,24,6.0,1572010.7095046854
kmer,GPR,AL,410004000,10,1,10,130,25,6.0,1572010.7095046854
kmer,GPR,AL,410004000,10,2,10,140,28,7.0,1643030.692362598
kmer,GPR,greedy,410004000,10,0,0,120,24,6.0,1572010.7095046854
kmer,GPR,greedy,410004000,10,1,10,130,25,7.0,1624458.5921325053
kmer,GPR,greedy,410004000,10,2,10,140,31,7.0,1624458.5921325053
kmer,GPR,guided,410004000,10,0,0,120,24,6.0,1572010.7095046854
kmer,GPR,guided,410004000,10,1,10,130,28,8.0,1624458.5921325053
kmer,GPR,guided,410004000,10,2,10,140,32,8.0,1624458.5921325053
kmer,GPR,AL,410004000,11,0,0,120,24,8.0,1787362.2572815537
kmer,GPR,AL,410004000,11,1,10,130,28,8.0,1787362.2572815537
kmer,GPR,AL,410004000,11,2,10,140,29,8.0,1787362.2572815537
kmer,GPR,greedy,410004000,11,0,0,120,24,8.0,1787362.2572815537
kmer,GPR,greedy,410004000,11,1,10,130,28,9.0,1787362.2572815537
kmer,GPR,greedy,410004000,11,2,10,140,30,9.0,1787362.2572815537
kmer,GPR,guided,410004000,11,0,0,120,24,8.0,1787362.2572815537
kmer,GPR,guided,410004000,11,1,10,130,30,9.0,1787362.2572815537
kmer,GPR,guided,410004000,11,2,10,140,31,9.0,1787362.2572815537
kmer,GPR,AL,410004000,12,0,0,120,24,6.0,1781776.380153739
kmer,GPR,AL,410004000,12,1,10,130,25,6.0,1781776.380153739
kmer,GPR,AL,410004000,12,2,10,140,27,6.0,1781776.380153739
kmer,GPR,greedy,410004000,12,0,0,120,24,6.0,1781776.380153739
kmer,GPR,greedy,410004000,12,1,10,130,29,6.0,1781776.380153739
kmer,GPR,greedy,410004000,12,2,10,140,32,6.0,1781776.380153739
kmer,GPR,guided,410004000,12,0,0,120,24,6.0,1781776.380153739
kmer,GPR,guided,410004000,12,1,10,130,28,6.0,1781776.380153739
kmer,GPR,guided,410004000,12,2,10,140,30,6.0,1781776.380153739
kmer,GPR,AL,410004000,13,0,0,120,24,6.0,1646742.3208191127
kmer,GPR,AL,410004000,13,1,10,130,27,7.0,1646742.3208191127
kmer,GPR,AL,410004000,13,2,10,140,28,7.0,1646742.3208191127
kmer,GPR,greedy,410004000,13,0,0,120,24,6.0,1646742.3208191127
kmer,GPR,greedy,410004000,13,1,10,130,28,7.0,1646742.3208191127
kmer,GPR,greedy,410004000,13,2,10,140,29,7.0,1646742.3208191127
kmer,GPR,guided,410004000,13,0,0,120,24,6.0,1646742.3208191127
kmer,GPR,guided,410004000,13,1,10,130,29,8.0,1741740.740740741
kmer,GPR,guided,410004000,13,2,10,140,32,9.0,1741740.740740741
kmer,GPR,AL,410004000,14,0,0,120,24,6.0,1716200.0000000002
kmer,GPR,AL,410004000,14,1,10,130,27,6.0,1716200.0000000002
kmer,GPR,AL,410004000,14,2,10,140,30,7.0,1716200.0000000002
kmer,GPR,greedy,410004000,14,0,0,120,24,6.0,1716200.0000000002
kmer,GPR,greedy,410004000,14,1,10,130,30,7.0,1741740.740740741
kmer,GPR,greedy,410004000,14,2,10,140,34,8.0,1741740.740740741
kmer,GPR,guided,410004000,14,0,0,120,24,6.0,1716200.0000000002
kmer,GPR,guided,410004000,14,1,10,130,31,7.0,1741740.740740741
kmer,GPR,guided,410004000,14,2,10,140,37,7.0,1741740.740740741
kmer,GPR,AL,410005000,0,0,0,120,24,5.0,1787362.2572815537
kmer,GPR,AL,410005000,0,1,10,130,25,5.0,1787362.2572815537
kmer,GPR,AL,410005000,0,2,10,140,28,6.0,1787362.2572815537
kmer,GPR,greedy,410005000,0,0,0,120,24,5.0,1787362.2572815537
kmer,GPR,greedy,410005000,0,1,10,130,26,6.0,1787362.2572815537
kmer,GPR,greedy,410005000,0,2,10,140,31,7.0,1787362.2572815537
kmer,GPR,guided,410005000,0,0,0,120,24,5.0,1787362.2572815537
kmer,GPR,guided,410005000,0,1,10,130,28,6.0,1787362.2572815537
kmer,GPR,guided,410005000,0,2,10,140,31,8.0,1787362.2572815537
kmer,GPR,AL,410005000,1,0,0,120,24,6.0,1787362.2572815537
kmer,GPR,AL,410005000,1,1,10,130,24,6.0,1787362.2572815537
kmer,GPR,AL,410005000,1,2,10,140,25,6.0,1787362.2572815537
kmer,GPR,greedy,410005000,1,0,0,120,24,6.0,1787362.2572815537
kmer,GPR,greedy,410005000,1,1,10,130,25,6.0,1787362.2572815537
kmer,GPR,greedy,410005000,1,2,10,140,28,8.0,1787362.2572815537
kmer,GPR,guided,410005000,1,0,0,120,24,6.0,1787362.2572815537
kmer,GPR,guided,410005000,1,1,10,130,27,7.0,1787362.2572815537
kmer,GPR,guided,410005000,1,2,10,140,29,9.0,1787362.2572815537
kmer,GPR,AL,410005000,2,0,0,120,24,2.0,1470439.1005621487
kmer,GPR,AL,410005000,2,1,10,130,26,2.0,1470439.1005621487
kmer,GPR,AL,410005000,2,2,10,140,29,4.0,1643030.692362598
kmer,GPR,greedy,410005000,2,0,0,120,24,2.0,1470439.1005621487
kmer,GPR,greedy,410005000,2,1,10,130,28,2.0,1470439.1005621487
kmer,GPR,greedy,410005000,2,2,10,140,32,4.0,1470439.1005621487
kmer,GPR,guided,410005000,2,0,0,120,24,2.0,1470439.1005621487
kmer,GPR,guided,410005000,2,1,10,130,29,3.0,1716200.0000000002
kmer,GPR,guided,410005000,2,2,10,140,30,3.0,1716200.0000000002
kmer,GPR,AL,410005000,3,0,0,120,24,5.0,1787362.2572815537
kmer,GPR,AL,410005000,3,1,10,130,28,6.0,1787362.2572815537
kmer,GPR,AL,410005000,3,2,10,140,31,7.0,1787362.2572815537
kmer,GPR,greedy,410005000,3,0,0,120,24,5.0,1787362.2572815537
kmer,GPR,greedy,410005000,3,1,10,130,29,7.0,1787362.2572815537
kmer,GPR,greedy,410005000,3,2,10,140,32,7.0,1787362.2572815537
kmer,GPR,guided,410005000,3,0,0,120,24,5.0,1787362.2572815537
kmer,GPR,guided,410005000,3,1,10,130,30,6.0,1787362.2572815537
kmer,GPR,guided,410005000,3,2,10,140,33,7.0,1787362.2572815537
kmer,GPR,AL,410005000,4,0,0,120,24,7.0,1787362.2572815537
kmer,GPR,AL,410005000,4,1,10,130,26,8.0,1787362.2572815537
kmer,GPR,AL,410005000,4,2,10,140,31,9.0,1787362.2572815537
kmer,GPR,greedy,410005000,4,0,0,120,24,7.0,1787362.2572815537
kmer,GPR,greedy,410005000,4,1,10,130,27,7.0,1787362.2572815537
kmer,GPR,greedy,410005000,4,2,10,140,31,8.0,1787362.2572815537
kmer,GPR,guided,410005000,4,0,0,120,24,7.0,1787362.2572815537
kmer,GPR,guided,410005000,4,1,10,130,30,8.0,1787362.2572815537
kmer,GPR,guided,410005000,4,2,10,140,33,9.0,1787362.2572815537
kmer,GPR,AL,410005000,5,0,0,120,24,8.0,1781776.380153739
kmer,GPR,AL,410005000,5,1,10,130,24,8.0,1781776.380153739
kmer,GPR,AL,410005000,5,2,10,140,27,8.0,1781776.380153739
kmer,GPR,greedy,410005000,5,0,0,120,24,8.0,1781776.380153739
kmer,GPR,greedy,410005000,5,1,10,130,27,9.0,1781776.380153739
kmer,GPR,greedy,410005000,5,2,10,140,29,10.0,1781776.380153739
kmer,GPR,guided,410005000,5,0,0,120,24,8.0,1781776.380153739
kmer,GPR,guided,410005000,5,1,10,130,28,8.0,1781776.380153739
kmer,GPR,guided,410005000,5,2,10,140,30,9.0,1781776.380153739
kmer,GPR,AL,410005000,6,0,0,120,24,4.0,1741740.740740741
kmer,GPR,AL,410005000,6,1,10,130,26,4.0,1741740.740740741
kmer,GPR,AL,410005000,6,2,10,140,29,4.0,1741740.740740741
kmer,GPR,greedy,410005000,6,0,0,120,24,4.0,1741740.740740741
kmer,GPR,greedy,410005000,6,1,10,130,27,6.0,1781776.380153739
kmer,GPR,greedy,410005000,6,2,10,140,31,8.0,1781776.380153739
kmer,GPR,guided,410005000,6,0,0,120,24,4.0,1741740.740740741
kmer,GPR,guided,410005000,6,1,10,130,29,6.0,1781776.380153739
kmer,GPR,guided,410005000,6,2,10,140,31,6.0,1781776.380153739
kmer,GPR,AL,410005000,7,0,0,120,24,7.0,1716200.0000000002
kmer,GPR,AL,410005000,7,1,10,130,27,7.0,1716200.0000000002
kmer,GPR,AL,410005000,7,2,10,140,30,8.0,1716200.0000000002
kmer,GPR,greedy,410005000,7,0,0,120,24,7.0,1716200.0000000002
kmer,GPR,greedy,410005000,7,1,10,130,28,7.0,1716200.0000000002
kmer,GPR,greedy,410005000,7,2,10,140,31,8.0,1716200.0000000002
kmer,GPR,guided,410005000,7,0,0,120,24,7.0,1716200.0000000002
kmer,GPR,guided,410005000,7,1,10,130,29,7.0,1716200.0000000002
kmer,GPR,guided,410005000,7,2,10,140,30,7.0,1716200.0000000002
kmer,GPR,AL,410005000,8,0,0,120,24,10.0,1787362.2572815537
kmer,GPR,AL,410005000,8,1,10,130,26,10.0,1787362.2572815537
kmer,GPR,AL,410005000,8,2,10,140,27,11.0,1787362.2572815537
kmer,GPR,greedy,410005000,8,0,0,120,24,10.0,1787362.2572815537
kmer,GPR,greedy,410005000,8,1,10,130,27,11.0,1787362.2572815537
kmer,GPR,greedy,410005000,8,2,10,140,29,12.0,1787362.2572815537
kmer,GPR,guided,410005000,8,0,0,120,24,10.0,1787362.2572815537
kmer,GPR,guided,410005000,8,1,10,130,28,11.0,1787362.2572815537
kmer,GPR,guided,410005000,8,2,10,140,28,11.0,1787362.2572815537
kmer,GPR,AL,410005000,9,0,0,120,24,3.0,1716200.0000000002
kmer,GPR,AL,410005000,9,1,10,130,26,3.0,1716200.0000000002
kmer,GPR,AL,410005000,9,2,10,140,29,3.0,1716200.0000000002
kmer,GPR,greedy,410005000,9,0,0,120,24,3.0,1716200.0000000002
kmer,GPR,greedy,410005000,9,1,10,130,32,6.0,1741740.740740741
kmer,GPR,greedy,410005000,9,2,10,140,38,8.0,1781776.380153739
kmer,GPR,guided,410005000,9,0,0,120,24,3.0,1716200.0000000002
kmer,GPR,guided,410005000,9,1,10,130,31,4.0,1716200.0000000002
kmer,GPR,guided,410005000,9,2,10,140,36,6.0,1741740.740740741
kmer,GPR,AL,410005000,10,0,0,120,24,5.0,1787362.2572815537
kmer,GPR,AL,410005000,10,1,10,130,26,5.0,1787362.2572815537
kmer,GPR,AL,410005000,10,2,10,140,26,5.0,1787362.2572815537
kmer,GPR,greedy,410005000,10,0,0,120,24,5.0,1787362.2572815537
kmer,GPR,greedy,410005000,10,1,10,130,29,6.0,1787362.2572815537
kmer,GPR,greedy,410005000,10,2,10,140,34,7.0,1787362.2572815537
kmer,GPR,guided,410005000,10,0,0,120,24,5.0,1787362.2572815537
kmer,GPR,guided,410005000,10,1,10,130,30,6.0,1787362.2572815537
kmer,GPR,guided,410005000,10,2,10,140,33,6.0,1787362.2572815537
kmer,GPR,AL,410005000,11,0,0,120,24,8.0,1787362.2572815537
kmer,GPR,AL,410005000,11,1,10,130,26,8.0,1787362.2572815537
kmer,GPR,AL,410005000,11,2,10,140,27,9.0,1787362.2572815537
kmer,GPR,greedy,410005000,11,0,0,120,24,8.0,1787362.2572815537
kmer,GPR,greedy,410005000,11,1,10,130,25,9.0,1787362.2572815537
kmer,GPR,greedy,410005000,11,2,10,140,27,10.0,1787362.2572815537
kmer,GPR,guided,410005000,11,0,0,120,24,8.0,1787362.2572815537
kmer,GPR,guided,410005000,11,1,10,130,26,8.0,1787362.2572815537
kmer,GPR,guided,410005000,11,2,10,140,27,9.0,1787362.2572815537
kmer,GPR,AL,410005000,12,0,0,120,24,6.0,1572010.7095046854
kmer,GPR,AL,410005000,12,1,10,130,24,6.0,1572010.7095046854
kmer,GPR,AL,410005000,12,2,10,140,28,6.0,1572010.7095046854
kmer,GPR,greedy,410005000,12,0,0,120,24,6.0,1572010.7095046854
kmer,GPR,greedy,410005000,12,1,10,130,27,6.0,1572010.7095046854
kmer,GPR,greedy,410005000,12,2,10,140,29,7.0,1572010.7095046854
kmer,GPR,guided,410005000,12,0,0,120,24,6.0,1572010.7095046854
kmer,GPR,guided,410005000,12,1,10,130,29,7.0,1572010.7095046854
kmer,GPR,guided,410005000,12,2,10,140,32,8.0,1572010.7095046854
kmer,GPR,AL,410005000,13,0,0,120,24,5.0,1787362.2572815537
kmer,GPR,AL,410005000,13,1,10,130,27,5.0,1787362.2572815537
kmer,GPR,AL,410005000,13,2,10,140,32,6.0,1787362.2572815537
kmer,GPR,greedy,410005000,13,0,0,120,24,5.0,1787362.2572815537
kmer,GPR,greedy,410005000,13,1,10,130,31,7.0,1787362.2572815537
kmer,GPR,greedy,410005000,13,2,10,140,35,8.0,1787362.2572815537
kmer,GPR,guided,410005000,13,0,0,120,24,5.0,1787362.2572815537
kmer,GPR,guided,410005000,13,1,10,130,31,9.0,1787362.2572815537
kmer,GPR,guided,410005000,13,2,10,140,34,9.0,1787362.2572815537
kmer,GPR,AL,410005000,14,0,0,120,24,4.0,1572010.7095046854
kmer,GPR,AL,410005000,14,1,10,130,28,5.0,1572010.7095046854
kmer,GPR,AL,410005000,14,2,10,140,32,5.0,1572010.7095046854
kmer,GPR,greedy,410005000,14,0,0,120,24,4.0,1572010.7095046854
kmer,GPR,greedy,410005000,14,1,10,130,30,5.0,1624458.5921325053
kmer,GPR,greedy,410005000,14,2,10,140,36,6.0,1741740.740740741
kmer,GPR,guided,410005000,14,0,0,120,24,4.0,1572010.7095046854
kmer,GPR,guided,410005000,14,1,10,130,30,4.0,1572010.7095046854
kmer,GPR,guided,410005000,14,2,10,140,35,5.0,1624458.5921325053
kmer,DNN,AL,410001000,0,0,0,120,24,7.0,1781776.380153739
kmer,DNN,AL,410001000,0,1,10,130,26,8.0,1781776.380153739
kmer,DNN,AL,410001000,0,2,10,140,30,9.0,1781776.380153739
kmer,DNN,greedy,410001000,0,0,0,120,24,7.0,1781776.380153739
kmer,DNN,greedy,410001000,0,1,10,130,28,9.0,1781776.380153739
kmer,DNN,greedy,410001000,0,2,10,140,33,11.0,1781776.380153739
kmer,DNN,guided,410001000,0,0,0,120,24,7.0,1781776.380153739
kmer,DNN,guided,410001000,0,1,10,130,30,9.0,1781776.380153739
kmer,DNN,guided,410001000,0,2,10,140,34,11.0,1781776.380153739
kmer,DNN,AL,410001000,1,0,0,120,24,9.0,1781776.380153739
kmer,DNN,AL,410001000,1,1,10,130,28,9.0,1781776.380153739
kmer,DNN,AL,410001000,1,2,10,140,30,9.0,1781776.380153739
kmer,DNN,greedy,410001000,1,0,0,120,24,9.0,1781776.380153739
kmer,DNN,greedy,410001000,1,1,10,130,28,9.0,1781776.380153739
kmer,DNN,greedy,410001000,1,2,10,140,31,9.0,1781776.380153739
kmer,DNN,guided,410001000,1,0,0,120,24,9.0,1781776.380153739
kmer,DNN,guided,410001000,1,1,10,130,29,9.0,1781776.380153739
kmer,DNN,guided,410001000,1,2,10,140,36,9.0,1781776.380153739
kmer,DNN,AL,410001000,2,0,0,120,24,6.0,1741740.740740741
kmer,DNN,AL,410001000,2,1,10,130,27,7.0,1741740.740740741
kmer,DNN,AL,410001000,2,2,10,140,28,7.0,1741740.740740741
kmer,DNN,greedy,410001000,2,0,0,120,24,6.0,1741740.740740741
kmer,DNN,greedy,410001000,2,1,10,130,27,7.0,1741740.740740741
kmer,DNN,greedy,410001000,2,2,10,140,29,7.0,1741740.740740741
kmer,DNN,guided,410001000,2,0,0,120,24,6.0,1741740.740740741
kmer,DNN,guided,410001000,2,1,10,130,26,6.0,1741740.740740741
kmer,DNN,guided,410001000,2,2,10,140,28,7.0,1741740.740740741
kmer,DNN,AL,410001000,3,0,0,120,24,5.0,1624458.5921325053
kmer,DNN,AL,410001000,3,1,10,130,24,5.0,1624458.5921325053
kmer,DNN,AL,410001000,3,2,10,140,26,5.0,1624458.5921325053
kmer,DNN,greedy,410001000,3,0,0,120,24,5.0,1624458.5921325053
kmer,DNN,greedy,410001000,3,1,10,130,27,8.0,1643030.692362598
kmer,DNN,greedy,410001000,3,2,10,140,32,8.0,1643030.692362598
kmer,DNN,guided,410001000,3,0,0,120,24,5.0,1624458.5921325053
kmer,DNN,guided,410001000,3,1,10,130,29,7.0,1643030.692362598
kmer,DNN,guided,410001000,3,2,10,140,31,8.0,1643030.692362598
kmer,DNN,AL,410001000,4,0,0,120,24,7.0,1787362.2572815537
kmer,DNN,AL,410001000,4,1,10,130,24,7.0,1787362.2572815537
kmer,DNN,AL,410001000,4,2,10,140,25,7.0,1787362.2572815537
kmer,DNN,greedy,410001000,4,0,0,120,24,7.0,1787362.2572815537
kmer,DNN,greedy,410001000,4,1,10,130,26,7.0,1787362.2572815537
kmer,DNN,greedy,410001000,4,2,10,140,27,7.0,1787362.2572815537
kmer,DNN,guided,410001000,4,0,0,120,24,7.0,1787362.2572815537
kmer,DNN,guided,410001000,4,1,10,130,26,7.0,1787362.2572815537
kmer,DNN,guided,410001000,4,2,10,140,31,7.0,1787362.2572815537
kmer,DNN,AL,410001000,5,0,0,120,24,5.0,1741740.740740741
kmer,DNN,AL,410001000,5,1,10,130,25,6.0,1741740.740740741
kmer,DNN,AL,410001000,5,2,10,140,26,6.0,1741740.740740741
kmer,DNN,greedy,410001000,5,0,0,120,24,5.0,1741740.740740741
kmer,DNN,greedy,410001000,5,1,10,130,27,5.0,1741740.740740741
kmer,DNN,greedy,410001000,5,2,10,140,29,6.0,1741740.740740741
kmer,DNN,guided,410001000,5,0,0,120,24,5.0,1741740.740740741
kmer,DNN,guided,410001000,5,1,10,130,30,7.0,1781776.380153739
kmer,DNN,guided,410001000,5,2,10,140,31,7.0,1781776.380153739
kmer,DNN,AL,410001000,6,0,0,120,24,4.0,1470439.1005621487
kmer,DNN,AL,410001000,6,1,10,130,29,6.0,1643030.692362598
kmer,DNN,AL,410001000,6,2,10,140,32,6.0,1643030.692362598
kmer,DNN,greedy,410001000,6,0,0,120,24,4.0,1470439.1005621487
kmer,DNN,greedy,410001000,6,1,10,130,29,5.0,1568230.9482257126
kmer,DNN,greedy,410001000,6,2,10,140,33,6.0,1568230.9482257126
kmer,DNN,guided,410001000,6,0,0,120,24,4.0,1470439.1005621487
kmer,DNN,guided,410001000,6,1,10,130,31,6.0,1716200.0000000002
kmer,DNN,guided,410001000,6,2,10,140,33,6.0,1716200.0000000002
kmer,DNN,AL,410001000,7,0,0,120,24,5.0,1787362.2572815537
kmer,DNN,AL,410001000,7,1,10,130,25,6.0,1787362.2572815537
kmer,DNN,AL,410001000,7,2,10,140,26,6.0,1787362.2572815537
kmer,DNN,greedy,410001000,7,0,0,120,24,5.0,1787362.2572815537
kmer,DNN,greedy,410001000,7,1,10,130,25,5.0,1787362.2572815537
kmer,DNN,greedy,410001000,7,2,10,140,26,6.0,1787362.2572815537
kmer,DNN,guided,410001000,7,0,0,120,24,5.0,1787362.2572815537
kmer,DNN,guided,410001000,7,1,10,130,26,7.0,1787362.2572815537
kmer,DNN,guided,410001000,7,2,10,140,27,7.0,1787362.2572815537
kmer,DNN,AL,410001000,8,0,0,120,24,3.0,1781776.380153739
kmer,DNN,AL,410001000,8,1,10,130,29,3.0,1781776.380153739
kmer,DNN,AL,410001000,8,2,10,140,29,3.0,1781776.380153739
kmer,DNN,greedy,410001000,8,0,0,120,24,3.0,1781776.380153739
kmer,DNN,greedy,410001000,8,1,10,130,26,3.0,1781776.380153739
kmer,DNN,greedy,410001000,8,2,10,140,28,4.0,1781776.380153739
kmer,DNN,guided,410001000,8,0,0,120,24,3.0,1781776.380153739
kmer,DNN,guided,410001000,8,1,10,130,29,5.0,1781776.380153739
kmer,DNN,guided,410001000,8,2,10,140,31,5.0,1781776.380153739
kmer,DNN,AL,410001000,9,0,0,120,24,6.0,1624458.5921325053
kmer,DNN,AL,410001000,9,1,10,130,26,6.0,1624458.5921325053
kmer,DNN,AL,410001000,9,2,10,140,30,6.0,1624458.5921325053
kmer,DNN,greedy,410001000,9,0,0,120,24,6.0,1624458.5921325053
kmer,DNN,greedy,410001000,9,1,10,130,28,7.0,1624458.5921325053
kmer,DNN,greedy,410001000,9,2,10,140,33,8.0,1643030.692362598
kmer,DNN,guided,410001000,9,0,0,120,24,6.0,1624458.5921325053
kmer,DNN,guided,410001000,9,1,10,130,28,7.0,1624458.5921325053
kmer,DNN,guided,410001000,9,2,10,140,31,8.0,1624458.5921325053
kmer,DNN,AL,410001000,10,0,0,120,24,8.0,1716200.0000000002
kmer,DNN,AL,410001000,10,1,10,130,25,8.0,1716200.0000000002
kmer,DNN,AL,410001000,10,2,10,140,28,9.0,1787362.2572815537
kmer,DNN,greedy,410001000,10,0,0,120,24,8.0,1716200.0000000002
kmer,DNN,greedy,410001000,10,1,10,130,26,8.0,1716200.0000000002
kmer,DNN,greedy,410001000,10,2,10,140,30,9.0,1741740.740740741
kmer,DNN,guided,410001000,10,0,0,120,24,8.0,1716200.0000000002
kmer,DNN,guided,410001000,10,1,10,130,30,10.0,1781776.380153739
kmer,DNN,guided,410001000,10,2,10,140,31,10.0,1781776.380153739
kmer,DNN,AL,410001000,11,0,0,120,24,5.0,1741740.740740741
kmer,DNN,AL,410001000,11,1,10,130,27,6.0,1741740.740740741
kmer,DNN,AL,410001000,11,2,10,140,28,6.0,1741740.740740741
kmer,DNN,greedy,410001000,11,0,0,120,24,5.0,1741740.740740741
kmer,DNN,greedy,410001000,11,1,10,130,29,5.0,1741740.740740741
kmer,DNN,greedy,410001000,11,2,10,140,30,5.0,1741740.740740741
kmer,DNN,guided,410001000,11,0,0,120,24,5.0,1741740.740740741
kmer,DNN,guided,410001000,11,1,10,130,30,6.0,1741740.740740741
kmer,DNN,guided,410001000,11,2,10,140,32,6.0,1741740.740740741
kmer,DNN,AL,410001000,12,0,0,120,24,7.0,1716200.0000000002
kmer,DNN,AL,410001000,12,1,10,130,25,7.0,1716200.0000000002
kmer,DNN,AL,410001000,12,2,10,140,25,7.0,1716200.0000000002
kmer,DNN,greedy,410001000,12,0,0,120,24,7.0,1716200.0000000002
kmer,DNN,greedy,410001000,12,1,10,130,24,7.0,1716200.0000000002
kmer,DNN,greedy,410001000,12,2,10,140,26,7.0,1716200.0000000002
kmer,DNN,guided,410001000,12,0,0,120,24,7.0,1716200.0000000002
kmer,DNN,guided,410001000,12,1,10,130,25,8.0,1716200.0000000002
kmer,DNN,guided,410001000,12,2,10,140,27,8.0,1716200.0000000002
kmer,DNN,AL,410001000,13,0,0,120,24,3.0,1534929.0322580645
kmer,DNN,AL,410001000,13,1,10,130,27,4.0,1643030.692362598
kmer,DNN,AL,410001000,13,2,10,140,28,4.0,1643030.692362598
kmer,DNN,greedy,410001000,13,0,0,120,24,3.0,1534929.0322580645
kmer,DNN,greedy,410001000,13,1,10,130,28,4.0,1534929.0322580645
kmer,DNN,greedy,410001000,13,2,10,140,29,4.0,1534929.0322580645
kmer,DNN,guided,410001000,13,0,0,120,24,3.0,1534929.0322580645
kmer,DNN,guided,410001000,13,1,10,130,29,5.0,1781776.380153739
kmer,DNN,guided,410001000,13,2,10,140,34,7.0,1781776.380153739
kmer,DNN,AL,410001000,14,0,0,120,24,6.0,1646742.3208191127
kmer,DNN,AL,410001000,14,1,10,130,25,6.0,1646742.3208191127
kmer,DNN,AL,410001000,14,2,10,140,27,7.0,1741740.740740741
kmer,DNN,greedy,410001000,14,0,0,120,24,6.0,1646742.3208191127
kmer,DNN,greedy,410001000,14,1,10,130,30,7.0,1741740.740740741
kmer,DNN,greedy,410001000,14,2,10,140,35,7.0,1741740.740740741
kmer,DNN,guided,410001000,14,0,0,120,24,6.0,1646742.3208191127
kmer,DNN,guided,410001000,14,1,10,130,30,9.0,1781776.380153739
kmer,DNN,guided,410001000,14,2,10,140,33,9.0,1781776.380153739
kmer,DNN,AL,410002000,0,0,0,120,24,8.0,1646742.3208191127
kmer,DNN,AL,410002000,0,1,10,130,24,8.0,1646742.3208191127
kmer,DNN,AL,410002000,0,2,10,140,26,8.0,1646742.3208191127
kmer,DNN,greedy,410002000,0,0,0,120,24,8.0,1646742.3208191127
kmer,DNN,greedy,410002000,0,1,10,130,25,9.0,1741740.740740741
kmer,DNN,greedy,410002000,0,2,10,140,27,9.0,1741740.740740741
kmer,DNN,guided,410002000,0,0,0,120,24,8.0,1646742.3208191127
kmer,DNN,guided,410002000,0,1,10,130,30,10.0,1781776.380153739
kmer,DNN,guided,410002000,0,2,10,140,32,11.0,1781776.380153739
kmer,DNN,AL,410002000,1,0,0,120,24,6.0,1643030.692362598
kmer,DNN,AL,410002000,1,1,10,130,25,6.0,1643030.692362598
kmer,DNN,AL,410002000,1,2,10,140,33,7.0,1643030.692362598
kmer,DNN,greedy,410002000,1,0,0,120,24,6.0,1643030.692362598
kmer,DNN,greedy,410002000,1,1,10,130,28,6.0,1643030.692362598
kmer,DNN,greedy,410002000,1,2,10,140,29,7.0,1781776.380153739
kmer,DNN,guided,410002000,1,0,0,120,24,6.0,1643030.692362598
kmer,DNN,guided,410002000,1,1,10,130,27,6.0,1643030.692362598
kmer,DNN,guided,410002000,1,2,10,140,32,6.0,1643030.692362598
kmer,DNN,AL,410002000,2,0,0,120,24,8.0,1741740.740740741
kmer,DNN,AL,410002000,2,1,10,130,25,8.0,1741740.740740741
kmer,DNN,AL,410002000,2,2,10,140,27,8.0,1741740.740740741
kmer,DNN,greedy,410002000,2,0,0,120,24,8.0,1741740.740740741
kmer,DNN,greedy,410002000,2,1,10,130,25,8.0,1741740.740740741
kmer,DNN,greedy,410002000,2,2,10,140,26,8.0,1741740.740740741
kmer,DNN,guided,410002000,2,0,0,120,24,8.0,1741740.740740741
kmer,DNN,guided,410002000,2,1,10,130,27,10.0,1741740.740740741
kmer,DNN,guided,410002000,2,2,10,140,27,10.0,1741740.740740741
kmer,DNN,AL,410002000,3,0,0,120,24,7.0,1741740.740740741
kmer,DNN,AL,410002000,3,1,10,130,26,7.0,1741740.740740741
kmer,DNN,AL,410002000,3,2,10,140,28,7.0,1741740.740740741
kmer,DNN,greedy,410002000,3,0,0,120,24,7.0,1741740.740740741
kmer,DNN,greedy,410002000,3,1,10,130,27,7.0,1741740.740740741
kmer,DNN,greedy,410002000,3,2,10,140,31,8.0,1741740.740740741
kmer,DNN,guided,410002000,3,0,0,120,24,7.0,1741740.740740741
kmer,DNN,guided,410002000,3,1,10,130,31,9.0,1741740.740740741
kmer,DNN,guided,410002000,3,2,10,140,32,10.0,1741740.740740741
kmer,DNN,AL,410002000,4,0,0,120,24,11.0,1741740.740740741
kmer,DNN,AL,410002000,4,1,10,130,25,11.0,1741740.740740741
kmer,DNN,AL,410002000,4,2,10,140,25,11.0,1741740.740740741
kmer,DNN,greedy,410002000,4,0,0,120,24,11.0,1741740.740740741
kmer,DNN,greedy,410002000,4,1,10,130,28,12.0,1741740.740740741
kmer,DNN,greedy,410002000,4,2,10,140,30,13.0,1781776.380153739
kmer,DNN,guided,410002000,4,0,0,120,24,11.0,1741740.740740741
kmer,DNN,guided,410002000,4,1,10,130,28,13.0,1741740.740740741
kmer,DNN,guided,410002000,4,2,10,140,31,13.0,1741740.740740741
kmer,DNN,AL,410002000,5,0,0,120,24,4.0,1787362.2572815537
kmer,DNN,AL,410002000,5,1,10,130,27,5.0,1787362.2572815537
kmer,DNN,AL,410002000,5,2,10,140,28,5.0,1787362.2572815537
kmer,DNN,greedy,410002000,5,0,0,120,24,4.0,1787362.2572815537
kmer,DNN,greedy,410002000,5,1,10,130,28,5.0,1787362.2572815537
kmer,DNN,greedy,410002000,5,2,10,140,33,5.0,1787362.2572815537
kmer,DNN,guided,410002000,5,0,0,120,24,4.0,1787362.2572815537
kmer,DNN,guided,410002000,5,1,10,130,29,5.0,1787362.2572815537
kmer,DNN,guided,410002000,5,2,10,140,31,5.0,1787362.2572815537
kmer,DNN,AL,410002000,6,0,0,120,24,5.0,1646742.3208191127
kmer,DNN,AL,410002000,6,1,10,130,24,5.0,1646742.3208191127
kmer,DNN,AL,410002000,6,2,10,140,27,6.0,1646742.3208191127
kmer,DNN,greedy,410002000,6,0,0,120,24,5.0,1646742.3208191127
kmer,DNN,greedy,410002000,6,1,10,130,25,5.0,1646742.3208191127
kmer,DNN,greedy,410002000,6,2,10,140,28,6.0,1646742.3208191127
kmer,DNN,guided,410002000,6,0,0,120,24,5.0,1646742.3208191127
kmer,DNN,guided,410002000,6,1,10,130,28,7.0,1741740.740740741
kmer,DNN,guided,410002000,6,2,10,140,29,7.0,1741740.740740741
kmer,DNN,AL,410002000,7,0,0,120,24,7.0,1781776.380153739
kmer,DNN,AL,410002000,7,1,10,130,25,7.0,1781776.380153739
kmer,DNN,AL,410002000,7,2,10,140,26,7.0,1781776.380153739
kmer,DNN,greedy,410002000,7,0,0,120,24,7.0,1781776.380153739
kmer,DNN,greedy,410002000,7,1,10,130,28,7.0,1781776.380153739
kmer,DNN,greedy,410002000,7,2,10,140,32,8.0,1781776.380153739
kmer,DNN,guided,410002000,7,0,0,120,24,7.0,1781776.380153739
kmer,DNN,guided,410002000,7,1,10,130,29,7.0,1781776.380153739
kmer,DNN,guided,410002000,7,2,10,140,32,7.0,1781776.380153739
kmer,DNN,AL,410002000,8,0,0,120,24,6.0,1787362.2572815537
kmer,DNN,AL,410002000,8,1,10,130,29,8.0,1787362.2572815537
kmer,DNN,AL,410002000,8,2,10,140,30,8.0,1787362.2572815537
kmer,DNN,greedy,410002000,8,0,0,120,24,6.0,1787362.2572815537
kmer,DNN,greedy,410002000,8,1,10,130,26,6.0,1787362.2572815537
kmer,DNN,greedy,410002000,8,2,10,140,27,7.0,1787362.2572815537
kmer,DNN,guided,410002000,8,0,0,120,24,6.0,1787362.2572815537
kmer,DNN,guided,410002000,8,1,10,130,30,8.0,1787362.2572815537
kmer,DNN,guided,410002000,8,2,10,140,36,10.0,1787362.2572815537
kmer,DNN,AL,410002000,9,0,0,120,24,5.0,1624458.5921325053
kmer,DNN,AL,410002000,9,1,10,130,27,5.0,1624458.5921325053
kmer,DNN,AL,410002000,9,2,10,140,30,5.0,1624458.5921325053
kmer,DNN,greedy,410002000,9,0,0,120,24,5.0,1624458.5921325053
kmer,DNN,greedy,410002000,9,1,10,130,28,5.0,1624458.5921325053
kmer,DNN,greedy,410002000,9,2,10,140,32,6.0,1624458.5921325053
kmer,DNN,guided,410002000,9,0,0,120,24,5.0,1624458.5921325053
kmer,DNN,guided,410002000,9,1,10,130,29,6.0,1624458.5921325053
kmer,DNN,guided,410002000,9,2,10,140,33,6.0,1624458.5921325053
kmer,DNN,AL,410002000,10,0,0,120,24,9.0,1781776.380153739
kmer,DNN,AL,410002000,10,1,10,130,24,9.0,1781776.380153739
kmer,DNN,AL,410002000,10,2,10,140,24,9.0,1781776.380153739
kmer,DNN,greedy,410002000,10,0,0,120,24,9.0,1781776.380153739
kmer,DNN,greedy,410002000,10,1,10,130,28,9.0,1781776.380153739
kmer,DNN,greedy,410002000,10,2,10,140,31,10.0,1781776.380153739
kmer,DNN,guided,410002000,10,0,0,120,24,9.0,1781776.380153739
kmer,DNN,guided,410002000,10,1,10,130,29,10.0,1781776.380153739
kmer,DNN,guided,410002000,10,2,10,140,33,10.0,1781776.380153739
kmer,DNN,AL,410002000,11,0,0,120,24,9.0,1741740.740740741
kmer,DNN,AL,410002000,11,1,10,130,24,9.0,1741740.740740741
kmer,DNN,AL,410002000,11,2,10,140,26,9.0,1741740.740740741
kmer,DNN,greedy,410002000,11,0,0,120,24,9.0,1741740.740740741
kmer,DNN,greedy,410002000,11,1,10,130,27,9.0,1741740.740740741
kmer,DNN,greedy,410002000,11,2,10,140,28,9.0,1741740.740740741
kmer,DNN,guided,410002000,11,0,0,120,24,9.0,1741740.740740741
kmer,DNN,guided,410002000,11,1,10,130,28,10.0,1741740.740740741
kmer,DNN,guided,410002000,11,2,10,140,30,11.0,1781776.380153739
kmer,DNN,AL,410002000,12,0,0,120,24,4.0,1568230.9482257126
kmer,DNN,AL,410002000,12,1,10,130,27,4.0,1568230.9482257126
kmer,DNN,AL,410002000,12,2,10,140,28,4.0,1568230.9482257126
kmer,DNN,greedy,410002000,12,0,0,120,24,4.0,1568230.9482257126
kmer,DNN,greedy,410002000,12,1,10,130,26,4.0,1568230.9482257126
kmer,DNN,greedy,410002000,12,2,10,140,31,4.0,1568230.9482257126
kmer,DNN,guided,410002000,12,0,0,120,24,4.0,1568230.9482257126
kmer,DNN,guided,410002000,12,1,10,130,28,5.0,1716200.0000000002
kmer,DNN,guided,410002000,12,2,10,140,30,5.0,1716200.0000000002
kmer,DNN,AL,410002000,13,0,0,120,24,6.0,1781776.380153739
kmer,DNN,AL,410002000,13,1,10,130,25,6.0,1781776.380153739
kmer,DNN,AL,410002000,13,2,10,140,26,6.0,1781776.380153739
kmer,DNN,greedy,410002000,13,0,0,120,24,6.0,1781776.380153739
kmer,DNN,greedy,410002000,13,1,10,130,27,6.0,1781776.380153739
kmer,DNN,greedy,410002000,13,2,10,140,29,6.0,1781776.380153739
kmer,DNN,guided,410002000,13,0,0,120,24,6.0,1781776.380153739
kmer,DNN,guided,410002000,13,1,10,130,28,6.0,1781776.380153739
kmer,DNN,guided,410002000,13,2,10,140,31,6.0,1781776.380153739
kmer,DNN,AL,410002000,14,0,0,120,24,6.0,1470439.1005621487
kmer,DNN,AL,410002000,14,1,10,130,29,6.0,1470439.1005621487
kmer,DNN,AL,410002000,14,2,10,140,32,7.0,1470439.1005621487
kmer,DNN,greedy,410002000,14,0,0,120,24,6.0,1470439.1005621487
kmer,DNN,greedy,410002000,14,1,10,130,28,6.0,1470439.1005621487
kmer,DNN,greedy,410002000,14,2,10,140,33,7.0,1568230.9482257126
kmer,DNN,guided,410002000,14,0,0,120,24,6.0,1470439.1005621487
kmer,DNN,guided,410002000,14,1,10,130,30,9.0,1781776.380153739
kmer,DNN,guided,410002000,14,2,10,140,33,9.0,1781776.380153739
kmer,DNN,AL,410003000,0,0,0,120,24,7.0,1781776.380153739
kmer,DNN,AL,410003000,0,1,10,130,24,7.0,1781776.380153739
kmer,DNN,AL,410003000,0,2,10,140,25,7.0,1781776.380153739
kmer,DNN,greedy,410003000,0,0,0,120,24,7.0,1781776.380153739
kmer,DNN,greedy,410003000,0,1,10,130,24,7.0,1781776.380153739
kmer,DNN,greedy,410003000,0,2,10,140,24,7.0,1781776.380153739
kmer,DNN,guided,410003000,0,0,0,120,24,7.0,1781776.380153739
kmer,DNN,guided,410003000,0,1,10,130,29,7.0,1781776.380153739
kmer,DNN,guided,410003000,0,2,10,140,29,7.0,1781776.380153739
kmer,DNN,AL,410003000,1,0,0,120,24,5.0,1741740.740740741
kmer,DNN,AL,410003000,1,1,10,130,26,5.0,1741740.740740741
kmer,DNN,AL,410003000,1,2,10,140,26,5.0,1741740.740740741
kmer,DNN,greedy,410003000,1,0,0,120,24,5.0,1741740.740740741
kmer,DNN,greedy,410003000,1,1,10,130,26,6.0,1741740.740740741
kmer,DNN,greedy,410003000,1,2,10,140,30,8.0,1741740.740740741
kmer,DNN,guided,410003000,1,0,0,120,24,5.0,1741740.740740741
kmer,DNN,guided,410003000,1,1,10,130,30,7.0,1741740.740740741
kmer,DNN,guided,410003000,1,2,10,140,34,7.0,1741740.740740741
kmer,DNN,AL,410003000,2,0,0,120,24,9.0,1787362.2572815537
kmer,DNN,AL,410003000,2,1,10,130,27,9.0,1787362.2572815537
kmer,DNN,AL,410003000,2,2,10,140,29,9.0,1787362.2572815537
kmer,DNN,greedy,410003000,2,0,0,120,24,9.0,1787362.2572815537
kmer,DNN,greedy,410003000,2,1,10,130,27,10.0,1787362.2572815537
kmer,DNN,greedy,410003000,2,2,10,140,31,10.0,1787362.2572815537
kmer,DNN,guided,410003000,2,0,0,120,24,9.0,1787362.2572815537
kmer,DNN,guided,410003000,2,1,10,130,28,9.0,1787362.2572815537
kmer,DNN,guided,410003000,2,2,10,140,32,10.0,1787362.2572815537
kmer,DNN,AL,410003000,3,0,0,120,24,4.0,1787362.2572815537
kmer,DNN,AL,410003000,3,1,10,130,25,4.0,1787362.2572815537
kmer,DNN,AL,410003000,3,2,10,140,28,4.0,1787362.2572815537
kmer,DNN,greedy,410003000,3,0,0,120,24,4.0,1787362.2572815537
kmer,DNN,greedy,410003000,3,1,10,130,26,4.0,1787362.2572815537
kmer,DNN,greedy,410003000,3,2,10,140,27,4.0,1787362.2572815537
kmer,DNN,guided,410003000,3,0,0,120,24,4.0,1787362.2572815537
kmer,DNN,guided,410003000,3,1,10,130,28,6.0,1787362.2572815537
kmer,DNN,guided,410003000,3,2,10,140,31,6.0,1787362.2572815537
kmer,DNN,AL,410003000,4,0,0,120,24,4.0,1534929.0322580645
kmer,DNN,AL,410003000,4,1,10,130,27,4.0,1534929.0322580645
kmer,DNN,AL,410003000,4,2,10,140,28,4.0,1534929.0322580645
kmer,DNN,greedy,410003000,4,0,0,120,24,4.0,1534929.0322580645
kmer,DNN,greedy,410003000,4,1,10,130,25,4.0,1534929.0322580645
kmer,DNN,greedy,410003000,4,2,10,140,30,4.0,1534929.0322580645
kmer,DNN,guided,410003000,4,0,0,120,24,4.0,1534929.0322580645
kmer,DNN,guided,410003000,4,1,10,130,27,5.0,1534929.0322580645
kmer,DNN,guided,410003000,4,2,10,140,33,5.0,1534929.0322580645
kmer,DNN,AL,410003000,5,0,0,120,24,0.0,1356279.4029850746
kmer,DNN,AL,410003000,5,1,10,130,27,1.0,1643030.692362598
kmer,DNN,AL,410003000,5,2,10,140,30,3.0,1643030.692362598
kmer,DNN,greedy,410003000,5,0,0,120,24,0.0,1356279.4029850746
kmer,DNN,greedy,410003000,5,1,10,130,28,1.0,1643030.692362598
kmer,DNN,greedy,410003000,5,2,10,140,31,2.0,1643030.692362598
kmer,DNN,guided,410003000,5,0,0,120,24,0.0,1356279.4029850746
kmer,DNN,guided,410003000,5,1,10,130,30,2.0,1643030.692362598
kmer,DNN,guided,410003000,5,2,10,140,32,3.0,1643030.692362598
kmer,DNN,AL,410003000,6,0,0,120,24,5.0,1643030.692362598
kmer,DNN,AL,410003000,6,1,10,130,26,5.0,1643030.692362598
kmer,DNN,AL,410003000,6,2,10,140,28,5.0,1643030.692362598
kmer,DNN,greedy,410003000,6,0,0,120,24,5.0,1643030.692362598
kmer,DNN,greedy,410003000,6,1,10,130,31,6.0,1643030.692362598
kmer,DNN,greedy,410003000,6,2,10,140,32,7.0,1643030.692362598
kmer,DNN,guided,410003000,6,0,0,120,24,5.0,1643030.692362598
kmer,DNN,guided,410003000,6,1,10,130,33,6.0,1643030.692362598
kmer,DNN,guided,410003000,6,2,10,140,34,7.0,1643030.692362598
kmer,DNN,AL,410003000,7,0,0,120,24,7.0,1781776.380153739
kmer,DNN,AL,410003000,7,1,10,130,27,8.0,1781776.380153739
kmer,DNN,AL,410003000,7,2,10,140,28,9.0,1781776.380153739
kmer,DNN,greedy,410003000,7,0,0,120,24,7.0,1781776.380153739
kmer,DNN,greedy,410003000,7,1,10,130,29,8.0,1781776.380153739
kmer,DNN,greedy,410003000,7,2,10,140,31,8.0,1781776.380153739
kmer,DNN,guided,410003000,7,0,0,120,24,7.0,1781776.380153739
kmer,DNN,guided,410003000,7,1,10,130,30,8.0,1781776.380153739
kmer,DNN,guided,410003000,7,2,10,140,34,8.0,1781776.380153739
kmer,DNN,AL,410003000,8,0,0,120,24,8.0,1781776.380153739
kmer,DNN,AL,410003000,8,1,10,130,24,8.0,1781776.380153739
kmer,DNN,AL,410003000,8,2,10,140,24,8.0,1781776.380153739
kmer,DNN,greedy,410003000,8,0,0,120,24,8.0,1781776.380153739
kmer,DNN,greedy,410003000,8,1,10,130,26,9.0,1781776.380153739
kmer,DNN,greedy,410003000,8,2,10,140,26,9.0,1781776.380153739
kmer,DNN,guided,410003000,8,0,0,120,24,8.0,1781776.380153739
kmer,DNN,guided,410003000,8,1,10,130,28,10.0,1781776.380153739
kmer,DNN,guided,410003000,8,2,10,140,28,10.0,1781776.380153739
kmer,DNN,AL,410003000,9,0,0,120,24,4.0,1572010.7095046854
kmer,DNN,AL,410003000,9,1,10,130,25,4.0,1572010.7095046854
kmer,DNN,AL,410003000,9,2,10,140,27,4.0,1572010.7095046854
kmer,DNN,greedy,410003000,9,0,0,120,24,4.0,1572010.7095046854
kmer,DNN,greedy,410003000,9,1,10,130,25,4.0,1572010.7095046854
kmer,DNN,greedy,410003000,9,2,10,140,27,4.0,1572010.7095046854
kmer,DNN,guided,410003000,9,0,0,120,24,4.0,1572010.7095046854
kmer,DNN,guided,410003000,9,1,10,130,28,5.0,1716200.0000000002
kmer,DNN,guided,410003000,9,2,10,140,31,6.0,1716200.0000000002
kmer,DNN,AL,410003000,10,0,0,120,24,5.0,1787362.2572815537
kmer,DNN,AL,410003000,10,1,10,130,24,5.0,1787362.2572815537
kmer,DNN,AL,410003000,10,2,10,140,25,5.0,1787362.2572815537
kmer,DNN,greedy,410003000,10,0,0,120,24,5.0,1787362.2572815537
kmer,DNN,greedy,410003000,10,1,10,130,27,5.0,1787362.2572815537
kmer,DNN,greedy,410003000,10,2,10,140,30,6.0,1787362.2572815537
kmer,DNN,guided,410003000,10,0,0,120,24,5.0,1787362.2572815537
kmer,DNN,guided,410003000,10,1,10,130,29,6.0,1787362.2572815537
kmer,DNN,guided,410003000,10,2,10,140,32,7.0,1787362.2572815537
kmer,DNN,AL,410003000,11,0,0,120,24,4.0,1534929.0322580645
kmer,DNN,AL,410003000,11,1,10,130,27,4.0,1534929.0322580645
kmer,DNN,AL,410003000,11,2,10,140,28,4.0,1534929.0322580645
kmer,DNN,greedy,410003000,11,0,0,120,24,4.0,1534929.0322580645
kmer,DNN,greedy,410003000,11,1,10,130,27,4.0,1534929.0322580645
kmer,DNN,greedy,410003000,11,2,10,140,28,5.0,1534929.0322580645
kmer,DNN,guided,410003000,11,0,0,120,24,4.0,1534929.0322580645
kmer,DNN,guided,410003000,11,1,10,130,29,5.0,1781776.380153739
kmer,DNN,guided,410003000,11,2,10,140,30,6.0,1781776.380153739
kmer,DNN,AL,410003000,12,0,0,120,24,6.0,1716200.0000000002
kmer,DNN,AL,410003000,12,1,10,130,26,6.0,1716200.0000000002
kmer,DNN,AL,410003000,12,2,10,140,30,7.0,1716200.0000000002
kmer,DNN,greedy,410003000,12,0,0,120,24,6.0,1716200.0000000002
kmer,DNN,greedy,410003000,12,1,10,130,26,6.0,1716200.0000000002
kmer,DNN,greedy,410003000,12,2,10,140,29,8.0,1716200.0000000002
kmer,DNN,guided,410003000,12,0,0,120,24,6.0,1716200.0000000002
kmer,DNN,guided,410003000,12,1,10,130,28,6.0,1716200.0000000002
kmer,DNN,guided,410003000,12,2,10,140,29,7.0,1716200.0000000002
kmer,DNN,AL,410003000,13,0,0,120,24,3.0,1624458.5921325053
kmer,DNN,AL,410003000,13,1,10,130,25,3.0,1624458.5921325053
kmer,DNN,AL,410003000,13,2,10,140,29,4.0,1643030.692362598
kmer,DNN,greedy,410003000,13,0,0,120,24,3.0,1624458.5921325053
kmer,DNN,greedy,410003000,13,1,10,130,26,4.0,1624458.5921325053
kmer,DNN,greedy,410003000,13,2,10,140,31,4.0,1624458.5921325053
kmer,DNN,guided,410003000,13,0,0,120,24,3.0,1624458.5921325053
kmer,DNN,guided,410003000,13,1,10,130,29,6.0,1716200.0000000002
kmer,DNN,guided,410003000,13,2,10,140,33,7.0,1716200.0000000002
kmer,DNN,AL,410003000,14,0,0,120,24,5.0,1781776.380153739
kmer,DNN,AL,410003000,14,1,10,130,29,6.0,1781776.380153739
kmer,DNN,AL,410003000,14,2,10,140,31,6.0,1781776.380153739
kmer,DNN,greedy,410003000,14,0,0,120,24,5.0,1781776.380153739
kmer,DNN,greedy,410003000,14,1,10,130,27,5.0,1781776.380153739
kmer,DNN,greedy,410003000,14,2,10,140,33,5.0,1781776.380153739
kmer,DNN,guided,410003000,14,0,0,120,24,5.0,1781776.380153739
kmer,DNN,guided,410003000,14,1,10,130,30,7.0,1781776.380153739
kmer,DNN,guided,410003000,14,2,10,140,35,8.0,1781776.380153739
kmer,DNN,AL,410004000,0,0,0,120,24,5.0,1716200.0000000002
kmer,DNN,AL,410004000,0,1,10,130,28,6.0,1716200.0000000002
kmer,DNN,AL,410004000,0,2,10,140,33,8.0,1716200.0000000002
kmer,DNN,greedy,410004000,0,0,0,120,24,5.0,1716200.0000000002
kmer,DNN,greedy,410004000,0,1,10,130,29,6.0,1716200.0000000002
kmer,DNN,greedy,410004000,0,2,10,140,33,6.0,1716200.0000000002
kmer,DNN,guided,410004000,0,0,0,120,24,5.0,1716200.0000000002
kmer,DNN,guided,410004000,0,1,10,130,29,5.0,1716200.0000000002
kmer,DNN,guided,410004000,0,2,10,140,32,5.0,1716200.0000000002
kmer,DNN,AL,410004000,1,0,0,120,24,5.0,1741740.740740741
kmer,DNN,AL,410004000,1,1,10,130,25,6.0,1741740.740740741
kmer,DNN,AL,410004000,1,2,10,140,28,7.0,1741740.740740741
kmer,DNN,greedy,410004000,1,0,0,120,24,5.0,1741740.740740741
kmer,DNN,greedy,410004000,1,1,10,130,27,5.0,1741740.740740741
kmer,DNN,greedy,410004000,1,2,10,140,30,6.0,1741740.740740741
kmer,DNN,guided,410004000,1,0,0,120,24,5.0,1741740.740740741
kmer,DNN,guided,410004000,1,1,10,130,28,7.0,1741740.740740741
kmer,DNN,guided,410004000,1,2,10,140,31,8.0,1741740.740740741
kmer,DNN,AL,410004000,2,0,0,120,24,8.0,1787362.2572815537
kmer,DNN,AL,410004000,2,1,10,130,26,10.0,1787362.2572815537
kmer,DNN,AL,410004000,2,2,10,140,28,10.0,1787362.2572815537
kmer,DNN,greedy,410004000,2,0,0,120,24,8.0,1787362.2572815537
kmer,DNN,greedy,410004000,2,1,10,130,25,8.0,1787362.2572815537
kmer,DNN,greedy,410004000,2,2,10,140,27,8.0,1787362.2572815537
kmer,DNN,guided,410004000,2,0,0,120,24,8.0,1787362.2572815537
kmer,DNN,guided,410004000,2,1,10,130,27,8.0,1787362.2572815537
kmer,DNN,guided,410004000,2,2,10,140,29,9.0,1787362.2572815537
kmer,DNN,AL,410004000,3,0,0,120,24,4.0,1624458.5921325053
kmer,DNN,AL,410004000,3,1,10,130,28,4.0,1624458.5921325053
kmer,DNN,AL,410004000,3,2,10,140,29,4.0,1624458.5921325053
kmer,DNN,greedy,410004000,3,0,0,120,24,4.0,1624458.5921325053
kmer,DNN,greedy,410004000,3,1,10,130,29,4.0,1624458.5921325053
kmer,DNN,greedy,410004000,3,2,10,140,32,5.0,1624458.5921325053
kmer,DNN,guided,410004000,3,0,0,120,24,4.0,1624458.5921325053
kmer,DNN,guided,410004000,3,1,10,130,29,5.0,1624458.5921325053
kmer,DNN,guided,410004000,3,2,10,140,33,5.0,1624458.5921325053
kmer,DNN,AL,410004000,4,0,0,120,24,5.0,1716200.0000000002
kmer,DNN,AL,410004000,4,1,10,130,25,5.0,1716200.0000000002
kmer,DNN,AL,410004000,4,2,10,140,28,6.0,1716200.0000000002
kmer,DNN,greedy,410004000,4,0,0,120,24,5.0,1716200.0000000002
kmer,DNN,greedy,410004000,4,1,10,130,26,5.0,1716200.0000000002
kmer,DNN,greedy,410004000,4,2,10,140,30,6.0,1716200.0000000002
kmer,DNN,guided,410004000,4,0,0,120,24,5.0,1716200.0000000002
kmer,DNN,guided,410004000,4,1,10,130,29,6.0,1716200.0000000002
kmer,DNN,guided,410004000,4,2,10,140,32,7.0,1716200.0000000002
kmer,DNN,AL,410004000,5,0,0,120,24,8.0,1787362.2572815537
kmer,DNN,AL,410004000,5,1,10,130,26,8.0,1787362.2572815537
kmer,DNN,AL,410004000,5,2,10,140,29,9.0,1787362.2572815537
kmer,DNN,greedy,410004000,5,0,0,120,24,8.0,1787362.2572815537
kmer,DNN,greedy,410004000,5,1,10,130,27,9.0,1787362.2572815537
kmer,DNN,greedy,410004000,5,2,10,140,28,9.0,1787362.2572815537
kmer,DNN,guided,410004000,5,0,0,120,24,8.0,1787362.2572815537
kmer,DNN,guided,410004000,5,1,10,130,28,9.0,1787362.2572815537
kmer,DNN,guided,410004000,5,2,10,140,33,10.0,1787362.2572815537
kmer,DNN,AL,410004000,6,0,0,120,24,3.0,1781776.380153739
kmer,DNN,AL,410004000,6,1,10,130,28,4.0,1781776.380153739
kmer,DNN,AL,410004000,6,2,10,140,30,5.0,1781776.380153739
kmer,DNN,greedy,410004000,6,0,0,120,24,3.0,1781776.380153739
kmer,DNN,greedy,410004000,6,1,10,130,29,4.0,1781776.380153739
kmer,DNN,greedy,410004000,6,2,10,140,34,5.0,1781776.380153739
kmer,DNN,guided,410004000,6,0,0,120,24,3.0,1781776.380153739
kmer,DNN,guided,410004000,6,1,10,130,29,4.0,1781776.380153739
kmer,DNN,guided,410004000,6,2,10,140,31,4.0,1781776.380153739
kmer,DNN,AL,410004000,7,0,0,120,24,5.0,1787362.2572815537
kmer,DNN,AL,410004000,7,1,10,130,24,5.0,1787362.2572815537
kmer,DNN,AL,410004000,7,2,10,140,28,6.0,1787362.2572815537
kmer,DNN,greedy,410004000,7,0,0,120,24,5.0,1787362.2572815537
kmer,DNN,greedy,410004000,7,1,10,130,25,6.0,1787362.2572815537
kmer,DNN,greedy,410004000,7,2,10,140,27,6.0,1787362.2572815537
kmer,DNN,guided,410004000,7,0,0,120,24,5.0,1787362.2572815537
kmer,DNN,guided,410004000,7,1,10,130,28,7.0,1787362.2572815537
kmer,DNN,guided,410004000,7,2,10,140,30,7.0,1787362.2572815537
kmer,DNN,AL,410004000,8,0,0,120,24,6.0,1646742.3208191127
kmer,DNN,AL,410004000,8,1,10,130,26,7.0,1646742.3208191127
kmer,DNN,AL,410004000,8,2,10,140,30,7.0,1646742.3208191127
kmer,DNN,greedy,410004000,8,0,0,120,24,6.0,1646742.3208191127
kmer,DNN,greedy,410004000,8,1,10,130,29,6.0,1646742.3208191127
kmer,DNN,greedy,410004000,8,2,10,140,35,7.0,1646742.3208191127
kmer,DNN,guided,410004000,8,0,0,120,24,6.0,1646742.3208191127
kmer,DNN,guided,410004000,8,1,10,130,31,7.0,1741740.740740741
kmer,DNN,guided,410004000,8,2,10,140,35,8.0,1741740.740740741
kmer,DNN,AL,410004000,9,0,0,120,24,4.0,1781776.380153739
kmer,DNN,AL,410004000,9,1,10,130,25,4.0,1781776.380153739
kmer,DNN,AL,410004000,9,2,10,140,31,6.0,1781776.380153739
kmer,DNN,greedy,410004000,9,0,0,120,24,4.0,1781776.380153739
kmer,DNN,greedy,410004000,9,1,10,130,28,5.0,1781776.380153739
kmer,DNN,greedy,410004000,9,2,10,140,33,7.0,1781776.380153739
kmer,DNN,guided,410004000,9,0,0,120,24,4.0,1781776.380153739
kmer,DNN,guided,410004000,9,1,10,130,28,4.0,1781776.380153739
kmer,DNN,guided,410004000,9,2,10,140,33,6.0,1781776.380153739
kmer,DNN,AL,410004000,10,0,0,120,24,6.0,1572010.7095046854
kmer,DNN,AL,410004000,10,1,10,130,24,6.0,1572010.7095046854
kmer,DNN,AL,410004000,10,2,10,140,26,6.0,1572010.7095046854
kmer,DNN,greedy,410004000,10,0,0,120,24,6.0,1572010.7095046854
kmer,DNN,greedy,410004000,10,1,10,130,25,6.0,1572010.7095046854
kmer,DNN,greedy,410004000,10,2,10,140,28,7.0,1643030.692362598
kmer,DNN,guided,410004000,10,0,0,120,24,6.0,1572010.7095046854
kmer,DNN,guided,410004000,10,1,10,130,28,7.0,1572010.7095046854
kmer,DNN,guided,410004000,10,2,10,140,30,7.0,1572010.7095046854
kmer,DNN,AL,410004000,11,0,0,120,24,8.0,1787362.2572815537
kmer,DNN,AL,410004000,11,1,10,130,28,8.0,1787362.2572815537
kmer,DNN,AL,410004000,11,2,10,140,30,8.0,1787362.2572815537
kmer,DNN,greedy,410004000,11,0,0,120,24,8.0,1787362.2572815537
kmer,DNN,greedy,410004000,11,1,10,130,26,8.0,1787362.2572815537
kmer,DNN,greedy,410004000,11,2,10,140,28,8.0,1787362.2572815537
kmer,DNN,guided,410004000,11,0,0,120,24,8.0,1787362.2572815537
kmer,DNN,guided,410004000,11,1,10,130,28,9.0,1787362.2572815537
kmer,DNN,guided,410004000,11,2,10,140,29,9.0,1787362.2572815537
kmer,DNN,AL,410004000,12,0,0,120,24,6.0,1781776.380153739
kmer,DNN,AL,410004000,12,1,10,130,26,6.0,1781776.380153739
kmer,DNN,AL,410004000,12,2,10,140,28,6.0,1781776.380153739
kmer,DNN,greedy,410004000,12,0,0,120,24,6.0,1781776.380153739
kmer,DNN,greedy,410004000,12,1,10,130,27,6.0,1781776.380153739
kmer,DNN,greedy,410004000,12,2,10,140,30,7.0,1781776.380153739
kmer,DNN,guided,410004000,12,0,0,120,24,6.0,1781776.380153739
kmer,DNN,guided,410004000,12,1,10,130,27,6.0,1781776.380153739
kmer,DNN,guided,410004000,12,2,10,140,29,6.0,1781776.380153739
kmer,DNN,AL,410004000,13,0,0,120,24,6.0,1646742.3208191127
kmer,DNN,AL,410004000,13,1,10,130,27,7.0,1741740.740740741
kmer,DNN,AL,410004000,13,2,10,140,28,8.0,1741740.740740741
kmer,DNN,greedy,410004000,13,0,0,120,24,6.0,1646742.3208191127
kmer,DNN,greedy,410004000,13,1,10,130,29,7.0,1646742.3208191127
kmer,DNN,greedy,410004000,13,2,10,140,29,7.0,1646742.3208191127
kmer,DNN,guided,410004000,13,0,0,120,24,6.0,1646742.3208191127
kmer,DNN,guided,410004000,13,1,10,130,32,8.0,1741740.740740741
kmer,DNN,guided,410004000,13,2,10,140,35,9.0,1741740.740740741
kmer,DNN,AL,410004000,14,0,0,120,24,6.0,1716200.0000000002
kmer,DNN,AL,410004000,14,1,10,130,24,6.0,1716200.0000000002
kmer,DNN,AL,410004000,14,2,10,140,27,6.0,1716200.0000000002
kmer,DNN,greedy,410004000,14,0,0,120,24,6.0,1716200.0000000002
kmer,DNN,greedy,410004000,14,1,10,130,30,7.0,1716200.0000000002
kmer,DNN,greedy,410004000,14,2,10,140,35,9.0,1741740.740740741
kmer,DNN,guided,410004000,14,0,0,120,24,6.0,1716200.0000000002
kmer,DNN,guided,410004000,14,1,10,130,31,7.0,1741740.740740741
kmer,DNN,guided,410004000,14,2,10,140,38,8.0,1741740.740740741
kmer,DNN,AL,410005000,0,0,0,120,24,5.0,1787362.2572815537
kmer,DNN,AL,410005000,0,1,10,130,25,5.0,1787362.2572815537
kmer,DNN,AL,410005000,0,2,10,140,27,5.0,1787362.2572815537
kmer,DNN,greedy,410005000,0,0,0,120,24,5.0,1787362.2572815537
kmer,DNN,greedy,410005000,0,1,10,130,27,7.0,1787362.2572815537
kmer,DNN,greedy,410005000,0,2,10,140,28,7.0,1787362.2572815537
kmer,DNN,guided,410005000,0,0,0,120,24,5.0,1787362.2572815537
kmer,DNN,guided,410005000,0,1,10,130,28,7.0,1787362.2572815537
kmer,DNN,guided,410005000,0,2,10,140,30,9.0,1787362.2572815537
kmer,DNN,AL,410005000,1,0,0,120,24,6.0,1787362.2572815537
kmer,DNN,AL,410005000,1,1,10,130,24,6.0,1787362.2572815537
kmer,DNN,AL,410005000,1,2,10,140,24,6.0,1787362.2572815537
kmer,DNN,greedy,410005000,1,0,0,120,24,6.0,1787362.2572815537
kmer,DNN,greedy,410005000,1,1,10,130,25,6.0,1787362.2572815537
kmer,DNN,greedy,410005000,1,2,10,140,28,7.0,1787362.2572815537
kmer,DNN,guided,410005000,1,0,0,120,24,6.0,1787362.2572815537
kmer,DNN,guided,410005000,1,1,10,130,26,7.0,1787362.2572815537
kmer,DNN,guided,410005000,1,2,10,140,28,7.0,1787362.2572815537
kmer,DNN,AL,410005000,2,0,0,120,24,2.0,1470439.1005621487
kmer,DNN,AL,410005000,2,1,10,130,26,3.0,1568230.9482257126
kmer,DNN,AL,410005000,2,2,10,140,29,4.0,1568230.9482257126
kmer,DNN,greedy,410005000,2,0,0,120,24,2.0,1470439.1005621487
kmer,DNN,greedy,410005000,2,1,10,130,28,3.0,1741740.740740741
kmer,DNN,greedy,410005000,2,2,10,140,30,5.0,1741740.740740741
kmer,DNN,guided,410005000,2,0,0,120,24,2.0,1470439.1005621487
kmer,DNN,guided,410005000,2,1,10,130,28,3.0,1716200.0000000002
kmer,DNN,guided,410005000,2,2,10,140,31,4.0,1716200.0000000002
kmer,DNN,AL,410005000,3,0,0,120,24,5.0,1787362.2572815537
kmer,DNN,AL,410005000,3,1,10,130,28,5.0,1787362.2572815537
kmer,DNN,AL,410005000,3,2,10,140,28,5.0,1787362.2572815537
kmer,DNN,greedy,410005000,3,0,0,120,24,5.0,1787362.2572815537
kmer,DNN,greedy,410005000,3,1,10,130,27,5.0,1787362.2572815537
kmer,DNN,greedy,410005000,3,2,10,140,32,7.0,1787362.2572815537
kmer,DNN,guided,410005000,3,0,0,120,24,5.0,1787362.2572815537
kmer,DNN,guided,410005000,3,1,10,130,30,6.0,1787362.2572815537
kmer,DNN,guided,410005000,3,2,10,140,34,7.0,1787362.2572815537
kmer,DNN,AL,410005000,4,0,0,120,24,7.0,1787362.2572815537
kmer,DNN,AL,410005000,4,1,10,130,26,7.0,1787362.2572815537
kmer,DNN,AL,410005000,4,2,10,140,31,8.0,1787362.2572815537
kmer,DNN,greedy,410005000,4,0,0,120,24,7.0,1787362.2572815537
kmer,DNN,greedy,410005000,4,1,10,130,25,7.0,1787362.2572815537
kmer,DNN,greedy,410005000,4,2,10,140,30,8.0,1787362.2572815537
kmer,DNN,guided,410005000,4,0,0,120,24,7.0,1787362.2572815537
kmer,DNN,guided,410005000,4,1,10,130,28,8.0,1787362.2572815537
kmer,DNN,guided,410005000,4,2,10,140,31,8.0,1787362.2572815537
kmer,DNN,AL,410005000,5,0,0,120,24,8.0,1781776.380153739
kmer,DNN,AL,410005000,5,1,10,130,26,10.0,1781776.380153739
kmer,DNN,AL,410005000,5,2,10,140,31,10.0,1781776.380153739
kmer,DNN,greedy,410005000,5,0,0,120,24,8.0,1781776.380153739
kmer,DNN,greedy,410005000,5,1,10,130,27,8.0,1781776.380153739
kmer,DNN,greedy,410005000,5,2,10,140,30,10.0,1781776.380153739
kmer,DNN,guided,410005000,5,0,0,120,24,8.0,1781776.380153739
kmer,DNN,guided,410005000,5,1,10,130,29,8.0,1781776.380153739
kmer,DNN,guided,410005000,5,2,10,140,29,8.0,1781776.380153739
kmer,DNN,AL,410005000,6,0,0,120,24,4.0,1741740.740740741
kmer,DNN,AL,410005000,6,1,10,130,26,5.0,1741740.740740741
kmer,DNN,AL,410005000,6,2,10,140,29,6.0,1741740.740740741
kmer,DNN,greedy,410005000,6,0,0,120,24,4.0,1741740.740740741
kmer,DNN,greedy,410005000,6,1,10,130,28,7.0,1781776.380153739
kmer,DNN,greedy,410005000,6,2,10,140,30,8.0,1781776.380153739
kmer,DNN,guided,410005000,6,0,0,120,24,4.0,1741740.740740741
kmer,DNN,guided,410005000,6,1,10,130,31,7.0,1781776.380153739
kmer,DNN,guided,410005000,6,2,10,140,33,7.0,1781776.380153739
kmer,DNN,AL,410005000,7,0,0,120,24,7.0,1716200.0000000002
kmer,DNN,AL,410005000,7,1,10,130,26,7.0,1716200.0000000002
kmer,DNN,AL,410005000,7,2,10,140,30,7.0,1716200.0000000002
kmer,DNN,greedy,410005000,7,0,0,120,24,7.0,1716200.0000000002
kmer,DNN,greedy,410005000,7,1,10,130,24,7.0,1716200.0000000002
kmer,DNN,greedy,410005000,7,2,10,140,27,7.0,1716200.0000000002
kmer,DNN,guided,410005000,7,0,0,120,24,7.0,1716200.0000000002
kmer,DNN,guided,410005000,7,1,10,130,28,7.0,1716200.0000000002
kmer,DNN,guided,410005000,7,2,10,140,31,7.0,1716200.0000000002
kmer,DNN,AL,410005000,8,0,0,120,24,10.0,1787362.2572815537
kmer,DNN,AL,410005000,8,1,10,130,26,10.0,1787362.2572815537
kmer,DNN,AL,410005000,8,2,10,140,27,10.0,1787362.2572815537
kmer,DNN,greedy,410005000,8,0,0,120,24,10.0,1787362.2572815537
kmer,DNN,greedy,410005000,8,1,10,130,26,10.0,1787362.2572815537
kmer,DNN,greedy,410005000,8,2,10,140,28,11.0,1787362.2572815537
kmer,DNN,guided,410005000,8,0,0,120,24,10.0,1787362.2572815537
kmer,DNN,guided,410005000,8,1,10,130,28,11.0,1787362.2572815537
kmer,DNN,guided,410005000,8,2,10,140,30,12.0,1787362.2572815537
kmer,DNN,AL,410005000,9,0,0,120,24,3.0,1716200.0000000002
kmer,DNN,AL,410005000,9,1,10,130,26,3.0,1716200.0000000002
kmer,DNN,AL,410005000,9,2,10,140,30,3.0,1716200.0000000002
kmer,DNN,greedy,410005000,9,0,0,120,24,3.0,1716200.0000000002
kmer,DNN,greedy,410005000,9,1,10,130,31,5.0,1741740.740740741
kmer,DNN,greedy,410005000,9,2,10,140,34,7.0,1741740.740740741
kmer,DNN,guided,410005000,9,0,0,120,24,3.0,1716200.0000000002
kmer,DNN,guided,410005000,9,1,10,130,31,4.0,1716200.0000000002
kmer,DNN,guided,410005000,9,2,10,140,34,5.0,1716200.0000000002
kmer,DNN,AL,410005000,10,0,0,120,24,5.0,1787362.2572815537
kmer,DNN,AL,410005000,10,1,10,130,25,5.0,1787362.2572815537
kmer,DNN,AL,410005000,10,2,10,140,27,5.0,1787362.2572815537
kmer,DNN,greedy,410005000,10,0,0,120,24,5.0,1787362.2572815537
kmer,DNN,greedy,410005000,10,1,10,130,28,5.0,1787362.2572815537
kmer,DNN,greedy,410005000,10,2,10,140,34,6.0,1787362.2572815537
kmer,DNN,guided,410005000,10,0,0,120,24,5.0,1787362.2572815537
kmer,DNN,guided,410005000,10,1,10,130,30,6.0,1787362.2572815537
kmer,DNN,guided,410005000,10,2,10,140,34,6.0,1787362.2572815537
kmer,DNN,AL,410005000,11,0,0,120,24,8.0,1787362.2572815537
kmer,DNN,AL,410005000,11,1,10,130,25,8.0,1787362.2572815537
kmer,DNN,AL,410005000,11,2,10,140,25,8.0,1787362.2572815537
kmer,DNN,greedy,410005000,11,0,0,120,24,8.0,1787362.2572815537
kmer,DNN,greedy,410005000,11,1,10,130,27,9.0,1787362.2572815537
kmer,DNN,greedy,410005000,11,2,10,140,29,9.0,1787362.2572815537
kmer,DNN,guided,410005000,11,0,0,120,24,8.0,1787362.2572815537
kmer,DNN,guided,410005000,11,1,10,130,27,9.0,1787362.2572815537
kmer,DNN,guided,410005000,11,2,10,140,29,9.0,1787362.2572815537
kmer,DNN,AL,410005000,12,0,0,120,24,6.0,1572010.7095046854
kmer,DNN,AL,410005000,12,1,10,130,25,7.0,1643030.692362598
kmer,DNN,AL,410005000,12,2,10,140,30,8.0,1643030.692362598
kmer,DNN,greedy,410005000,12,0,0,120,24,6.0,1572010.7095046854
kmer,DNN,greedy,410005000,12,1,10,130,24,6.0,1572010.7095046854
kmer,DNN,greedy,410005000,12,2,10,140,29,7.0,1572010.7095046854
kmer,DNN,guided,410005000,12,0,0,120,24,6.0,1572010.7095046854
kmer,DNN,guided,410005000,12,1,10,130,26,7.0,1572010.7095046854
kmer,DNN,guided,410005000,12,2,10,140,30,8.0,1572010.7095046854
kmer,DNN,AL,410005000,13,0,0,120,24,5.0,1787362.2572815537
kmer,DNN,AL,410005000,13,1,10,130,28,5.0,1787362.2572815537
kmer,DNN,AL,410005000,13,2,10,140,30,6.0,1787362.2572815537
kmer,DNN,greedy,410005000,13,0,0,120,24,5.0,1787362.2572815537
kmer,DNN,greedy,410005000,13,1,10,130,30,6.0,1787362.2572815537
kmer,DNN,greedy,410005000,13,2,10,140,35,6.0,1787362.2572815537
kmer,DNN,guided,410005000,13,0,0,120,24,5.0,1787362.2572815537
kmer,DNN,guided,410005000,13,1,10,130,30,8.0,1787362.2572815537
kmer,DNN,guided,410005000,13,2,10,140,35,8.0,1787362.2572815537
kmer,DNN,AL,410005000,14,0,0,120,24,4.0,1572010.7095046854
kmer,DNN,AL,410005000,14,1,10,130,28,4.0,1572010.7095046854
kmer,DNN,AL,410005000,14,2,10,140,29,4.0,1572010.7095046854
kmer,DNN,greedy,410005000,14,0,0,120,24,4.0,1572010.7095046854
kmer,DNN,greedy,410005000,14,1,10,130,26,5.0,1572010.7095046854
kmer,DNN,greedy,410005000,14,2,10,140,30,5.0,1572010.7095046854
kmer,DNN,guided,410005000,14,0,0,120,24,4.0,1572010.7095046854
kmer,DNN,guided,410005000,14,1,10,130,29,4.0,1572010.7095046854
kmer,DNN,guided,410005000,14,2,10,140,34,4.0,1572010.7095046854
physico,XGB,AL,410001000,0,0,0,120,24,7.0,1781776.380153739
physico,XGB,AL,410001000,0,1,10,130,24,7.0,1781776.380153739
physico,XGB,AL,410001000,0,2,10,140,29,8.0,1781776.380153739
physico,XGB,greedy,410001000,0,0,0,120,24,7.0,1781776.380153739
physico,XGB,greedy,410001000,0,1,10,130,27,7.0,1781776.380153739
physico,XGB,greedy,410001000,0,2,10,140,32,7.0,1781776.380153739
physico,XGB,guided,410001000,0,0,0,120,24,7.0,1781776.380153739
physico,XGB,guided,410001000,0,1,10,130,30,9.0,1781776.380153739
physico,XGB,guided,410001000,0,2,10,140,34,9.0,1781776.380153739
physico,XGB,AL,410001000,1,0,0,120,24,9.0,1781776.380153739
physico,XGB,AL,410001000,1,1,10,130,28,9.0,1781776.380153739
physico,XGB,AL,410001000,1,2,10,140,30,10.0,1781776.380153739
physico,XGB,greedy,410001000,1,0,0,120,24,9.0,1781776.380153739
physico,XGB,greedy,410001000,1,1,10,130,29,11.0,1781776.380153739
physico,XGB,greedy,410001000,1,2,10,140,31,13.0,1781776.380153739
physico,XGB,guided,410001000,1,0,0,120,24,9.0,1781776.380153739
physico,XGB,guided,410001000,1,1,10,130,30,9.0,1781776.380153739
physico,XGB,guided,410001000,1,2,10,140,34,12.0,1781776.380153739
physico,XGB,AL,410001000,2,0,0,120,24,6.0,1741740.740740741
physico,XGB,AL,410001000,2,1,10,130,24,6.0,1741740.740740741
physico,XGB,AL,410001000,2,2,10,140,25,6.0,1741740.740740741
physico,XGB,greedy,410001000,2,0,0,120,24,6.0,1741740.740740741
physico,XGB,greedy,410001000,2,1,10,130,29,7.0,1741740.740740741
physico,XGB,greedy,410001000,2,2,10,140,33,9.0,1787362.2572815537
physico,XGB,guided,410001000,2,0,0,120,24,6.0,1741740.740740741
physico,XGB,guided,410001000,2,1,10,130,27,7.0,1741740.740740741
physico,XGB,guided,410001000,2,2,10,140,31,8.0,1741740.740740741
physico,XGB,AL,410001000,3,0,0,120,24,5.0,1624458.5921325053
physico,XGB,AL,410001000,3,1,10,130,26,6.0,1624458.5921325053
physico,XGB,AL,410001000,3,2,10,140,29,6.0,1624458.5921325053
physico,XGB,greedy,410001000,3,0,0,120,24,5.0,1624458.5921325053
physico,XGB,greedy,410001000,3,1,10,130,25,6.0,1624458.5921325053
physico,XGB,greedy,410001000,3,2,10,140,30,10.0,1741740.740740741
physico,XGB,guided,410001000,3,0,0,120,24,5.0,1624458.5921325053
physico,XGB,guided,410001000,3,1,10,130,28,6.0,1624458.5921325053
physico,XGB,guided,410001000,3,2,10,140,33,10.0,1741740.740740741
physico,XGB,AL,410001000,4,0,0,120,24,7.0,1787362.2572815537
physico,XGB,AL,410001000,4,1,10,130,26,7.0,1787362.2572815537
physico,XGB,AL,410001000,4,2,10,140,27,7.0,1787362.2572815537
physico,XGB,greedy,410001000,4,0,0,120,24,7.0,1787362.2572815537
physico,XGB,greedy,410001000,4,1,10,130,27,7.0,1787362.2572815537
physico,XGB,greedy,410001000,4,2,10,140,28,7.0,1787362.2572815537
physico,XGB,guided,410001000,4,0,0,120,24,7.0,1787362.2572815537
physico,XGB,guided,410001000,4,1,10,130,28,7.0,1787362.2572815537
physico,XGB,guided,410001000,4,2,10,140,31,7.0,1787362.2572815537
physico,XGB,AL,410001000,5,0,0,120,24,5.0,1741740.740740741
physico,XGB,AL,410001000,5,1,10,130,26,6.0,1741740.740740741
physico,XGB,AL,410001000,5,2,10,140,28,6.0,1741740.740740741
physico,XGB,greedy,410001000,5,0,0,120,24,5.0,1741740.740740741
physico,XGB,greedy,410001000,5,1,10,130,27,5.0,1741740.740740741
physico,XGB,greedy,410001000,5,2,10,140,28,5.0,1741740.740740741
physico,XGB,guided,410001000,5,0,0,120,24,5.0,1741740.740740741
physico,XGB,guided,410001000,5,1,10,130,29,7.0,1781776.380153739
physico,XGB,guided,410001000,5,2,10,140,30,7.0,1781776.380153739
physico,XGB,AL,410001000,6,0,0,120,24,4.0,1470439.1005621487
physico,XGB,AL,410001000,6,1,10,130,25,4.0,1470439.1005621487
physico,XGB,AL,410001000,6,2,10,140,29,6.0,1781776.380153739
physico,XGB,greedy,410001000,6,0,0,120,24,4.0,1470439.1005621487
physico,XGB,greedy,410001000,6,1,10,130,28,5.0,1534929.0322580645
physico,XGB,greedy,410001000,6,2,10,140,32,6.0,1534929.0322580645
physico,XGB,guided,410001000,6,0,0,120,24,4.0,1470439.1005621487
physico,XGB,guided,410001000,6,1,10,130,30,5.0,1716200.0000000002
physico,XGB,guided,410001000,6,2,10,140,34,7.0,1716200.0000000002
physico,XGB,AL,410001000,7,0,0,120,24,5.0,1787362.2572815537
physico,XGB,AL,410001000,7,1,10,130,24,5.0,1787362.2572815537
physico,XGB,AL,410001000,7,2,10,140,24,5.0,1787362.2572815537
physico,XGB,greedy,410001000,7,0,0,120,24,5.0,1787362.2572815537
physico,XGB,greedy,410001000,7,1,10,130,25,6.0,1787362.2572815537
physico,XGB,greedy,410001000,7,2,10,140,28,7.0,1787362.2572815537
physico,XGB,guided,410001000,7,0,0,120,24,5.0,1787362.2572815537
physico,XGB,guided,410001000,7,1,10,130,26,7.0,1787362.2572815537
physico,XGB,guided,410001000,7,2,10,140,29,8.0,1787362.2572815537
physico,XGB,AL,410001000,8,0,0,120,24,3.0,1781776.380153739
physico,XGB,AL,410001000,8,1,10,130,27,3.0,1781776.380153739
physico,XGB,AL,410001000,8,2,10,140,30,3.0,1781776.380153739
physico,XGB,greedy,410001000,8,0,0,120,24,3.0,1781776.380153739
physico,XGB,greedy,410001000,8,1,10,130,27,4.0,1781776.380153739
physico,XGB,greedy,410001000,8,2,10,140,31,4.0,1781776.380153739
physico,XGB,guided,410001000,8,0,0,120,24,3.0,1781776.380153739
physico,XGB,guided,410001000,8,1,10,130,28,5.0,1781776.380153739
physico,XGB,guided,410001000,8,2,10,140,30,6.0,1781776.380153739
physico,XGB,AL,410001000,9,0,0,120,24,6.0,1624458.5921325053
physico,XGB,AL,410001000,9,1,10,130,28,7.0,1716200.0000000002
physico,XGB,AL,410001000,9,2,10,140,30,7.0,1716200.0000000002
physico,XGB,greedy,410001000,9,0,0,120,24,6.0,1624458.5921325053
physico,XGB,greedy,410001000,9,1,10,130,28,7.0,1624458.5921325053
physico,XGB,greedy,410001000,9,2,10,140,32,8.0,1646742.3208191127
physico,XGB,guided,410001000,9,0,0,120,24,6.0,1624458.5921325053
physico,XGB,guided,410001000,9,1,10,130,27,7.0,1624458.5921325053
physico,XGB,guided,410001000,9,2,10,140,33,9.0,1646742.3208191127
physico,XGB,AL,410001000,10,0,0,120,24,8.0,1716200.0000000002
physico,XGB,AL,410001000,10,1,10,130,24,8.0,1716200.0000000002
physico,XGB,AL,410001000,10,2,10,140,25,8.0,1716200.0000000002
physico,XGB,greedy,410001000,10,0,0,120,24,8.0,1716200.0000000002
physico,XGB,greedy,410001000,10,1,10,130,28,9.0,1741740.740740741
physico,XGB,greedy,410001000,10,2,10,140,29,10.0,1787362.2572815537
physico,XGB,guided,410001000,10,0,0,120,24,8.0,1716200.0000000002
physico,XGB,guided,410001000,10,1,10,130,30,10.0,1781776.380153739
physico,XGB,guided,410001000,10,2,10,140,32,10.0,1781776.380153739
physico,XGB,AL,410001000,11,0,0,120,24,5.0,1741740.740740741
physico,XGB,AL,410001000,11,1,10,130,27,7.0,1741740.740740741
physico,XGB,AL,410001000,11,2,10,140,31,8.0,1741740.740740741
physico,XGB,greedy,410001000,11,0,0,120,24,5.0,1741740.740740741
physico,XGB,greedy,410001000,11,1,10,130,31,6.0,1741740.740740741
physico,XGB,greedy,410001000,11,2,10,140,34,6.0,1741740.740740741
physico,XGB,guided,410001000,11,0,0,120,24,5.0,1741740.740740741
physico,XGB,guided,410001000,11,1,10,130,30,6.0,1741740.740740741
physico,XGB,guided,410001000,11,2,10,140,34,6.0,1741740.740740741
physico,XGB,AL,410001000,12,0,0,120,24,7.0,1716200.0000000002
physico,XGB,AL,410001000,12,1,10,130,26,9.0,1716200.0000000002
physico,XGB,AL,410001000,12,2,10,140,26,9.0,1716200.0000000002
physico,XGB,greedy,410001000,12,0,0,120,24,7.0,1716200.0000000002
physico,XGB,greedy,410001000,12,1,10,130,25,7.0,1716200.0000000002
physico,XGB,greedy,410001000,12,2,10,140,25,7.0,1716200.0000000002
physico,XGB,guided,410001000,12,0,0,120,24,7.0,1716200.0000000002
physico,XGB,guided,410001000,12,1,10,130,25,8.0,1716200.0000000002
physico,XGB,guided,410001000,12,2,10,140,26,8.0,1716200.0000000002
physico,XGB,AL,410001000,13,0,0,120,24,3.0,1534929.0322580645
physico,XGB,AL,410001000,13,1,10,130,26,4.0,1568230.9482257126
physico,XGB,AL,410001000,13,2,10,140,26,4.0,1568230.9482257126
physico,XGB,greedy,410001000,13,0,0,120,24,3.0,1534929.0322580645
physico,XGB,greedy,410001000,13,1,10,130,28,3.0,1534929.0322580645
physico,XGB,greedy,410001000,13,2,10,140,32,5.0,1534929.0322580645
physico,XGB,guided,410001000,13,0,0,120,24,3.0,1534929.0322580645
physico,XGB,guided,410001000,13,1,10,130,28,5.0,1781776.380153739
physico,XGB,guided,410001000,13,2,10,140,31,5.0,1781776.380153739
physico,XGB,AL,410001000,14,0,0,120,24,6.0,1646742.3208191127
physico,XGB,AL,410001000,14,1,10,130,25,7.0,1716200.0000000002
physico,XGB,AL,410001000,14,2,10,140,26,7.0,1716200.0000000002
physico,XGB,greedy,410001000,14,0,0,120,24,6.0,1646742.3208191127
physico,XGB,greedy,410001000,14,1,10,130,28,7.0,1741740.740740741
physico,XGB,greedy,410001000,14,2,10,140,32,8.0,1781776.380153739
physico,XGB,guided,410001000,14,0,0,120,24,6.0,1646742.3208191127
physico,XGB,guided,410001000,14,1,10,130,30,9.0,1781776.380153739
physico,XGB,guided,410001000,14,2,10,140,31,9.0,1781776.380153739
physico,XGB,AL,410002000,0,0,0,120,24,8.0,1646742.3208191127
physico,XGB,AL,410002000,0,1,10,130,25,8.0,1646742.3208191127
physico,XGB,AL,410002000,0,2,10,140,28,8.0,1646742.3208191127
physico,XGB,greedy,410002000,0,0,0,120,24,8.0,1646742.3208191127
physico,XGB,greedy,410002000,0,1,10,130,27,8.0,1646742.3208191127
physico,XGB,greedy,410002000,0,2,10,140,30,8.0,1646742.3208191127
physico,XGB,guided,410002000,0,0,0,120,24,8.0,1646742.3208191127
physico,XGB,guided,410002000,0,1,10,130,31,10.0,1781776.380153739
physico,XGB,guided,410002000,0,2,10,140,35,10.0,1781776.380153739
physico,XGB,AL,410002000,1,0,0,120,24,6.0,1643030.692362598
physico,XGB,AL,410002000,1,1,10,130,25,6.0,1643030.692362598
physico,XGB,AL,410002000,1,2,10,140,26,6.0,1643030.692362598
physico,XGB,greedy,410002000,1,0,0,120,24,6.0,1643030.692362598
physico,XGB,greedy,410002000,1,1,10,130,26,6.0,1643030.692362598
physico,XGB,greedy,410002000,1,2,10,140,27,6.0,1643030.692362598
physico,XGB,guided,410002000,1,0,0,120,24,6.0,1643030.692362598
physico,XGB,guided,410002000,1,1,10,130,26,6.0,1643030.692362598
physico,XGB,guided,410002000,1,2,10,140,30,6.0,1643030.692362598
physico,XGB,AL,410002000,2,0,0,120,24,8.0,1741740.740740741
physico,XGB,AL,410002000,2,1,10,130,24,8.0,1741740.740740741
physico,XGB,AL,410002000,2,2,10,140,26,8.0,1741740.740740741
physico,XGB,greedy,410002000,2,0,0,120,24,8.0,1741740.740740741
physico,XGB,greedy,410002000,2,1,10,130,26,10.0,1741740.740740741
physico,XGB,greedy,410002000,2,2,10,140,27,10.0,1741740.740740741
physico,XGB,guided,410002000,2,0,0,120,24,8.0,1741740.740740741
physico,XGB,guided,410002000,2,1,10,130,26,10.0,1741740.740740741
physico,XGB,guided,410002000,2,2,10,140,29,11.0,1741740.740740741
physico,XGB,AL,410002000,3,0,0,120,24,7.0,1741740.740740741
physico,XGB,AL,410002000,3,1,10,130,27,7.0,1741740.740740741
physico,XGB,AL,410002000,3,2,10,140,30,8.0,1741740.740740741
physico,XGB,greedy,410002000,3,0,0,120,24,7.0,1741740.740740741
physico,XGB,greedy,410002000,3,1,10,130,27,8.0,1741740.740740741
physico,XGB,greedy,410002000,3,2,10,140,28,9.0,1741740.740740741
physico,XGB,guided,410002000,3,0,0,120,24,7.0,1741740.740740741
physico,XGB,guided,410002000,3,1,10,130,30,9.0,1741740.740740741
physico,XGB,guided,410002000,3,2,10,140,31,9.0,1741740.740740741
physico,XGB,AL,410002000,4,0,0,120,24,11.0,1741740.740740741
physico,XGB,AL,410002000,4,1,10,130,24,11.0,1741740.740740741
physico,XGB,AL,410002000,4,2,10,140,25,11.0,1741740.740740741
physico,XGB,greedy,410002000,4,0,0,120,24,11.0,1741740.740740741
physico,XGB,greedy,410002000,4,1,10,130,25,12.0,1741740.740740741
physico,XGB,greedy,410002000,4,2,10,140,26,13.0,1741740.740740741
physico,XGB,guided,410002000,4,0,0,120,24,11.0,1741740.740740741
physico,XGB,guided,410002000,4,1,10,130,27,13.0,1741740.740740741
physico,XGB,guided,410002000,4,2,10,140,28,14.0,1741740.740740741
physico,XGB,AL,410002000,5,0,0,120,24,4.0,1787362.2572815537
physico,XGB,AL,410002000,5,1,10,130,24,4.0,1787362.2572815537
physico,XGB,AL,410002000,5,2,10,140,26,4.0,1787362.2572815537
physico,XGB,greedy,410002000,5,0,0,120,24,4.0,1787362.2572815537
physico,XGB,greedy,410002000,5,1,10,130,31,6.0,1787362.2572815537
physico,XGB,greedy,410002000,5,2,10,140,32,7.0,1787362.2572815537
physico,XGB,guided,410002000,5,0,0,120,24,4.0,1787362.2572815537
physico,XGB,guided,410002000,5,1,10,130,30,5.0,1787362.2572815537
physico,XGB,guided,410002000,5,2,10,140,31,6.0,1787362.2572815537
physico,XGB,AL,410002000,6,0,0,120,24,5.0,1646742.3208191127
physico,XGB,AL,410002000,6,1,10,130,25,5.0,1646742.3208191127
physico,XGB,AL,410002000,6,2,10,140,26,5.0,1646742.3208191127
physico,XGB,greedy,410002000,6,0,0,120,24,5.0,1646742.3208191127
physico,XGB,greedy,410002000,6,1,10,130,29,7.0,1741740.740740741
physico,XGB,greedy,410002000,6,2,10,140,32,8.0,1787362.2572815537
physico,XGB,guided,410002000,6,0,0,120,24,5.0,1646742.3208191127
physico,XGB,guided,410002000,6,1,10,130,29,7.0,1741740.740740741
physico,XGB,guided,410002000,6,2,10,140,31,8.0,1741740.740740741
physico,XGB,AL,410002000,7,0,0,120,24,7.0,1781776.380153739
physico,XGB,AL,410002000,7,1,10,130,26,7.0,1781776.380153739
physico,XGB,AL,410002000,7,2,10,140,29,7.0,1781776.380153739
physico,XGB,greedy,410002000,7,0,0,120,24,7.0,1781776.380153739
physico,XGB,greedy,410002000,7,1,10,130,26,8.0,1781776.380153739
physico,XGB,greedy,410002000,7,2,10,140,30,8.0,1781776.380153739
physico,XGB,guided,410002000,7,0,0,120,24,7.0,1781776.380153739
physico,XGB,guided,410002000,7,1,10,130,28,7.0,1781776.380153739
physico,XGB,guided,410002000,7,2,10,140,31,7.0,1781776.380153739
physico,XGB,AL,410002000,8,0,0,120,24,6.0,1787362.2572815537
physico,XGB,AL,410002000,8,1,10,130,26,6.0,1787362.2572815537
physico,XGB,AL,410002000,8,2,10,140,27,7.0,1787362.2572815537
physico,XGB,greedy,410002000,8,0,0,120,24,6.0,1787362.2572815537
physico,XGB,greedy,410002000,8,1,10,130,28,8.0,1787362.2572815537
physico,XGB,greedy,410002000,8,2,10,140,33,9.0,1787362.2572815537
physico,XGB,guided,410002000,8,0,0,120,24,6.0,1787362.2572815537
physico,XGB,guided,410002000,8,1,10,130,30,9.0,1787362.2572815537
physico,XGB,guided,410002000,8,2,10,140,35,10.0,1787362.2572815537
physico,XGB,AL,410002000,9,0,0,120,24,5.0,1624458.5921325053
physico,XGB,AL,410002000,9,1,10,130,25,6.0,1716200.0000000002
physico,XGB,AL,410002000,9,2,10,140,28,6.0,1716200.0000000002
physico,XGB,greedy,410002000,9,0,0,120,24,5.0,1624458.5921325053
physico,XGB,greedy,410002000,9,1,10,130,29,7.0,1624458.5921325053
physico,XGB,greedy,410002000,9,2,10,140,35,9.0,1741740.740740741
physico,XGB,guided,410002000,9,0,0,120,24,5.0,1624458.5921325053
physico,XGB,guided,410002000,9,1,10,130,29,7.0,1624458.5921325053
physico,XGB,guided,410002000,9,2,10,140,35,9.0,1741740.740740741
physico,XGB,AL,410002000,10,0,0,120,24,9.0,1781776.380153739
physico,XGB,AL,410002000,10,1,10,130,25,9.0,1781776.380153739
physico,XGB,AL,410002000,10,2,10,140,27,9.0,1781776.380153739
physico,XGB,greedy,410002000,10,0,0,120,24,9.0,1781776.380153739
physico,XGB,greedy,410002000,10,1,10,130,29,9.0,1781776.380153739
physico,XGB,greedy,410002000,10,2,10,140,31,9.0,1781776.380153739
physico,XGB,guided,410002000,10,0,0,120,24,9.0,1781776.380153739
physico,XGB,guided,410002000,10,1,10,130,29,10.0,1781776.380153739
physico,XGB,guided,410002000,10,2,10,140,32,10.0,1781776.380153739
physico,XGB,AL,410002000,11,0,0,120,24,9.0,1741740.740740741
physico,XGB,AL,410002000,11,1,10,130,26,10.0,1741740.740740741
physico,XGB,AL,410002000,11,2,10,140,28,11.0,1741740.740740741
physico,XGB,greedy,410002000,11,0,0,120,24,9.0,1741740.740740741
physico,XGB,greedy,410002000,11,1,10,130,27,9.0,1741740.740740741
physico,XGB,greedy,410002000,11,2,10,140,30,10.0,1741740.740740741
physico,XGB,guided,410002000,11,0,0,120,24,9.0,1741740.740740741
physico,XGB,guided,410002000,11,1,10,130,28,10.0,1741740.740740741
physico,XGB,guided,410002000,11,2,10,140,31,10.0,1741740.740740741
physico,XGB,AL,410002000,12,0,0,120,24,4.0,1568230.9482257126
physico,XGB,AL,410002000,12,1,10,130,25,4.0,1568230.9482257126
physico,XGB,AL,410002000,12,2,10,140,25,4.0,1568230.9482257126
physico,XGB,greedy,410002000,12,0,0,120,24,4.0,1568230.9482257126
physico,XGB,greedy,410002000,12,1,10,130,29,5.0,1568230.9482257126
physico,XGB,greedy,410002000,12,2,10,140,32,5.0,1568230.9482257126
physico,XGB,guided,410002000,12,0,0,120,24,4.0,1568230.9482257126
physico,XGB,guided,410002000,12,1,10,130,28,5.0,1716200.0000000002
physico,XGB,guided,410002000,12,2,10,140,33,7.0,1741740.740740741
physico,XGB,AL,410002000,13,0,0,120,24,6.0,1781776.380153739
physico,XGB,AL,410002000,13,1,10,130,25,6.0,1781776.380153739
physico,XGB,AL,410002000,13,2,10,140,28,7.0,1781776.380153739
physico,XGB,greedy,410002000,13,0,0,120,24,6.0,1781776.380153739
physico,XGB,greedy,410002000,13,1,10,130,29,7.0,1781776.380153739
physico,XGB,greedy,410002000,13,2,10,140,32,8.0,1781776.380153739
physico,XGB,guided,410002000,13,0,0,120,24,6.0,1781776.380153739
physico,XGB,guided,410002000,13,1,10,130,29,7.0,1781776.380153739
physico,XGB,guided,410002000,13,2,10,140,34,8.0,1781776.380153739
physico,XGB,AL,410002000,14,0,0,120,24,6.0,1470439.1005621487
physico,XGB,AL,410002000,14,1,10,130,26,6.0,1470439.1005621487
physico,XGB,AL,410002000,14,2,10,140,29,7.0,1716200.0000000002
physico,XGB,greedy,410002000,14,0,0,120,24,6.0,1470439.1005621487
physico,XGB,greedy,410002000,14,1,10,130,27,6.0,1470439.1005621487
physico,XGB,greedy,410002000,14,2,10,140,30,7.0,1534929.0322580645
physico,XGB,guided,410002000,14,0,0,120,24,6.0,1470439.1005621487
physico,XGB,guided,410002000,14,1,10,130,31,9.0,1781776.380153739
physico,XGB,guided,410002000,14,2,10,140,33,9.0,1781776.380153739
physico,XGB,AL,410003000,0,0,0,120,24,7.0,1781776.380153739
physico,XGB,AL,410003000,0,1,10,130,27,8.0,1781776.380153739
physico,XGB,AL,410003000,0,2,10,140,29,8.0,1781776.380153739
physico,XGB,greedy,410003000,0,0,0,120,24,7.0,1781776.380153739
physico,XGB,greedy,410003000,0,1,10,130,28,8.0,1781776.380153739
physico,XGB,greedy,410003000,0,2,10,140,33,9.0,1781776.380153739
physico,XGB,guided,410003000,0,0,0,120,24,7.0,1781776.380153739
physico,XGB,guided,410003000,0,1,10,130,29,7.0,1781776.380153739
physico,XGB,guided,410003000,0,2,10,140,35,8.0,1781776.380153739
physico,XGB,AL,410003000,1,0,0,120,24,5.0,1741740.740740741
physico,XGB,AL,410003000,1,1,10,130,27,6.0,1741740.740740741
physico,XGB,AL,410003000,1,2,10,140,29,7.0,1741740.740740741
physico,XGB,greedy,410003000,1,0,0,120,24,5.0,1741740.740740741
physico,XGB,greedy,410003000,1,1,10,130,30,6.0,1741740.740740741
physico,XGB,greedy,410003000,1,2,10,140,35,6.0,1741740.740740741
physico,XGB,guided,410003000,1,0,0,120,24,5.0,1741740.740740741
physico,XGB,guided,410003000,1,1,10,130,30,6.0,1741740.740740741
physico,XGB,guided,410003000,1,2,10,140,34,6.0,1741740.740740741
physico,XGB,AL,410003000,2,0,0,120,24,9.0,1787362.2572815537
physico,XGB,AL,410003000,2,1,10,130,27,9.0,1787362.2572815537
physico,XGB,AL,410003000,2,2,10,140,27,9.0,1787362.2572815537
physico,XGB,greedy,410003000,2,0,0,120,24,9.0,1787362.2572815537
physico,XGB,greedy,410003000,2,1,10,130,27,9.0,1787362.2572815537
physico,XGB,greedy,410003000,2,2,10,140,32,10.0,1787362.2572815537
physico,XGB,guided,410003000,2,0,0,120,24,9.0,1787362.2572815537
physico,XGB,guided,410003000,2,1,10,130,28,9.0,1787362.2572815537
physico,XGB,guided,410003000,2,2,10,140,30,9.0,1787362.2572815537
physico,XGB,AL,410003000,3,0,0,120,24,4.0,1787362.2572815537
physico,XGB,AL,410003000,3,1,10,130,25,4.0,1787362.2572815537
physico,XGB,AL,410003000,3,2,10,140,25,4.0,1787362.2572815537
physico,XGB,greedy,410003000,3,0,0,120,24,4.0,1787362.2572815537
physico,XGB,greedy,410003000,3,1,10,130,27,6.0,1787362.2572815537
physico,XGB,greedy,410003000,3,2,10,140,30,7.0,1787362.2572815537
physico,XGB,guided,410003000,3,0,0,120,24,4.0,1787362.2572815537
physico,XGB,guided,410003000,3,1,10,130,29,7.0,1787362.2572815537
physico,XGB,guided,410003000,3,2,10,140,30,7.0,1787362.2572815537
physico,XGB,AL,410003000,4,0,0,120,24,4.0,1534929.0322580645
physico,XGB,AL,410003000,4,1,10,130,28,6.0,1624458.5921325053
physico,XGB,AL,410003000,4,2,10,140,29,6.0,1624458.5921325053
physico,XGB,greedy,410003000,4,0,0,120,24,4.0,1534929.0322580645
physico,XGB,greedy,410003000,4,1,10,130,31,6.0,1646742.3208191127
physico,XGB,greedy,410003000,4,2,10,140,34,8.0,1741740.740740741
physico,XGB,guided,410003000,4,0,0,120,24,4.0,1534929.0322580645
physico,XGB,guided,410003000,4,1,10,130,31,7.0,1646742.3208191127
physico,XGB,guided,410003000,4,2,10,140,36,8.0,1741740.740740741
physico,XGB,AL,410003000,5,0,0,120,24,0.0,1356279.4029850746
physico,XGB,AL,410003000,5,1,10,130,27,2.0,1716200.0000000002
physico,XGB,AL,410003000,5,2,10,140,31,2.0,1716200.0000000002
physico,XGB,greedy,410003000,5,0,0,120,24,0.0,1356279.4029850746
physico,XGB,greedy,410003000,5,1,10,130,24,0.0,1356279.4029850746
physico,XGB,greedy,410003000,5,2,10,140,27,0.0,1356279.4029850746
physico,XGB,guided,410003000,5,0,0,120,24,0.0,1356279.4029850746
physico,XGB,guided,410003000,5,1,10,130,27,1.0,1624458.5921325053
physico,XGB,guided,410003000,5,2,10,140,31,1.0,1624458.5921325053
physico,XGB,AL,410003000,6,0,0,120,24,5.0,1643030.692362598
physico,XGB,AL,410003000,6,1,10,130,28,6.0,1643030.692362598
physico,XGB,AL,410003000,6,2,10,140,30,6.0,1643030.692362598
physico,XGB,greedy,410003000,6,0,0,120,24,5.0,1643030.692362598
physico,XGB,greedy,410003000,6,1,10,130,29,5.0,1643030.692362598
physico,XGB,greedy,410003000,6,2,10,140,33,6.0,1741740.740740741
physico,XGB,guided,410003000,6,0,0,120,24,5.0,1643030.692362598
physico,XGB,guided,410003000,6,1,10,130,31,6.0,1643030.692362598
physico,XGB,guided,410003000,6,2,10,140,34,8.0,1741740.740740741
physico,XGB,AL,410003000,7,0,0,120,24,7.0,1781776.380153739
physico,XGB,AL,410003000,7,1,10,130,27,7.0,1781776.380153739
physico,XGB,AL,410003000,7,2,10,140,30,7.0,1781776.380153739
physico,XGB,greedy,410003000,7,0,0,120,24,7.0,1781776.380153739
physico,XGB,greedy,410003000,7,1,10,130,27,7.0,1781776.380153739
physico,XGB,greedy,410003000,7,2,10,140,30,7.0,1781776.380153739
physico,XGB,guided,410003000,7,0,0,120,24,7.0,1781776.380153739
physico,XGB,guided,410003000,7,1,10,130,29,7.0,1781776.380153739
physico,XGB,guided,410003000,7,2,10,140,31,7.0,1781776.380153739
physico,XGB,AL,410003000,8,0,0,120,24,8.0,1781776.380153739
physico,XGB,AL,410003000,8,1,10,130,26,9.0,1781776.380153739
physico,XGB,AL,410003000,8,2,10,140,27,9.0,1781776.380153739
physico,XGB,greedy,410003000,8,0,0,120,24,8.0,1781776.380153739
physico,XGB,greedy,410003000,8,1,10,130,26,8.0,1781776.380153739
physico,XGB,greedy,410003000,8,2,10,140,27,9.0,1781776.380153739
physico,XGB,guided,410003000,8,0,0,120,24,8.0,1781776.380153739
physico,XGB,guided,410003000,8,1,10,130,29,10.0,1781776.380153739
physico,XGB,guided,410003000,8,2,10,140,31,11.0,1781776.380153739
physico,XGB,AL,410003000,9,0,0,120,24,4.0,1572010.7095046854
physico,XGB,AL,410003000,9,1,10,130,24,4.0,1572010.7095046854
physico,XGB,AL,410003000,9,2,10,140,29,5.0,1624458.5921325053
physico,XGB,greedy,410003000,9,0,0,120,24,4.0,1572010.7095046854
physico,XGB,greedy,410003000,9,1,10,130,26,6.0,1572010.7095046854
physico,XGB,greedy,410003000,9,2,10,140,28,6.0,1572010.7095046854
physico,XGB,guided,410003000,9,0,0,120,24,4.0,1572010.7095046854
physico,XGB,guided,410003000,9,1,10,130,28,6.0,1716200.0000000002
physico,XGB,guided,410003000,9,2,10,140,30,8.0,1716200.0000000002
physico,XGB,AL,410003000,10,0,0,120,24,5.0,1787362.2572815537
physico,XGB,AL,410003000,10,1,10,130,26,6.0,1787362.2572815537
physico,XGB,AL,410003000,10,2,10,140,28,7.0,1787362.2572815537
physico,XGB,greedy,410003000,10,0,0,120,24,5.0,1787362.2572815537
physico,XGB,greedy,410003000,10,1,10,130,28,6.0,1787362.2572815537
physico,XGB,greedy,410003000,10,2,10,140,30,6.0,1787362.2572815537
physico,XGB,guided,410003000,10,0,0,120,24,5.0,1787362.2572815537
physico,XGB,guided,410003000,10,1,10,130,30,6.0,1787362.2572815537
physico,XGB,guided,410003000,10,2,10,140,33,6.0,1787362.2572815537
physico,XGB,AL,410003000,11,0,0,120,24,4.0,1534929.0322580645
physico,XGB,AL,410003000,11,1,10,130,24,4.0,1534929.0322580645
physico,XGB,AL,410003000,11,2,10,140,30,5.0,1572010.7095046854
physico,XGB,greedy,410003000,11,0,0,120,24,4.0,1534929.0322580645
physico,XGB,greedy,410003000,11,1,10,130,27,4.0,1534929.0322580645
physico,XGB,greedy,410003000,11,2,10,140,34,5.0,1534929.0322580645
physico,XGB,guided,410003000,11,0,0,120,24,4.0,1534929.0322580645
physico,XGB,guided,410003000,11,1,10,130,29,5.0,1781776.380153739
physico,XGB,guided,410003000,11,2,10,140,32,5.0,1781776.380153739
physico,XGB,AL,410003000,12,0,0,120,24,6.0,1716200.0000000002
physico,XGB,AL,410003000,12,1,10,130,27,7.0,1716200.0000000002
physico,XGB,AL,410003000,12,2,10,140,27,7.0,1716200.0000000002
physico,XGB,greedy,410003000,12,0,0,120,24,6.0,1716200.0000000002
physico,XGB,greedy,410003000,12,1,10,130,28,7.0,1716200.0000000002
physico,XGB,greedy,410003000,12,2,10,140,31,9.0,1741740.740740741
physico,XGB,guided,410003000,12,0,0,120,24,6.0,1716200.0000000002
physico,XGB,guided,410003000,12,1,10,130,29,6.0,1716200.0000000002
physico,XGB,guided,410003000,12,2,10,140,34,9.0,1741740.740740741
physico,XGB,AL,410003000,13,0,0,120,24,3.0,1624458.5921325053
physico,XGB,AL,410003000,13,1,10,130,26,4.0,1624458.5921325053
physico,XGB,AL,410003000,13,2,10,140,26,4.0,1624458.5921325053
physico,XGB,greedy,410003000,13,0,0,120,24,3.0,1624458.5921325053
physico,XGB,greedy,410003000,13,1,10,130,28,4.0,1624458.5921325053
physico,XGB,greedy,410003000,13,2,10,140,32,4.0,1624458.5921325053
physico,XGB,guided,410003000,13,0,0,120,24,3.0,1624458.5921325053
physico,XGB,guided,410003000,13,1,10,130,29,5.0,1716200.0000000002
physico,XGB,guided,410003000,13,2,10,140,30,5.0,1716200.0000000002
physico,XGB,AL,410003000,14,0,0,120,24,5.0,1781776.380153739
physico,XGB,AL,410003000,14,1,10,130,27,6.0,1781776.380153739
physico,XGB,AL,410003000,14,2,10,140,30,7.0,1781776.380153739
physico,XGB,greedy,410003000,14,0,0,120,24,5.0,1781776.380153739
physico,XGB,greedy,410003000,14,1,10,130,28,6.0,1781776.380153739
physico,XGB,greedy,410003000,14,2,10,140,35,9.0,1781776.380153739
physico,XGB,guided,410003000,14,0,0,120,24,5.0,1781776.380153739
physico,XGB,guided,410003000,14,1,10,130,29,7.0,1781776.380153739
physico,XGB,guided,410003000,14,2,10,140,33,8.0,1787362.2572815537
physico,XGB,AL,410004000,0,0,0,120,24,5.0,1716200.0000000002
physico,XGB,AL,410004000,0,1,10,130,26,6.0,1716200.0000000002
physico,XGB,AL,410004000,0,2,10,140,32,6.0,1716200.0000000002
physico,XGB,greedy,410004000,0,0,0,120,24,5.0,1716200.0000000002
physico,XGB,greedy,410004000,0,1,10,130,27,5.0,1716200.0000000002
physico,XGB,greedy,410004000,0,2,10,140,31,8.0,1781776.380153739
physico,XGB,guided,410004000,0,0,0,120,24,5.0,1716200.0000000002
physico,XGB,guided,410004000,0,1,10,130,29,5.0,1716200.0000000002
physico,XGB,guided,410004000,0,2,10,140,33,7.0,1716200.0000000002
physico,XGB,AL,410004000,1,0,0,120,24,5.0,1741740.740740741
physico,XGB,AL,410004000,1,1,10,130,26,6.0,1741740.740740741
physico,XGB,AL,410004000,1,2,10,140,28,6.0,1741740.740740741
physico,XGB,greedy,410004000,1,0,0,120,24,5.0,1741740.740740741
physico,XGB,greedy,410004000,1,1,10,130,26,5.0,1741740.740740741
physico,XGB,greedy,410004000,1,2,10,140,29,7.0,1741740.740740741
physico,XGB,guided,410004000,1,0,0,120,24,5.0,1741740.740740741
physico,XGB,guided,410004000,1,1,10,130,27,7.0,1741740.740740741
physico,XGB,guided,410004000,1,2,10,140,30,7.0,1741740.740740741
physico,XGB,AL,410004000,2,0,0,120,24,8.0,1787362.2572815537
physico,XGB,AL,410004000,2,1,10,130,26,8.0,1787362.2572815537
physico,XGB,AL,410004000,2,2,10,140,26,8.0,1787362.2572815537
physico,XGB,greedy,410004000,2,0,0,120,24,8.0,1787362.2572815537
physico,XGB,greedy,410004000,2,1,10,130,27,9.0,1787362.2572815537
physico,XGB,greedy,410004000,2,2,10,140,30,10.0,1787362.2572815537
physico,XGB,guided,410004000,2,0,0,120,24,8.0,1787362.2572815537
physico,XGB,guided,410004000,2,1,10,130,28,9.0,1787362.2572815537
physico,XGB,guided,410004000,2,2,10,140,31,11.0,1787362.2572815537
physico,XGB,AL,410004000,3,0,0,120,24,4.0,1624458.5921325053
physico,XGB,AL,410004000,3,1,10,130,27,4.0,1624458.5921325053
physico,XGB,AL,410004000,3,2,10,140,29,4.0,1624458.5921325053
physico,XGB,greedy,410004000,3,0,0,120,24,4.0,1624458.5921325053
physico,XGB,greedy,410004000,3,1,10,130,29,5.0,1624458.5921325053
physico,XGB,greedy,410004000,3,2,10,140,33,6.0,1624458.5921325053
physico,XGB,guided,410004000,3,0,0,120,24,4.0,1624458.5921325053
physico,XGB,guided,410004000,3,1,10,130,30,6.0,1624458.5921325053
physico,XGB,guided,410004000,3,2,10,140,34,6.0,1624458.5921325053
physico,XGB,AL,410004000,4,0,0,120,24,5.0,1716200.0000000002
physico,XGB,AL,410004000,4,1,10,130,25,5.0,1716200.0000000002
physico,XGB,AL,410004000,4,2,10,140,25,5.0,1716200.0000000002
physico,XGB,greedy,410004000,4,0,0,120,24,5.0,1716200.0000000002
physico,XGB,greedy,410004000,4,1,10,130,26,5.0,1716200.0000000002
physico,XGB,greedy,410004000,4,2,10,140,27,5.0,1716200.0000000002
physico,XGB,guided,410004000,4,0,0,120,24,5.0,1716200.0000000002
physico,XGB,guided,410004000,4,1,10,130,27,6.0,1716200.0000000002
physico,XGB,guided,410004000,4,2,10,140,28,6.0,1716200.0000000002
physico,XGB,AL,410004000,5,0,0,120,24,8.0,1787362.2572815537
physico,XGB,AL,410004000,5,1,10,130,27,9.0,1787362.2572815537
physico,XGB,AL,410004000,5,2,10,140,30,9.0,1787362.2572815537
physico,XGB,greedy,410004000,5,0,0,120,24,8.0,1787362.2572815537
physico,XGB,greedy,410004000,5,1,10,130,25,8.0,1787362.2572815537
physico,XGB,greedy,410004000,5,2,10,140,29,9.0,1787362.2572815537
physico,XGB,guided,410004000,5,0,0,120,24,8.0,1787362.2572815537
physico,XGB,guided,410004000,5,1,10,130,28,9.0,1787362.2572815537
physico,XGB,guided,410004000,5,2,10,140,30,9.0,1787362.2572815537
physico,XGB,AL,410004000,6,0,0,120,24,3.0,1781776.380153739
physico,XGB,AL,410004000,6,1,10,130,26,3.0,1781776.380153739
physico,XGB,AL,410004000,6,2,10,140,31,4.0,1781776.380153739
physico,XGB,greedy,410004000,6,0,0,120,24,3.0,1781776.380153739
physico,XGB,greedy,410004000,6,1,10,130,29,3.0,1781776.380153739
physico,XGB,greedy,410004000,6,2,10,140,31,3.0,1781776.380153739
physico,XGB,guided,410004000,6,0,0,120,24,3.0,1781776.380153739
physico,XGB,guided,410004000,6,1,10,130,29,4.0,1781776.380153739
physico,XGB,guided,410004000,6,2,10,140,33,5.0,1781776.380153739
physico,XGB,AL,410004000,7,0,0,120,24,5.0,1787362.2572815537
physico,XGB,AL,410004000,7,1,10,130,26,6.0,1787362.2572815537
physico,XGB,AL,410004000,7,2,10,140,31,7.0,1787362.2572815537
physico,XGB,greedy,410004000,7,0,0,120,24,5.0,1787362.2572815537
physico,XGB,greedy,410004000,7,1,10,130,27,6.0,1787362.2572815537
physico,XGB,greedy,410004000,7,2,10,140,27,6.0,1787362.2572815537
physico,XGB,guided,410004000,7,0,0,120,24,5.0,1787362.2572815537
physico,XGB,guided,410004000,7,1,10,130,28,7.0,1787362.2572815537
physico,XGB,guided,410004000,7,2,10,140,31,8.0,1787362.2572815537
physico,XGB,AL,410004000,8,0,0,120,24,6.0,1646742.3208191127
physico,XGB,AL,410004000,8,1,10,130,26,7.0,1646742.3208191127
physico,XGB,AL,410004000,8,2,10,140,30,8.0,1646742.3208191127
physico,XGB,greedy,410004000,8,0,0,120,24,6.0,1646742.3208191127
physico,XGB,greedy,410004000,8,1,10,130,29,7.0,1646742.3208191127
physico,XGB,greedy,410004000,8,2,10,140,36,8.0,1646742.3208191127
physico,XGB,guided,410004000,8,0,0,120,24,6.0,1646742.3208191127
physico,XGB,guided,410004000,8,1,10,130,30,8.0,1741740.740740741
physico,XGB,guided,410004000,8,2,10,140,37,8.0,1741740.740740741
physico,XGB,AL,410004000,9,0,0,120,24,4.0,1781776.380153739
physico,XGB,AL,410004000,9,1,10,130,25,4.0,1781776.380153739
physico,XGB,AL,410004000,9,2,10,140,27,4.0,1781776.380153739
physico,XGB,greedy,410004000,9,0,0,120,24,4.0,1781776.380153739
physico,XGB,greedy,410004000,9,1,10,130,28,6.0,1781776.380153739
physico,XGB,greedy,410004000,9,2,10,140,30,7.0,1781776.380153739
physico,XGB,guided,410004000,9,0,0,120,24,4.0,1781776.380153739
physico,XGB,guided,410004000,9,1,10,130,27,4.0,1781776.380153739
physico,XGB,guided,410004000,9,2,10,140,32,7.0,1781776.380153739
physico,XGB,AL,410004000,10,0,0,120,24,6.0,1572010.7095046854
physico,XGB,AL,410004000,10,1,10,130,27,8.0,1716200.0000000002
physico,XGB,AL,410004000,10,2,10,140,28,8.0,1716200.0000000002
physico,XGB,greedy,410004000,10,0,0,120,24,6.0,1572010.7095046854
physico,XGB,greedy,410004000,10,1,10,130,26,7.0,1572010.7095046854
physico,XGB,greedy,410004000,10,2,10,140,28,7.0,1572010.7095046854
physico,XGB,guided,410004000,10,0,0,120,24,6.0,1572010.7095046854
physico,XGB,guided,410004000,10,1,10,130,28,7.0,1572010.7095046854
physico,XGB,guided,410004000,10,2,10,140,30,9.0,1643030.692362598
physico,XGB,AL,410004000,11,0,0,120,24,8.0,1787362.2572815537
physico,XGB,AL,410004000,11,1,10,130,26,9.0,1787362.2572815537
physico,XGB,AL,410004000,11,2,10,140,28,9.0,1787362.2572815537
physico,XGB,greedy,410004000,11,0,0,120,24,8.0,1787362.2572815537
physico,XGB,greedy,410004000,11,1,10,130,30,10.0,1787362.2572815537
physico,XGB,greedy,410004000,11,2,10,140,32,10.0,1787362.2572815537
physico,XGB,guided,410004000,11,0,0,120,24,8.0,1787362.2572815537
physico,XGB,guided,410004000,11,1,10,130,28,9.0,1787362.2572815537
physico,XGB,guided,410004000,11,2,10,140,32,10.0,1787362.2572815537
physico,XGB,AL,410004000,12,0,0,120,24,6.0,1781776.380153739
physico,XGB,AL,410004000,12,1,10,130,25,6.0,1781776.380153739
physico,XGB,AL,410004000,12,2,10,140,27,6.0,1781776.380153739
physico,XGB,greedy,410004000,12,0,0,120,24,6.0,1781776.380153739
physico,XGB,greedy,410004000,12,1,10,130,25,6.0,1781776.380153739
physico,XGB,greedy,410004000,12,2,10,140,26,7.0,1781776.380153739
physico,XGB,guided,410004000,12,0,0,120,24,6.0,1781776.380153739
physico,XGB,guided,410004000,12,1,10,130,27,6.0,1781776.380153739
physico,XGB,guided,410004000,12,2,10,140,28,7.0,1781776.380153739
physico,XGB,AL,410004000,13,0,0,120,24,6.0,1646742.3208191127
physico,XGB,AL,410004000,13,1,10,130,25,7.0,1646742.3208191127
physico,XGB,AL,410004000,13,2,10,140,26,7.0,1646742.3208191127
physico,XGB,greedy,410004000,13,0,0,120,24,6.0,1646742.3208191127
physico,XGB,greedy,410004000,13,1,10,130,27,7.0,1646742.3208191127
physico,XGB,greedy,410004000,13,2,10,140,32,9.0,1741740.740740741
physico,XGB,guided,410004000,13,0,0,120,24,6.0,1646742.3208191127
physico,XGB,guided,410004000,13,1,10,130,29,8.0,1741740.740740741
physico,XGB,guided,410004000,13,2,10,140,32,8.0,1741740.740740741
physico,XGB,AL,410004000,14,0,0,120,24,6.0,1716200.0000000002
physico,XGB,AL,410004000,14,1,10,130,26,6.0,1716200.0000000002
physico,XGB,AL,410004000,14,2,10,140,30,6.0,1716200.0000000002
physico,XGB,greedy,410004000,14,0,0,120,24,6.0,1716200.0000000002
physico,XGB,greedy,410004000,14,1,10,130,29,6.0,1716200.0000000002
physico,XGB,greedy,410004000,14,2,10,140,34,8.0,1741740.740740741
physico,XGB,guided,410004000,14,0,0,120,24,6.0,1716200.0000000002
physico,XGB,guided,410004000,14,1,10,130,30,7.0,1741740.740740741
physico,XGB,guided,410004000,14,2,10,140,34,8.0,1741740.740740741
physico,XGB,AL,410005000,0,0,0,120,24,5.0,1787362.2572815537
physico,XGB,AL,410005000,0,1,10,130,26,6.0,1787362.2572815537
physico,XGB,AL,410005000,0,2,10,140,27,6.0,1787362.2572815537
physico,XGB,greedy,410005000,0,0,0,120,24,5.0,1787362.2572815537
physico,XGB,greedy,410005000,0,1,10,130,31,8.0,1787362.2572815537
physico,XGB,greedy,410005000,0,2,10,140,34,9.0,1787362.2572815537
physico,XGB,guided,410005000,0,0,0,120,24,5.0,1787362.2572815537
physico,XGB,guided,410005000,0,1,10,130,30,7.0,1787362.2572815537
physico,XGB,guided,410005000,0,2,10,140,33,9.0,1787362.2572815537
physico,XGB,AL,410005000,1,0,0,120,24,6.0,1787362.2572815537
physico,XGB,AL,410005000,1,1,10,130,26,7.0,1787362.2572815537
physico,XGB,AL,410005000,1,2,10,140,26,7.0,1787362.2572815537
physico,XGB,greedy,410005000,1,0,0,120,24,6.0,1787362.2572815537
physico,XGB,greedy,410005000,1,1,10,130,25,7.0,1787362.2572815537
physico,XGB,greedy,410005000,1,2,10,140,25,7.0,1787362.2572815537
physico,XGB,guided,410005000,1,0,0,120,24,6.0,1787362.2572815537
physico,XGB,guided,410005000,1,1,10,130,26,7.0,1787362.2572815537
physico,XGB,guided,410005000,1,2,10,140,27,8.0,1787362.2572815537
physico,XGB,AL,410005000,2,0,0,120,24,2.0,1470439.1005621487
physico,XGB,AL,410005000,2,1,10,130,26,2.0,1470439.1005621487
physico,XGB,AL,410005000,2,2,10,140,29,2.0,1470439.1005621487
physico,XGB,greedy,410005000,2,0,0,120,24,2.0,1470439.1005621487
physico,XGB,greedy,410005000,2,1,10,130,27,3.0,1470439.1005621487
physico,XGB,greedy,410005000,2,2,10,140,29,4.0,1470439.1005621487
physico,XGB,guided,410005000,2,0,0,120,24,2.0,1470439.1005621487
physico,XGB,guided,410005000,2,1,10,130,29,4.0,1716200.0000000002
physico,XGB,guided,410005000,2,2,10,140,30,4.0,1716200.0000000002
physico,XGB,AL,410005000,3,0,0,120,24,5.0,1787362.2572815537
physico,XGB,AL,410005000,3,1,10,130,25,6.0,1787362.2572815537
physico,XGB,AL,410005000,3,2,10,140,25,6.0,1787362.2572815537
physico,XGB,greedy,410005000,3,0,0,120,24,5.0,1787362.2572815537
physico,XGB,greedy,410005000,3,1,10,130,29,7.0,1787362.2572815537
physico,XGB,greedy,410005000,3,2,10,140,31,7.0,1787362.2572815537
physico,XGB,guided,410005000,3,0,0,120,24,5.0,1787362.2572815537
physico,XGB,guided,410005000,3,1,10,130,30,6.0,1787362.2572815537
physico,XGB,guided,410005000,3,2,10,140,32,7.0,1787362.2572815537
physico,XGB,AL,410005000,4,0,0,120,24,7.0,1787362.2572815537
physico,XGB,AL,410005000,4,1,10,130,25,8.0,1787362.2572815537
physico,XGB,AL,410005000,4,2,10,140,27,8.0,1787362.2572815537
physico,XGB,greedy,410005000,4,0,0,120,24,7.0,1787362.2572815537
physico,XGB,greedy,410005000,4,1,10,130,29,9.0,1787362.2572815537
physico,XGB,greedy,410005000,4,2,10,140,35,10.0,1787362.2572815537
physico,XGB,guided,410005000,4,0,0,120,24,7.0,1787362.2572815537
physico,XGB,guided,410005000,4,1,10,130,31,9.0,1787362.2572815537
physico,XGB,guided,410005000,4,2,10,140,35,11.0,1787362.2572815537
physico,XGB,AL,410005000,5,0,0,120,24,8.0,1781776.380153739
physico,XGB,AL,410005000,5,1,10,130,26,9.0,1781776.380153739
physico,XGB,AL,410005000,5,2,10,140,29,9.0,1781776.380153739
physico,XGB,greedy,410005000,5,0,0,120,24,8.0,1781776.380153739
physico,XGB,greedy,410005000,5,1,10,130,26,9.0,1781776.380153739
physico,XGB,greedy,410005000,5,2,10,140,28,10.0,1781776.380153739
physico,XGB,guided,410005000,5,0,0,120,24,8.0,1781776.380153739
physico,XGB,guided,410005000,5,1,10,130,28,9.0,1781776.380153739
physico,XGB,guided,410005000,5,2,10,140,31,10.0,1781776.380153739
physico,XGB,AL,410005000,6,0,0,120,24,4.0,1741740.740740741
physico,XGB,AL,410005000,6,1,10,130,26,4.0,1741740.740740741
physico,XGB,AL,410005000,6,2,10,140,29,6.0,1781776.380153739
physico,XGB,greedy,410005000,6,0,0,120,24,4.0,1741740.740740741
physico,XGB,greedy,410005000,6,1,10,130,29,6.0,1787362.2572815537
physico,XGB,greedy,410005000,6,2,10,140,30,6.0,1787362.2572815537
physico,XGB,guided,410005000,6,0,0,120,24,4.0,1741740.740740741
physico,XGB,guided,410005000,6,1,10,130,30,6.0,1781776.380153739
physico,XGB,guided,410005000,6,2,10,140,33,7.0,1781776.380153739
physico,XGB,AL,410005000,7,0,0,120,24,7.0,1716200.0000000002
physico,XGB,AL,410005000,7,1,10,130,26,7.0,1716200.0000000002
physico,XGB,AL,410005000,7,2,10,140,32,7.0,1716200.0000000002
physico,XGB,greedy,410005000,7,0,0,120,24,7.0,1716200.0000000002
physico,XGB,greedy,410005000,7,1,10,130,28,8.0,1716200.0000000002
physico,XGB,greedy,410005000,7,2,10,140,32,9.0,1741740.740740741
physico,XGB,guided,410005000,7,0,0,120,24,7.0,1716200.0000000002
physico,XGB,guided,410005000,7,1,10,130,31,8.0,1716200.0000000002
physico,XGB,guided,410005000,7,2,10,140,34,10.0,1741740.740740741
physico,XGB,AL,410005000,8,0,0,120,24,10.0,1787362.2572815537
physico,XGB,AL,410005000,8,1,10,130,24,10.0,1787362.2572815537
physico,XGB,AL,410005000,8,2,10,140,26,10.0,1787362.2572815537
physico,XGB,greedy,410005000,8,0,0,120,24,10.0,1787362.2572815537
physico,XGB,greedy,410005000,8,1,10,130,27,10.0,1787362.2572815537
physico,XGB,greedy,410005000,8,2,10,140,31,11.0,1787362.2572815537
physico,XGB,guided,410005000,8,0,0,120,24,10.0,1787362.2572815537
physico,XGB,guided,410005000,8,1,10,130,27,11.0,1787362.2572815537
physico,XGB,guided,410005000,8,2,10,140,29,11.0,1787362.2572815537
physico,XGB,AL,410005000,9,0,0,120,24,3.0,1716200.0000000002
physico,XGB,AL,410005000,9,1,10,130,26,3.0,1716200.0000000002
physico,XGB,AL,410005000,9,2,10,140,28,4.0,1716200.0000000002
physico,XGB,greedy,410005000,9,0,0,120,24,3.0,1716200.0000000002
physico,XGB,greedy,410005000,9,1,10,130,27,5.0,1716200.0000000002
physico,XGB,greedy,410005000,9,2,10,140,31,7.0,1716200.0000000002
physico,XGB,guided,410005000,9,0,0,120,24,3.0,1716200.0000000002
physico,XGB,guided,410005000,9,1,10,130,30,4.0,1716200.0000000002
physico,XGB,guided,410005000,9,2,10,140,33,6.0,1716200.0000000002
physico,XGB,AL,410005000,10,0,0,120,24,5.0,1787362.2572815537
physico,XGB,AL,410005000,10,1,10,130,25,5.0,1787362.2572815537
physico,XGB,AL,410005000,10,2,10,140,26,5.0,1787362.2572815537
physico,XGB,greedy,410005000,10,0,0,120,24,5.0,1787362.2572815537
physico,XGB,greedy,410005000,10,1,10,130,25,5.0,1787362.2572815537
physico,XGB,greedy,410005000,10,2,10,140,30,7.0,1787362.2572815537
physico,XGB,guided,410005000,10,0,0,120,24,5.0,1787362.2572815537
physico,XGB,guided,410005000,10,1,10,130,29,6.0,1787362.2572815537
physico,XGB,guided,410005000,10,2,10,140,31,6.0,1787362.2572815537
physico,XGB,AL,410005000,11,0,0,120,24,8.0,1787362.2572815537
physico,XGB,AL,410005000,11,1,10,130,24,8.0,1787362.2572815537
physico,XGB,AL,410005000,11,2,10,140,25,9.0,1787362.2572815537
physico,XGB,greedy,410005000,11,0,0,120,24,8.0,1787362.2572815537
physico,XGB,greedy,410005000,11,1,10,130,27,9.0,1787362.2572815537
physico,XGB,greedy,410005000,11,2,10,140,28,10.0,1787362.2572815537
physico,XGB,guided,410005000,11,0,0,120,24,8.0,1787362.2572815537
physico,XGB,guided,410005000,11,1,10,130,26,8.0,1787362.2572815537
physico,XGB,guided,410005000,11,2,10,140,30,10.0,1787362.2572815537
physico,XGB,AL,410005000,12,0,0,120,24,6.0,1572010.7095046854
physico,XGB,AL,410005000,12,1,10,130,27,7.0,1572010.7095046854
physico,XGB,AL,410005000,12,2,10,140,28,7.0,1572010.7095046854
physico,XGB,greedy,410005000,12,0,0,120,24,6.0,1572010.7095046854
physico,XGB,greedy,410005000,12,1,10,130,27,7.0,1646742.3208191127
physico,XGB,greedy,410005000,12,2,10,140,30,9.0,1741740.740740741
physico,XGB,guided,410005000,12,0,0,120,24,6.0,1572010.7095046854
physico,XGB,guided,410005000,12,1,10,130,28,8.0,1646742.3208191127
physico,XGB,guided,410005000,12,2,10,140,31,10.0,1741740.740740741
physico,XGB,AL,410005000,13,0,0,120,24,5.0,1787362.2572815537
physico,XGB,AL,410005000,13,1,10,130,27,6.0,1787362.2572815537
physico,XGB,AL,410005000,13,2,10,140,27,6.0,1787362.2572815537
physico,XGB,greedy,410005000,13,0,0,120,24,5.0,1787362.2572815537
physico,XGB,greedy,410005000,13,1,10,130,29,6.0,1787362.2572815537
physico,XGB,greedy,410005000,13,2,10,140,33,7.0,1787362.2572815537
physico,XGB,guided,410005000,13,0,0,120,24,5.0,1787362.2572815537
physico,XGB,guided,410005000,13,1,10,130,30,8.0,1787362.2572815537
physico,XGB,guided,410005000,13,2,10,140,33,8.0,1787362.2572815537
physico,XGB,AL,410005000,14,0,0,120,24,4.0,1572010.7095046854
physico,XGB,AL,410005000,14,1,10,130,26,5.0,1572010.7095046854
physico,XGB,AL,410005000,14,2,10,140,27,5.0,1572010.7095046854
physico,XGB,greedy,410005000,14,0,0,120,24,4.0,1572010.7095046854
physico,XGB,greedy,410005000,14,1,10,130,30,5.0,1646742.3208191127
physico,XGB,greedy,410005000,14,2,10,140,33,7.0,1741740.740740741
physico,XGB,guided,410005000,14,0,0,120,24,4.0,1572010.7095046854
physico,XGB,guided,410005000,14,1,10,130,29,4.0,1572010.7095046854
physico,XGB,guided,410005000,14,2,10,140,35,7.0,1646742.3208191127
physico,GPR,AL,410001000,0,0,0,120,24,7.0,1781776.380153739
physico,GPR,AL,410001000,0,1,10,130,25,8.0,1781776.380153739
physico,GPR,AL,410001000,0,2,10,140,28,9.0,1781776.380153739
physico,GPR,greedy,410001000,0,0,0,120,24,7.0,1781776.380153739
physico,GPR,greedy,410001000,0,1,10,130,28,7.0,1781776.380153739
physico,GPR,greedy,410001000,0,2,10,140,32,7.0,1781776.380153739
physico,GPR,guided,410001000,0,0,0,120,24,7.0,1781776.380153739
physico,GPR,guided,410001000,0,1,10,130,30,9.0,1781776.380153739
physico,GPR,guided,410001000,0,2,10,140,33,9.0,1781776.380153739
physico,GPR,AL,410001000,1,0,0,120,24,9.0,1781776.380153739
physico,GPR,AL,410001000,1,1,10,130,27,10.0,1781776.380153739
physico,GPR,AL,410001000,1,2,10,140,32,10.0,1781776.380153739
physico,GPR,greedy,410001000,1,0,0,120,24,9.0,1781776.380153739
physico,GPR,greedy,410001000,1,1,10,130,30,9.0,1781776.380153739
physico,GPR,greedy,410001000,1,2,10,140,32,10.0,1781776.380153739
physico,GPR,guided,410001000,1,0,0,120,24,9.0,1781776.380153739
physico,GPR,guided,410001000,1,1,10,130,31,9.0,1781776.380153739
physico,GPR,guided,410001000,1,2,10,140,33,9.0,1781776.380153739
physico,GPR,AL,410001000,2,0,0,120,24,6.0,1741740.740740741
physico,GPR,AL,410001000,2,1,10,130,27,8.0,1781776.380153739
physico,GPR,AL,410001000,2,2,10,140,28,8.0,1781776.380153739
physico,GPR,greedy,410001000,2,0,0,120,24,6.0,1741740.740740741
physico,GPR,greedy,410001000,2,1,10,130,30,8.0,1741740.740740741
physico,GPR,greedy,410001000,2,2,10,140,34,8.0,1741740.740740741
physico,GPR,guided,410001000,2,0,0,120,24,6.0,1741740.740740741
physico,GPR,guided,410001000,2,1,10,130,27,7.0,1741740.740740741
physico,GPR,guided,410001000,2,2,10,140,31,7.0,1741740.740740741
physico,GPR,AL,410001000,3,0,0,120,24,5.0,1624458.5921325053
physico,GPR,AL,410001000,3,1,10,130,26,7.0,1781776.380153739
physico,GPR,AL,410001000,3,2,10,140,29,7.0,1781776.380153739
physico,GPR,greedy,410001000,3,0,0,120,24,5.0,1624458.5921325053
physico,GPR,greedy,410001000,3,1,10,130,28,7.0,1624458.5921325053
physico,GPR,greedy,410001000,3,2,10,140,30,7.0,1624458.5921325053
physico,GPR,guided,410001000,3,0,0,120,24,5.0,1624458.5921325053
physico,GPR,guided,410001000,3,1,10,130,29,6.0,1624458.5921325053
physico,GPR,guided,410001000,3,2,10,140,31,7.0,1624458.5921325053
physico,GPR,AL,410001000,4,0,0,120,24,7.0,1787362.2572815537
physico,GPR,AL,410001000,4,1,10,130,27,8.0,1787362.2572815537
physico,GPR,AL,410001000,4,2,10,140,29,8.0,1787362.2572815537
physico,GPR,greedy,410001000,4,0,0,120,24,7.0,1787362.2572815537
physico,GPR,greedy,410001000,4,1,10,130,28,7.0,1787362.2572815537
physico,GPR,greedy,410001000,4,2,10,140,30,7.0,1787362.2572815537
physico,GPR,guided,410001000,4,0,0,120,24,7.0,1787362.2572815537
physico,GPR,guided,410001000,4,1,10,130,27,7.0,1787362.2572815537
physico,GPR,guided,410001000,4,2,10,140,31,7.0,1787362.2572815537
physico,GPR,AL,410001000,5,0,0,120,24,5.0,1741740.740740741
physico,GPR,AL,410001000,5,1,10,130,28,6.0,1781776.380153739
physico,GPR,AL,410001000,5,2,10,140,30,8.0,1781776.380153739
physico,GPR,greedy,410001000,5,0,0,120,24,5.0,1741740.740740741
physico,GPR,greedy,410001000,5,1,10,130,26,5.0,1741740.740740741
physico,GPR,greedy,410001000,5,2,10,140,30,6.0,1741740.740740741
physico,GPR,guided,410001000,5,0,0,120,24,5.0,1741740.740740741
physico,GPR,guided,410001000,5,1,10,130,29,7.0,1781776.380153739
physico,GPR,guided,410001000,5,2,10,140,32,7.0,1781776.380153739
physico,GPR,AL,410001000,6,0,0,120,24,4.0,1470439.1005621487
physico,GPR,AL,410001000,6,1,10,130,28,6.0,1781776.380153739
physico,GPR,AL,410001000,6,2,10,140,30,6.0,1781776.380153739
physico,GPR,greedy,410001000,6,0,0,120,24,4.0,1470439.1005621487
physico,GPR,greedy,410001000,6,1,10,130,28,5.0,1470439.1005621487
physico,GPR,greedy,410001000,6,2,10,140,32,5.0,1470439.1005621487
physico,GPR,guided,410001000,6,0,0,120,24,4.0,1470439.1005621487
physico,GPR,guided,410001000,6,1,10,130,30,6.0,1716200.0000000002
physico,GPR,guided,410001000,6,2,10,140,32,6.0,1716200.0000000002
physico,GPR,AL,410001000,7,0,0,120,24,5.0,1787362.2572815537
physico,GPR,AL,410001000,7,1,10,130,28,7.0,1787362.2572815537
physico,GPR,AL,410001000,7,2,10,140,28,7.0,1787362.2572815537
physico,GPR,greedy,410001000,7,0,0,120,24,5.0,1787362.2572815537
physico,GPR,greedy,410001000,7,1,10,130,25,5.0,1787362.2572815537
physico,GPR,greedy,410001000,7,2,10,140,25,5.0,1787362.2572815537
physico,GPR,guided,410001000,7,0,0,120,24,5.0,1787362.2572815537
physico,GPR,guided,410001000,7,1,10,130,27,7.0,1787362.2572815537
physico,GPR,guided,410001000,7,2,10,140,29,8.0,1787362.2572815537
physico,GPR,AL,410001000,8,0,0,120,24,3.0,1781776.380153739
physico,GPR,AL,410001000,8,1,10,130,25,3.0,1781776.380153739
physico,GPR,AL,410001000,8,2,10,140,29,4.0,1781776.380153739
physico,GPR,greedy,410001000,8,0,0,120,24,3.0,1781776.380153739
physico,GPR,greedy,410001000,8,1,10,130,26,3.0,1781776.380153739
physico,GPR,greedy,410001000,8,2,10,140,29,3.0,1781776.380153739
physico,GPR,guided,410001000,8,0,0,120,24,3.0,1781776.380153739
physico,GPR,guided,410001000,8,1,10,130,28,5.0,1781776.380153739
physico,GPR,guided,410001000,8,2,10,140,30,5.0,1781776.380153739
physico,GPR,AL,410001000,9,0,0,120,24,6.0,1624458.5921325053
physico,GPR,AL,410001000,9,1,10,130,28,8.0,1781776.380153739
physico,GPR,AL,410001000,9,2,10,140,29,8.0,1781776.380153739
physico,GPR,greedy,410001000,9,0,0,120,24,6.0,1624458.5921325053
physico,GPR,greedy,410001000,9,1,10,130,27,6.0,1624458.5921325053
physico,GPR,greedy,410001000,9,2,10,140,30,7.0,1624458.5921325053
physico,GPR,guided,410001000,9,0,0,120,24,6.0,1624458.5921325053
physico,GPR,guided,410001000,9,1,10,130,29,7.0,1624458.5921325053
physico,GPR,guided,410001000,9,2,10,140,31,7.0,1624458.5921325053
physico,GPR,AL,410001000,10,0,0,120,24,8.0,1716200.0000000002
physico,GPR,AL,410001000,10,1,10,130,26,9.0,1781776.380153739
physico,GPR,AL,410001000,10,2,10,140,29,10.0,1781776.380153739
physico,GPR,greedy,410001000,10,0,0,120,24,8.0,1716200.0000000002
physico,GPR,greedy,410001000,10,1,10,130,25,8.0,1716200.0000000002
physico,GPR,greedy,410001000,10,2,10,140,28,10.0,1781776.380153739
physico,GPR,guided,410001000,10,0,0,120,24,8.0,1716200.0000000002
physico,GPR,guided,410001000,10,1,10,130,29,10.0,1781776.380153739
physico,GPR,guided,410001000,10,2,10,140,31,10.0,1781776.380153739
physico,GPR,AL,410001000,11,0,0,120,24,5.0,1741740.740740741
physico,GPR,AL,410001000,11,1,10,130,27,7.0,1781776.380153739
physico,GPR,AL,410001000,11,2,10,140,28,8.0,1781776.380153739
physico,GPR,greedy,410001000,11,0,0,120,24,5.0,1741740.740740741
physico,GPR,greedy,410001000,11,1,10,130,30,5.0,1741740.740740741
physico,GPR,greedy,410001000,11,2,10,140,33,6.0,1741740.740740741
physico,GPR,guided,410001000,11,0,0,120,24,5.0,1741740.740740741
physico,GPR,guided,410001000,11,1,10,130,31,6.0,1741740.740740741
physico,GPR,guided,410001000,11,2,10,140,36,8.0,1781776.380153739
physico,GPR,AL,410001000,12,0,0,120,24,7.0,1716200.0000000002
physico,GPR,AL,410001000,12,1,10,130,27,9.0,1781776.380153739
physico,GPR,AL,410001000,12,2,10,140,29,10.0,1781776.380153739
physico,GPR,greedy,410001000,12,0,0,120,24,7.0,1716200.0000000002
physico,GPR,greedy,410001000,12,1,10,130,24,7.0,1716200.0000000002
physico,GPR,greedy,410001000,12,2,10,140,27,8.0,1716200.0000000002
physico,GPR,guided,410001000,12,0,0,120,24,7.0,1716200.0000000002
physico,GPR,guided,410001000,12,1,10,130,25,8.0,1716200.0000000002
physico,GPR,guided,410001000,12,2,10,140,26,8.0,1716200.0000000002
physico,GPR,AL,410001000,13,0,0,120,24,3.0,1534929.0322580645
physico,GPR,AL,410001000,13,1,10,130,27,5.0,1781776.380153739
physico,GPR,AL,410001000,13,2,10,140,29,6.0,1781776.380153739
physico,GPR,greedy,410001000,13,0,0,120,24,3.0,1534929.0322580645
physico,GPR,greedy,410001000,13,1,10,130,29,4.0,1534929.0322580645
physico,GPR,greedy,410001000,13,2,10,140,31,4.0,1534929.0322580645
physico,GPR,guided,410001000,13,0,0,120,24,3.0,1534929.0322580645
physico,GPR,guided,410001000,13,1,10,130,29,5.0,1781776.380153739
physico,GPR,guided,410001000,13,2,10,140,33,6.0,1781776.380153739
physico,GPR,AL,410001000,14,0,0,120,24,6.0,1646742.3208191127
physico,GPR,AL,410001000,14,1,10,130,30,7.0,1781776.380153739
physico,GPR,AL,410001000,14,2,10,140,32,7.0,1781776.380153739
physico,GPR,greedy,410001000,14,0,0,120,24,6.0,1646742.3208191127
physico,GPR,greedy,410001000,14,1,10,130,27,7.0,1781776.380153739
physico,GPR,greedy,410001000,14,2,10,140,35,7.0,1781776.380153739
physico,GPR,guided,410001000,14,0,0,120,24,6.0,1646742.3208191127
physico,GPR,guided,410001000,14,1,10,130,29,9.0,1781776.380153739
physico,GPR,guided,410001000,14,2,10,140,34,9.0,1781776.380153739
physico,GPR,AL,410002000,0,0,0,120,24,8.0,1646742.3208191127
physico,GPR,AL,410002000,0,1,10,130,26,9.0,1781776.380153739
physico,GPR,AL,410002000,0,2,10,140,28,9.0,1781776.380153739
physico,GPR,greedy,410002000,0,0,0,120,24,8.0,1646742.3208191127
physico,GPR,greedy,410002000,0,1,10,130,27,8.0,1646742.3208191127
physico,GPR,greedy,410002000,0,2,10,140,30,9.0,1646742.3208191127
physico,GPR,guided,410002000,0,0,0,120,24,8.0,1646742.3208191127
physico,GPR,guided,410002000,0,1,10,130,31,10.0,1781776.380153739
physico,GPR,guided,410002000,0,2,10,140,34,10.0,1781776.380153739
physico,GPR,AL,410002000,1,0,0,120,24,6.0,1643030.692362598
physico,GPR,AL,410002000,1,1,10,130,28,7.0,1781776.380153739
physico,GPR,AL,410002000,1,2,10,140,31,7.0,1781776.380153739
physico,GPR,greedy,410002000,1,0,0,120,24,6.0,1643030.692362598
physico,GPR,greedy,410002000,1,1,10,130,30,7.0,1781776.380153739
physico,GPR,greedy,410002000,1,2,10,140,32,7.0,1781776.380153739
physico,GPR,guided,410002000,1,0,0,120,24,6.0,1643030.692362598
physico,GPR,guided,410002000,1,1,10,130,26,6.0,1643030.692362598
physico,GPR,guided,410002000,1,2,10,140,30,7.0,1781776.380153739
physico,GPR,AL,410002000,2,0,0,120,24,8.0,1741740.740740741
physico,GPR,AL,410002000,2,1,10,130,26,10.0,1781776.380153739
physico,GPR,AL,410002000,2,2,10,140,28,10.0,1781776.380153739
physico,GPR,greedy,410002000,2,0,0,120,24,8.0,1741740.740740741
physico,GPR,greedy,410002000,2,1,10,130,25,9.0,1741740.740740741
physico,GPR,greedy,410002000,2,2,10,140,27,9.0,1741740.740740741
physico,GPR,guided,410002000,2,0,0,120,24,8.0,1741740.740740741
physico,GPR,guided,410002000,2,1,10,130,27,11.0,1741740.740740741
physico,GPR,guided,410002000,2,2,10,140,29,11.0,1741740.740740741
physico,GPR,AL,410002000,3,0,0,120,24,7.0,1741740.740740741
physico,GPR,AL,410002000,3,1,10,130,26,8.0,1781776.380153739
physico,GPR,AL,410002000,3,2,10,140,29,8.0,1781776.380153739
physico,GPR,greedy,410002000,3,0,0,120,24,7.0,1741740.740740741
physico,GPR,greedy,410002000,3,1,10,130,29,7.0,1741740.740740741
physico,GPR,greedy,410002000,3,2,10,140,30,8.0,1741740.740740741
physico,GPR,guided,410002000,3,0,0,120,24,7.0,1741740.740740741
physico,GPR,guided,410002000,3,1,10,130,31,9.0,1741740.740740741
physico,GPR,guided,410002000,3,2,10,140,34,10.0,1741740.740740741
physico,GPR,AL,410002000,4,0,0,120,24,11.0,1741740.740740741
physico,GPR,AL,410002000,4,1,10,130,26,13.0,1781776.380153739
physico,GPR,AL,410002000,4,2,10,140,28,13.0,1781776.380153739
physico,GPR,greedy,410002000,4,0,0,120,24,11.0,1741740.740740741
physico,GPR,greedy,410002000,4,1,10,130,27,12.0,1781776.380153739
physico,GPR,greedy,410002000,4,2,10,140,27,12.0,1781776.380153739
physico,GPR,guided,410002000,4,0,0,120,24,11.0,1741740.740740741
physico,GPR,guided,410002000,4,1,10,130,27,13.0,1741740.740740741
physico,GPR,guided,410002000,4,2,10,140,30,14.0,1781776.380153739
physico,GPR,AL,410002000,5,0,0,120,24,4.0,1787362.2572815537
physico,GPR,AL,410002000,5,1,10,130,28,6.0,1787362.2572815537
physico,GPR,AL,410002000,5,2,10,140,31,7.0,1787362.2572815537
physico,GPR,greedy,410002000,5,0,0,120,24,4.0,1787362.2572815537
physico,GPR,greedy,410002000,5,1,10,130,28,5.0,1787362.2572815537
physico,GPR,greedy,410002000,5,2,10,140,29,6.0,1787362.2572815537
physico,GPR,guided,410002000,5,0,0,120,24,4.0,1787362.2572815537
physico,GPR,guided,410002000,5,1,10,130,29,4.0,1787362.2572815537
physico,GPR,guided,410002000,5,2,10,140,31,6.0,1787362.2572815537
physico,GPR,AL,410002000,6,0,0,120,24,5.0,1646742.3208191127
physico,GPR,AL,410002000,6,1,10,130,27,7.0,1781776.380153739
physico,GPR,AL,410002000,6,2,10,140,29,7.0,1781776.380153739
physico,GPR,greedy,410002000,6,0,0,120,24,5.0,1646742.3208191127
physico,GPR,greedy,410002000,6,1,10,130,27,6.0,1646742.3208191127
physico,GPR,greedy,410002000,6,2,10,140,29,6.0,1646742.3208191127
physico,GPR,guided,410002000,6,0,0,120,24,5.0,1646742.3208191127
physico,GPR,guided,410002000,6,1,10,130,30,8.0,1741740.740740741
physico,GPR,guided,410002000,6,2,10,140,31,8.0,1741740.740740741
physico,GPR,AL,410002000,7,0,0,120,24,7.0,1781776.380153739
physico,GPR,AL,410002000,7,1,10,130,26,7.0,1781776.380153739
physico,GPR,AL,410002000,7,2,10,140,27,7.0,1781776.380153739
physico,GPR,greedy,410002000,7,0,0,120,24,7.0,1781776.380153739
physico,GPR,greedy,410002000,7,1,10,130,27,7.0,1781776.380153739
physico,GPR,greedy,410002000,7,2,10,140,30,7.0,1781776.380153739
physico,GPR,guided,410002000,7,0,0,120,24,7.0,1781776.380153739
physico,GPR,guided,410002000,7,1,10,130,29,7.0,1781776.380153739
physico,GPR,guided,410002000,7,2,10,140,32,7.0,1781776.380153739
physico,GPR,AL,410002000,8,0,0,120,24,6.0,1787362.2572815537
physico,GPR,AL,410002000,8,1,10,130,27,8.0,1787362.2572815537
physico,GPR,AL,410002000,8,2,10,140,29,8.0,1787362.2572815537
physico,GPR,greedy,410002000,8,0,0,120,24,6.0,1787362.2572815537
physico,GPR,greedy,410002000,8,1,10,130,29,8.0,1787362.2572815537
physico,GPR,greedy,410002000,8,2,10,140,33,8.0,1787362.2572815537
physico,GPR,guided,410002000,8,0,0,120,24,6.0,1787362.2572815537
physico,GPR,guided,410002000,8,1,10,130,31,9.0,1787362.2572815537
physico,GPR,guided,410002000,8,2,10,140,36,9.0,1787362.2572815537
physico,GPR,AL,410002000,9,0,0,120,24,5.0,1624458.5921325053
physico,GPR,AL,410002000,9,1,10,130,27,7.0,1781776.380153739
physico,GPR,AL,410002000,9,2,10,140,32,8.0,1781776.380153739
physico,GPR,greedy,410002000,9,0,0,120,24,5.0,1624458.5921325053
physico,GPR,greedy,410002000,9,1,10,130,26,5.0,1624458.5921325053
physico,GPR,greedy,410002000,9,2,10,140,31,6.0,1624458.5921325053
physico,GPR,guided,410002000,9,0,0,120,24,5.0,1624458.5921325053
physico,GPR,guided,410002000,9,1,10,130,27,6.0,1624458.5921325053
physico,GPR,guided,410002000,9,2,10,140,32,8.0,1624458.5921325053
physico,GPR,AL,410002000,10,0,0,120,24,9.0,1781776.380153739
physico,GPR,AL,410002000,10,1,10,130,25,9.0,1781776.380153739
physico,GPR,AL,410002000,10,2,10,140,28,9.0,1781776.380153739
physico,GPR,greedy,410002000,10,0,0,120,24,9.0,1781776.380153739
physico,GPR,greedy,410002000,10,1,10,130,29,9.0,1781776.380153739
physico,GPR,greedy,410002000,10,2,10,140,32,9.0,1781776.380153739
physico,GPR,guided,410002000,10,0,0,120,24,9.0,1781776.380153739
physico,GPR,guided,410002000,10,1,10,130,29,10.0,1781776.380153739
physico,GPR,guided,410002000,10,2,10,140,33,10.0,1781776.380153739
physico,GPR,AL,410002000,11,0,0,120,24,9.0,1741740.740740741
physico,GPR,AL,410002000,11,1,10,130,26,10.0,1781776.380153739
physico,GPR,AL,410002000,11,2,10,140,30,10.0,1781776.380153739
physico,GPR,greedy,410002000,11,0,0,120,24,9.0,1741740.740740741
physico,GPR,greedy,410002000,11,1,10,130,30,10.0,1781776.380153739
physico,GPR,greedy,410002000,11,2,10,140,32,10.0,1781776.380153739
physico,GPR,guided,410002000,11,0,0,120,24,9.0,1741740.740740741
physico,GPR,guided,410002000,11,1,10,130,29,11.0,1781776.380153739
physico,GPR,guided,410002000,11,2,10,140,35,11.0,1781776.380153739
physico,GPR,AL,410002000,12,0,0,120,24,4.0,1568230.9482257126
physico,GPR,AL,410002000,12,1,10,130,28,6.0,1781776.380153739
physico,GPR,AL,410002000,12,2,10,140,31,6.0,1781776.380153739
physico,GPR,greedy,410002000,12,0,0,120,24,4.0,1568230.9482257126
physico,GPR,greedy,410002000,12,1,10,130,31,5.0,1568230.9482257126
physico,GPR,greedy,410002000,12,2,10,140,33,5.0,1568230.9482257126
physico,GPR,guided,410002000,12,0,0,120,24,4.0,1568230.9482257126
physico,GPR,guided,410002000,12,1,10,130,30,5.0,1716200.0000000002
physico,GPR,guided,410002000,12,2,10,140,35,6.0,1716200.0000000002
physico,GPR,AL,410002000,13,0,0,120,24,6.0,1781776.380153739
physico,GPR,AL,410002000,13,1,10,130,26,6.0,1781776.380153739
physico,GPR,AL,410002000,13,2,10,140,27,6.0,1781776.380153739
physico,GPR,greedy,410002000,13,0,0,120,24,6.0,1781776.380153739
physico,GPR,greedy,410002000,13,1,10,130,29,6.0,1781776.380153739
physico,GPR,greedy,410002000,13,2,10,140,32,7.0,1781776.380153739
physico,GPR,guided,410002000,13,0,0,120,24,6.0,1781776.380153739
physico,GPR,guided,410002000,13,1,10,130,29,6.0,1781776.380153739
physico,GPR,guided,410002000,13,2,10,140,33,7.0,1781776.380153739
physico,GPR,AL,410002000,14,0,0,120,24,6.0,1470439.1005621487
physico,GPR,AL,410002000,14,1,10,130,27,7.0,1572010.7095046854
physico,GPR,AL,410002000,14,2,10,140,33,8.0,1781776.380153739
physico,GPR,greedy,410002000,14,0,0,120,24,6.0,1470439.1005621487
physico,GPR,greedy,410002000,14,1,10,130,28,6.0,1470439.1005621487
physico,GPR,greedy,410002000,14,2,10,140,30,6.0,1470439.1005621487
physico,GPR,guided,410002000,14,0,0,120,24,6.0,1470439.1005621487
physico,GPR,guided,410002000,14,1,10,130,31,9.0,1781776.380153739
physico,GPR,guided,410002000,14,2,10,140,33,9.0,1781776.380153739
physico,GPR,AL,410003000,0,0,0,120,24,7.0,1781776.380153739
physico,GPR,AL,410003000,0,1,10,130,25,7.0,1781776.380153739
physico,GPR,AL,410003000,0,2,10,140,27,8.0,1781776.380153739
physico,GPR,greedy,410003000,0,0,0,120,24,7.0,1781776.380153739
physico,GPR,greedy,410003000,0,1,10,130,28,7.0,1781776.380153739
physico,GPR,greedy,410003000,0,2,10,140,33,8.0,1781776.380153739
physico,GPR,guided,410003000,0,0,0,120,24,7.0,1781776.380153739
physico,GPR,guided,410003000,0,1,10,130,29,7.0,1781776.380153739
physico,GPR,guided,410003000,0,2,10,140,32,7.0,1781776.380153739
physico,GPR,AL,410003000,1,0,0,120,24,5.0,1741740.740740741
physico,GPR,AL,410003000,1,1,10,130,28,7.0,1781776.380153739
physico,GPR,AL,410003000,1,2,10,140,30,8.0,1781776.380153739
physico,GPR,greedy,410003000,1,0,0,120,24,5.0,1741740.740740741
physico,GPR,greedy,410003000,1,1,10,130,28,5.0,1741740.740740741
physico,GPR,greedy,410003000,1,2,10,140,30,7.0,1741740.740740741
physico,GPR,guided,410003000,1,0,0,120,24,5.0,1741740.740740741
physico,GPR,guided,410003000,1,1,10,130,30,6.0,1741740.740740741
physico,GPR,guided,410003000,1,2,10,140,34,6.0,1741740.740740741
physico,GPR,AL,410003000,2,0,0,120,24,9.0,1787362.2572815537
physico,GPR,AL,410003000,2,1,10,130,27,11.0,1787362.2572815537
physico,GPR,AL,410003000,2,2,10,140,30,11.0,1787362.2572815537
physico,GPR,greedy,410003000,2,0,0,120,24,9.0,1787362.2572815537
physico,GPR,greedy,410003000,2,1,10,130,30,10.0,1787362.2572815537
physico,GPR,greedy,410003000,2,2,10,140,31,10.0,1787362.2572815537
physico,GPR,guided,410003000,2,0,0,120,24,9.0,1787362.2572815537
physico,GPR,guided,410003000,2,1,10,130,29,10.0,1787362.2572815537
physico,GPR,guided,410003000,2,2,10,140,34,10.0,1787362.2572815537
physico,GPR,AL,410003000,3,0,0,120,24,4.0,1787362.2572815537
physico,GPR,AL,410003000,3,1,10,130,27,6.0,1787362.2572815537
physico,GPR,AL,410003000,3,2,10,140,30,7.0,1787362.2572815537
physico,GPR,greedy,410003000,3,0,0,120,24,4.0,1787362.2572815537
physico,GPR,greedy,410003000,3,1,10,130,27,4.0,1787362.2572815537
physico,GPR,greedy,410003000,3,2,10,140,28,5.0,1787362.2572815537
physico,GPR,guided,410003000,3,0,0,120,24,4.0,1787362.2572815537
physico,GPR,guided,410003000,3,1,10,130,30,6.0,1787362.2572815537
physico,GPR,guided,410003000,3,2,10,140,31,6.0,1787362.2572815537
physico,GPR,AL,410003000,4,0,0,120,24,4.0,1534929.0322580645
physico,GPR,AL,410003000,4,1,10,130,29,7.0,1781776.380153739
physico,GPR,AL,410003000,4,2,10,140,31,7.0,1781776.380153739
physico,GPR,greedy,410003000,4,0,0,120,24,4.0,1534929.0322580645
physico,GPR,greedy,410003000,4,1,10,130,32,5.0,1534929.0322580645
physico,GPR,greedy,410003000,4,2,10,140,34,6.0,1781776.380153739
physico,GPR,guided,410003000,4,0,0,120,24,4.0,1534929.0322580645
physico,GPR,guided,410003000,4,1,10,130,32,5.0,1534929.0322580645
physico,GPR,guided,410003000,4,2,10,140,35,6.0,1534929.0322580645
physico,GPR,AL,410003000,5,0,0,120,24,0.0,1356279.4029850746
physico,GPR,AL,410003000,5,1,10,130,27,2.0,1781776.380153739
physico,GPR,AL,410003000,5,2,10,140,29,2.0,1781776.380153739
physico,GPR,greedy,410003000,5,0,0,120,24,0.0,1356279.4029850746
physico,GPR,greedy,410003000,5,1,10,130,27,1.0,1781776.380153739
physico,GPR,greedy,410003000,5,2,10,140,30,1.0,1781776.380153739
physico,GPR,guided,410003000,5,0,0,120,24,0.0,1356279.4029850746
physico,GPR,guided,410003000,5,1,10,130,29,2.0,1781776.380153739
physico,GPR,guided,410003000,5,2,10,140,34,2.0,1781776.380153739
physico,GPR,AL,410003000,6,0,0,120,24,5.0,1643030.692362598
physico,GPR,AL,410003000,6,1,10,130,28,7.0,1781776.380153739
physico,GPR,AL,410003000,6,2,10,140,29,7.0,1781776.380153739
physico,GPR,greedy,410003000,6,0,0,120,24,5.0,1643030.692362598
physico,GPR,greedy,410003000,6,1,10,130,30,6.0,1643030.692362598
physico,GPR,greedy,410003000,6,2,10,140,32,6.0,1643030.692362598
physico,GPR,guided,410003000,6,0,0,120,24,5.0,1643030.692362598
physico,GPR,guided,410003000,6,1,10,130,31,6.0,1643030.692362598
physico,GPR,guided,410003000,6,2,10,140,35,7.0,1643030.692362598
physico,GPR,AL,410003000,7,0,0,120,24,7.0,1781776.380153739
physico,GPR,AL,410003000,7,1,10,130,26,8.0,1781776.380153739
physico,GPR,AL,410003000,7,2,10,140,28,9.0,1781776.380153739
physico,GPR,greedy,410003000,7,0,0,120,24,7.0,1781776.380153739
physico,GPR,greedy,410003000,7,1,10,130,27,7.0,1781776.380153739
physico,GPR,greedy,410003000,7,2,10,140,31,8.0,1781776.380153739
physico,GPR,guided,410003000,7,0,0,120,24,7.0,1781776.380153739
physico,GPR,guided,410003000,7,1,10,130,28,7.0,1781776.380153739
physico,GPR,guided,410003000,7,2,10,140,32,7.0,1781776.380153739
physico,GPR,AL,410003000,8,0,0,120,24,8.0,1781776.380153739
physico,GPR,AL,410003000,8,1,10,130,25,9.0,1781776.380153739
physico,GPR,AL,410003000,8,2,10,140,25,9.0,1781776.380153739
physico,GPR,greedy,410003000,8,0,0,120,24,8.0,1781776.380153739
physico,GPR,greedy,410003000,8,1,10,130,27,9.0,1781776.380153739
physico,GPR,greedy,410003000,8,2,10,140,28,10.0,1781776.380153739
physico,GPR,guided,410003000,8,0,0,120,24,8.0,1781776.380153739
physico,GPR,guided,410003000,8,1,10,130,29,11.0,1781776.380153739
physico,GPR,guided,410003000,8,2,10,140,30,11.0,1781776.380153739
physico,GPR,AL,410003000,9,0,0,120,24,4.0,1572010.7095046854
physico,GPR,AL,410003000,9,1,10,130,27,5.0,1781776.380153739
physico,GPR,AL,410003000,9,2,10,140,28,6.0,1781776.380153739
physico,GPR,greedy,410003000,9,0,0,120,24,4.0,1572010.7095046854
physico,GPR,greedy,410003000,9,1,10,130,28,6.0,1572010.7095046854
physico,GPR,greedy,410003000,9,2,10,140,30,7.0,1572010.7095046854
physico,GPR,guided,410003000,9,0,0,120,24,4.0,1572010.7095046854
physico,GPR,guided,410003000,9,1,10,130,30,6.0,1716200.0000000002
physico,GPR,guided,410003000,9,2,10,140,32,7.0,1716200.0000000002
physico,GPR,AL,410003000,10,0,0,120,24,5.0,1787362.2572815537
physico,GPR,AL,410003000,10,1,10,130,26,6.0,1787362.2572815537
physico,GPR,AL,410003000,10,2,10,140,28,6.0,1787362.2572815537
physico,GPR,greedy,410003000,10,0,0,120,24,5.0,1787362.2572815537
physico,GPR,greedy,410003000,10,1,10,130,29,6.0,1787362.2572815537
physico,GPR,greedy,410003000,10,2,10,140,32,6.0,1787362.2572815537
physico,GPR,guided,410003000,10,0,0,120,24,5.0,1787362.2572815537
physico,GPR,guided,410003000,10,1,10,130,31,6.0,1787362.2572815537
physico,GPR,guided,410003000,10,2,10,140,35,7.0,1787362.2572815537
physico,GPR,AL,410003000,11,0,0,120,24,4.0,1534929.0322580645
physico,GPR,AL,410003000,11,1,10,130,27,6.0,1781776.380153739
physico,GPR,AL,410003000,11,2,10,140,31,6.0,1781776.380153739
physico,GPR,greedy,410003000,11,0,0,120,24,4.0,1534929.0322580645
physico,GPR,greedy,410003000,11,1,10,130,29,6.0,1534929.0322580645
physico,GPR,greedy,410003000,11,2,10,140,30,6.0,1534929.0322580645
physico,GPR,guided,410003000,11,0,0,120,24,4.0,1534929.0322580645
physico,GPR,guided,410003000,11,1,10,130,29,5.0,1781776.380153739
physico,GPR,guided,410003000,11,2,10,140,34,7.0,1781776.380153739
physico,GPR,AL,410003000,12,0,0,120,24,6.0,1716200.0000000002
physico,GPR,AL,410003000,12,1,10,130,25,7.0,1781776.380153739
physico,GPR,AL,410003000,12,2,10,140,29,7.0,1781776.380153739
physico,GPR,greedy,410003000,12,0,0,120,24,6.0,1716200.0000000002
physico,GPR,greedy,410003000,12,1,10,130,28,6.0,1716200.0000000002
physico,GPR,greedy,410003000,12,2,10,140,31,8.0,1716200.0000000002
physico,GPR,guided,410003000,12,0,0,120,24,6.0,1716200.0000000002
physico,GPR,guided,410003000,12,1,10,130,30,6.0,1716200.0000000002
physico,GPR,guided,410003000,12,2,10,140,31,6.0,1716200.0000000002
physico,GPR,AL,410003000,13,0,0,120,24,3.0,1624458.5921325053
physico,GPR,AL,410003000,13,1,10,130,26,5.0,1781776.380153739
physico,GPR,AL,410003000,13,2,10,140,29,5.0,1781776.380153739
physico,GPR,greedy,410003000,13,0,0,120,24,3.0,1624458.5921325053
physico,GPR,greedy,410003000,13,1,10,130,27,3.0,1624458.5921325053
physico,GPR,greedy,410003000,13,2,10,140,32,5.0,1624458.5921325053
physico,GPR,guided,410003000,13,0,0,120,24,3.0,1624458.5921325053
physico,GPR,guided,410003000,13,1,10,130,29,5.0,1716200.0000000002
physico,GPR,guided,410003000,13,2,10,140,31,5.0,1716200.0000000002
physico,GPR,AL,410003000,14,0,0,120,24,5.0,1781776.380153739
physico,GPR,AL,410003000,14,1,10,130,30,6.0,1781776.380153739
physico,GPR,AL,410003000,14,2,10,140,32,6.0,1781776.380153739
physico,GPR,greedy,410003000,14,0,0,120,24,5.0,1781776.380153739
physico,GPR,greedy,410003000,14,1,10,130,31,5.0,1781776.380153739
physico,GPR,greedy,410003000,14,2,10,140,34,5.0,1781776.380153739
physico,GPR,guided,410003000,14,0,0,120,24,5.0,1781776.380153739
physico,GPR,guided,410003000,14,1,10,130,32,7.0,1781776.380153739
physico,GPR,guided,410003000,14,2,10,140,36,7.0,1781776.380153739
physico,GPR,AL,410004000,0,0,0,120,24,5.0,1716200.0000000002
physico,GPR,AL,410004000,0,1,10,130,29,7.0,1781776.380153739
physico,GPR,AL,410004000,0,2,10,140,33,7.0,1781776.380153739
physico,GPR,greedy,410004000,0,0,0,120,24,5.0,1716200.0000000002
physico,GPR,greedy,410004000,0,1,10,130,29,5.0,1716200.0000000002
physico,GPR,greedy,410004000,0,2,10,140,35,6.0,1716200.0000000002
physico,GPR,guided,410004000,0,0,0,120,24,5.0,1716200.0000000002
physico,GPR,guided,410004000,0,1,10,130,29,5.0,1716200.0000000002
physico,GPR,guided,410004000,0,2,10,140,36,5.0,1716200.0000000002
physico,GPR,AL,410004000,1,0,0,120,24,5.0,1741740.740740741
physico,GPR,AL,410004000,1,1,10,130,28,6.0,1781776.380153739
physico,GPR,AL,410004000,1,2,10,140,29,6.0,1781776.380153739
physico,GPR,greedy,410004000,1,0,0,120,24,5.0,1741740.740740741
physico,GPR,greedy,410004000,1,1,10,130,27,5.0,1741740.740740741
physico,GPR,greedy,410004000,1,2,10,140,31,8.0,1741740.740740741
physico,GPR,guided,410004000,1,0,0,120,24,5.0,1741740.740740741
physico,GPR,guided,410004000,1,1,10,130,29,7.0,1741740.740740741
physico,GPR,guided,410004000,1,2,10,140,31,7.0,1741740.740740741
physico,GPR,AL,410004000,2,0,0,120,24,8.0,1787362.2572815537
physico,GPR,AL,410004000,2,1,10,130,25,9.0,1787362.2572815537
physico,GPR,AL,410004000,2,2,10,140,27,10.0,1787362.2572815537
physico,GPR,greedy,410004000,2,0,0,120,24,8.0,1787362.2572815537
physico,GPR,greedy,410004000,2,1,10,130,29,9.0,1787362.2572815537
physico,GPR,greedy,410004000,2,2,10,140,31,9.0,1787362.2572815537
physico,GPR,guided,410004000,2,0,0,120,24,8.0,1787362.2572815537
physico,GPR,guided,410004000,2,1,10,130,29,9.0,1787362.2572815537
physico,GPR,guided,410004000,2,2,10,140,32,9.0,1787362.2572815537
physico,GPR,AL,410004000,3,0,0,120,24,4.0,1624458.5921325053
physico,GPR,AL,410004000,3,1,10,130,28,6.0,1781776.380153739
physico,GPR,AL,410004000,3,2,10,140,31,6.0,1781776.380153739
physico,GPR,greedy,410004000,3,0,0,120,24,4.0,1624458.5921325053
physico,GPR,greedy,410004000,3,1,10,130,30,6.0,1624458.5921325053
physico,GPR,greedy,410004000,3,2,10,140,35,6.0,1624458.5921325053
physico,GPR,guided,410004000,3,0,0,120,24,4.0,1624458.5921325053
physico,GPR,guided,410004000,3,1,10,130,32,7.0,1624458.5921325053
physico,GPR,guided,410004000,3,2,10,140,35,7.0,1624458.5921325053
physico,GPR,AL,410004000,4,0,0,120,24,5.0,1716200.0000000002
physico,GPR,AL,410004000,4,1,10,130,28,7.0,1781776.380153739
physico,GPR,AL,410004000,4,2,10,140,28,7.0,1781776.380153739
physico,GPR,greedy,410004000,4,0,0,120,24,5.0,1716200.0000000002
physico,GPR,greedy,410004000,4,1,10,130,29,5.0,1716200.0000000002
physico,GPR,greedy,410004000,4,2,10,140,32,7.0,1716200.0000000002
physico,GPR,guided,410004000,4,0,0,120,24,5.0,1716200.0000000002
physico,GPR,guided,410004000,4,1,10,130,28,6.0,1716200.0000000002
physico,GPR,guided,410004000,4,2,10,140,32,6.0,1716200.0000000002
physico,GPR,AL,410004000,5,0,0,120,24,8.0,1787362.2572815537
physico,GPR,AL,410004000,5,1,10,130,26,8.0,1787362.2572815537
physico,GPR,AL,410004000,5,2,10,140,28,8.0,1787362.2572815537
physico,GPR,greedy,410004000,5,0,0,120,24,8.0,1787362.2572815537
physico,GPR,greedy,410004000,5,1,10,130,31,8.0,1787362.2572815537
physico,GPR,greedy,410004000,5,2,10,140,32,8.0,1787362.2572815537
physico,GPR,guided,410004000,5,0,0,120,24,8.0,1787362.2572815537
physico,GPR,guided,410004000,5,1,10,130,30,9.0,1787362.2572815537
physico,GPR,guided,410004000,5,2,10,140,34,9.0,1787362.2572815537
physico,GPR,AL,410004000,6,0,0,120,24,3.0,1781776.380153739
physico,GPR,AL,410004000,6,1,10,130,26,4.0,1781776.380153739
physico,GPR,AL,410004000,6,2,10,140,32,4.0,1781776.380153739
physico,GPR,greedy,410004000,6,0,0,120,24,3.0,1781776.380153739
physico,GPR,greedy,410004000,6,1,10,130,29,4.0,1781776.380153739
physico,GPR,greedy,410004000,6,2,10,140,35,5.0,1781776.380153739
physico,GPR,guided,410004000,6,0,0,120,24,3.0,1781776.380153739
physico,GPR,guided,410004000,6,1,10,130,29,5.0,1781776.380153739
physico,GPR,guided,410004000,6,2,10,140,34,6.0,1781776.380153739
physico,GPR,AL,410004000,7,0,0,120,24,5.0,1787362.2572815537
physico,GPR,AL,410004000,7,1,10,130,27,7.0,1787362.2572815537
physico,GPR,AL,410004000,7,2,10,140,31,8.0,1787362.2572815537
physico,GPR,greedy,410004000,7,0,0,120,24,5.0,1787362.2572815537
physico,GPR,greedy,410004000,7,1,10,130,26,5.0,1787362.2572815537
physico,GPR,greedy,410004000,7,2,10,140,28,6.0,1787362.2572815537
physico,GPR,guided,410004000,7,0,0,120,24,5.0,1787362.2572815537
physico,GPR,guided,410004000,7,1,10,130,29,7.0,1787362.2572815537
physico,GPR,guided,410004000,7,2,10,140,32,8.0,1787362.2572815537
physico,GPR,AL,410004000,8,0,0,120,24,6.0,1646742.3208191127
physico,GPR,AL,410004000,8,1,10,130,28,8.0,1781776.380153739
physico,GPR,AL,410004000,8,2,10,140,32,8.0,1781776.380153739
physico,GPR,greedy,410004000,8,0,0,120,24,6.0,1646742.3208191127
physico,GPR,greedy,410004000,8,1,10,130,31,6.0,1646742.3208191127
physico,GPR,greedy,410004000,8,2,10,140,35,7.0,1646742.3208191127
physico,GPR,guided,410004000,8,0,0,120,24,6.0,1646742.3208191127
physico,GPR,guided,410004000,8,1,10,130,32,7.0,1741740.740740741
physico,GPR,guided,410004000,8,2,10,140,37,8.0,1741740.740740741
physico,GPR,AL,410004000,9,0,0,120,24,4.0,1781776.380153739
physico,GPR,AL,410004000,9,1,10,130,26,5.0,1781776.380153739
physico,GPR,AL,410004000,9,2,10,140,28,5.0,1781776.380153739
physico,GPR,greedy,410004000,9,0,0,120,24,4.0,1781776.380153739
physico,GPR,greedy,410004000,9,1,10,130,28,4.0,1781776.380153739
physico,GPR,greedy,410004000,9,2,10,140,32,4.0,1781776.380153739
physico,GPR,guided,410004000,9,0,0,120,24,4.0,1781776.380153739
physico,GPR,guided,410004000,9,1,10,130,27,4.0,1781776.380153739
physico,GPR,guided,410004000,9,2,10,140,31,4.0,1781776.380153739
physico,GPR,AL,410004000,10,0,0,120,24,6.0,1572010.7095046854
physico,GPR,AL,410004000,10,1,10,130,25,7.0,1781776.380153739
physico,GPR,AL,410004000,10,2,10,140,26,7.0,1781776.380153739
physico,GPR,greedy,410004000,10,0,0,120,24,6.0,1572010.7095046854
physico,GPR,greedy,410004000,10,1,10,130,26,7.0,1572010.7095046854
physico,GPR,greedy,410004000,10,2,10,140,29,7.0,1572010.7095046854
physico,GPR,guided,410004000,10,0,0,120,24,6.0,1572010.7095046854
physico,GPR,guided,410004000,10,1,10,130,27,7.0,1572010.7095046854
physico,GPR,guided,410004000,10,2,10,140,30,8.0,1572010.7095046854
physico,GPR,AL,410004000,11,0,0,120,24,8.0,1787362.2572815537
physico,GPR,AL,410004000,11,1,10,130,25,8.0,1787362.2572815537
physico,GPR,AL,410004000,11,2,10,140,29,8.0,1787362.2572815537
physico,GPR,greedy,410004000,11,0,0,120,24,8.0,1787362.2572815537
physico,GPR,greedy,410004000,11,1,10,130,27,8.0,1787362.2572815537
physico,GPR,greedy,410004000,11,2,10,140,28,8.0,1787362.2572815537
physico,GPR,guided,410004000,11,0,0,120,24,8.0,1787362.2572815537
physico,GPR,guided,410004000,11,1,10,130,29,9.0,1787362.2572815537
physico,GPR,guided,410004000,11,2,10,140,32,9.0,1787362.2572815537
physico,GPR,AL,410004000,12,0,0,120,24,6.0,1781776.380153739
physico,GPR,AL,410004000,12,1,10,130,26,7.0,1781776.380153739
physico,GPR,AL,410004000,12,2,10,140,29,7.0,1781776.380153739
physico,GPR,greedy,410004000,12,0,0,120,24,6.0,1781776.380153739
physico,GPR,greedy,410004000,12,1,10,130,28,6.0,1781776.380153739
physico,GPR,greedy,410004000,12,2,10,140,31,8.0,1781776.380153739
physico,GPR,guided,410004000,12,0,0,120,24,6.0,1781776.380153739
physico,GPR,guided,410004000,12,1,10,130,28,6.0,1781776.380153739
physico,GPR,guided,410004000,12,2,10,140,31,6.0,1781776.380153739
physico,GPR,AL,410004000,13,0,0,120,24,6.0,1646742.3208191127
physico,GPR,AL,410004000,13,1,10,130,27,7.0,1781776.380153739
physico,GPR,AL,410004000,13,2,10,140,30,8.0,1781776.380153739
physico,GPR,greedy,410004000,13,0,0,120,24,6.0,1646742.3208191127
physico,GPR,greedy,410004000,13,1,10,130,28,7.0,1646742.3208191127
physico,GPR,greedy,410004000,13,2,10,140,30,7.0,1646742.3208191127
physico,GPR,guided,410004000,13,0,0,120,24,6.0,1646742.3208191127
physico,GPR,guided,410004000,13,1,10,130,30,7.0,1741740.740740741
physico,GPR,guided,410004000,13,2,10,140,32,8.0,1741740.740740741
physico,GPR,AL,410004000,14,0,0,120,24,6.0,1716200.0000000002
physico,GPR,AL,410004000,14,1,10,130,27,8.0,1781776.380153739
physico,GPR,AL,410004000,14,2,10,140,30,8.0,1781776.380153739
physico,GPR,greedy,410004000,14,0,0,120,24,6.0,1716200.0000000002
physico,GPR,greedy,410004000,14,1,10,130,28,7.0,1716200.0000000002
physico,GPR,greedy,410004000,14,2,10,140,37,8.0,1781776.380153739
physico,GPR,guided,410004000,14,0,0,120,24,6.0,1716200.0000000002
physico,GPR,guided,410004000,14,1,10,130,30,8.0,1741740.740740741
physico,GPR,guided,410004000,14,2,10,140,36,8.0,1741740.740740741
physico,GPR,AL,410005000,0,0,0,120,24,5.0,1787362.2572815537
physico,GPR,AL,410005000,0,1,10,130,26,7.0,1787362.2572815537
physico,GPR,AL,410005000,0,2,10,140,29,7.0,1787362.2572815537
physico,GPR,greedy,410005000,0,0,0,120,24,5.0,1787362.2572815537
physico,GPR,greedy,410005000,0,1,10,130,27,5.0,1787362.2572815537
physico,GPR,greedy,410005000,0,2,10,140,31,7.0,1787362.2572815537
physico,GPR,guided,410005000,0,0,0,120,24,5.0,1787362.2572815537
physico,GPR,guided,410005000,0,1,10,130,29,6.0,1787362.2572815537
physico,GPR,guided,410005000,0,2,10,140,31,7.0,1787362.2572815537
physico,GPR,AL,410005000,1,0,0,120,24,6.0,1787362.2572815537
physico,GPR,AL,410005000,1,1,10,130,27,8.0,1787362.2572815537
physico,GPR,AL,410005000,1,2,10,140,28,8.0,1787362.2572815537
physico,GPR,greedy,410005000,1,0,0,120,24,6.0,1787362.2572815537
physico,GPR,greedy,410005000,1,1,10,130,26,6.0,1787362.2572815537
physico,GPR,greedy,410005000,1,2,10,140,30,9.0,1787362.2572815537
physico,GPR,guided,410005000,1,0,0,120,24,6.0,1787362.2572815537
physico,GPR,guided,410005000,1,1,10,130,27,7.0,1787362.2572815537
physico,GPR,guided,410005000,1,2,10,140,29,9.0,1787362.2572815537
physico,GPR,AL,410005000,2,0,0,120,24,2.0,1470439.1005621487
physico,GPR,AL,410005000,2,1,10,130,28,4.0,1781776.380153739
physico,GPR,AL,410005000,2,2,10,140,28,4.0,1781776.380153739
physico,GPR,greedy,410005000,2,0,0,120,24,2.0,1470439.1005621487
physico,GPR,greedy,410005000,2,1,10,130,28,2.0,1470439.1005621487
physico,GPR,greedy,410005000,2,2,10,140,33,5.0,1470439.1005621487
physico,GPR,guided,410005000,2,0,0,120,24,2.0,1470439.1005621487
physico,GPR,guided,410005000,2,1,10,130,29,3.0,1716200.0000000002
physico,GPR,guided,410005000,2,2,10,140,34,4.0,1716200.0000000002
physico,GPR,AL,410005000,3,0,0,120,24,5.0,1787362.2572815537
physico,GPR,AL,410005000,3,1,10,130,27,7.0,1787362.2572815537
physico,GPR,AL,410005000,3,2,10,140,28,8.0,1787362.2572815537
physico,GPR,greedy,410005000,3,0,0,120,24,5.0,1787362.2572815537
physico,GPR,greedy,410005000,3,1,10,130,27,5.0,1787362.2572815537
physico,GPR,greedy,410005000,3,2,10,140,31,6.0,1787362.2572815537
physico,GPR,guided,410005000,3,0,0,120,24,5.0,1787362.2572815537
physico,GPR,guided,410005000,3,1,10,130,30,6.0,1787362.2572815537
physico,GPR,guided,410005000,3,2,10,140,32,7.0,1787362.2572815537
physico,GPR,AL,410005000,4,0,0,120,24,7.0,1787362.2572815537
physico,GPR,AL,410005000,4,1,10,130,27,8.0,1787362.2572815537
physico,GPR,AL,410005000,4,2,10,140,29,9.0,1787362.2572815537
physico,GPR,greedy,410005000,4,0,0,120,24,7.0,1787362.2572815537
physico,GPR,greedy,410005000,4,1,10,130,29,8.0,1787362.2572815537
physico,GPR,greedy,410005000,4,2,10,140,33,10.0,1787362.2572815537
physico,GPR,guided,410005000,4,0,0,120,24,7.0,1787362.2572815537
physico,GPR,guided,410005000,4,1,10,130,30,8.0,1787362.2572815537
physico,GPR,guided,410005000,4,2,10,140,33,10.0,1787362.2572815537
physico,GPR,AL,410005000,5,0,0,120,24,8.0,1781776.380153739
physico,GPR,AL,410005000,5,1,10,130,25,8.0,1781776.380153739
physico,GPR,AL,410005000,5,2,10,140,26,8.0,1781776.380153739
physico,GPR,greedy,410005000,5,0,0,120,24,8.0,1781776.380153739
physico,GPR,greedy,410005000,5,1,10,130,28,9.0,1781776.380153739
physico,GPR,greedy,410005000,5,2,10,140,30,10.0,1781776.380153739
physico,GPR,guided,410005000,5,0,0,120,24,8.0,1781776.380153739
physico,GPR,guided,410005000,5,1,10,130,28,8.0,1781776.380153739
physico,GPR,guided,410005000,5,2,10,140,31,9.0,1781776.380153739
physico,GPR,AL,410005000,6,0,0,120,24,4.0,1741740.740740741
physico,GPR,AL,410005000,6,1,10,130,27,5.0,1741740.740740741
physico,GPR,AL,410005000,6,2,10,140,29,6.0,1781776.380153739
physico,GPR,greedy,410005000,6,0,0,120,24,4.0,1741740.740740741
physico,GPR,greedy,410005000,6,1,10,130,28,6.0,1741740.740740741
physico,GPR,greedy,410005000,6,2,10,140,32,6.0,1741740.740740741
physico,GPR,guided,410005000,6,0,0,120,24,4.0,1741740.740740741
physico,GPR,guided,410005000,6,1,10,130,30,6.0,1781776.380153739
physico,GPR,guided,410005000,6,2,10,140,33,6.0,1781776.380153739
physico,GPR,AL,410005000,7,0,0,120,24,7.0,1716200.0000000002
physico,GPR,AL,410005000,7,1,10,130,26,8.0,1781776.380153739
physico,GPR,AL,410005000,7,2,10,140,28,8.0,1781776.380153739
physico,GPR,greedy,410005000,7,0,0,120,24,7.0,1716200.0000000002
physico,GPR,greedy,410005000,7,1,10,130,27,8.0,1781776.380153739
physico,GPR,greedy,410005000,7,2,10,140,31,8.0,1781776.380153739
physico,GPR,guided,410005000,7,0,0,120,24,7.0,1716200.0000000002
physico,GPR,guided,410005000,7,1,10,130,30,8.0,1781776.380153739
physico,GPR,guided,410005000,7,2,10,140,34,8.0,1781776.380153739
physico,GPR,AL,410005000,8,0,0,120,24,10.0,1787362.2572815537
physico,GPR,AL,410005000,8,1,10,130,24,10.0,1787362.2572815537
physico,GPR,AL,410005000,8,2,10,140,25,10.0,1787362.2572815537
physico,GPR,greedy,410005000,8,0,0,120,24,10.0,1787362.2572815537
physico,GPR,greedy,410005000,8,1,10,130,25,10.0,1787362.2572815537
physico,GPR,greedy,410005000,8,2,10,140,27,11.0,1787362.2572815537
physico,GPR,guided,410005000,8,0,0,120,24,10.0,1787362.2572815537
physico,GPR,guided,410005000,8,1,10,130,27,11.0,1787362.2572815537
physico,GPR,guided,410005000,8,2,10,140,29,12.0,1787362.2572815537
physico,GPR,AL,410005000,9,0,0,120,24,3.0,1716200.0000000002
physico,GPR,AL,410005000,9,1,10,130,27,5.0,1781776.380153739
physico,GPR,AL,410005000,9,2,10,140,30,5.0,1781776.380153739
physico,GPR,greedy,410005000,9,0,0,120,24,3.0,1716200.0000000002
physico,GPR,greedy,410005000,9,1,10,130,30,3.0,1716200.0000000002
physico,GPR,greedy,410005000,9,2,10,140,34,6.0,1716200.0000000002
physico,GPR,guided,410005000,9,0,0,120,24,3.0,1716200.0000000002
physico,GPR,guided,410005000,9,1,10,130,30,4.0,1716200.0000000002
physico,GPR,guided,410005000,9,2,10,140,34,4.0,1716200.0000000002
physico,GPR,AL,410005000,10,0,0,120,24,5.0,1787362.2572815537
physico,GPR,AL,410005000,10,1,10,130,26,7.0,1787362.2572815537
physico,GPR,AL,410005000,10,2,10,140,27,7.0,1787362.2572815537
physico,GPR,greedy,410005000,10,0,0,120,24,5.0,1787362.2572815537
physico,GPR,greedy,410005000,10,1,10,130,25,5.0,1787362.2572815537
physico,GPR,greedy,410005000,10,2,10,140,31,5.0,1787362.2572815537
physico,GPR,guided,410005000,10,0,0,120,24,5.0,1787362.2572815537
physico,GPR,guided,410005000,10,1,10,130,29,6.0,1787362.2572815537
physico,GPR,guided,410005000,10,2,10,140,32,7.0,1787362.2572815537
physico,GPR,AL,410005000,11,0,0,120,24,8.0,1787362.2572815537
physico,GPR,AL,410005000,11,1,10,130,26,9.0,1787362.2572815537
physico,GPR,AL,410005000,11,2,10,140,27,9.0,1787362.2572815537
physico,GPR,greedy,410005000,11,0,0,120,24,8.0,1787362.2572815537
physico,GPR,greedy,410005000,11,1,10,130,26,8.0,1787362.2572815537
physico,GPR,greedy,410005000,11,2,10,140,26,8.0,1787362.2572815537
physico,GPR,guided,410005000,11,0,0,120,24,8.0,1787362.2572815537
physico,GPR,guided,410005000,11,1,10,130,26,8.0,1787362.2572815537
physico,GPR,guided,410005000,11,2,10,140,28,8.0,1787362.2572815537
physico,GPR,AL,410005000,12,0,0,120,24,6.0,1572010.7095046854
physico,GPR,AL,410005000,12,1,10,130,26,7.0,1781776.380153739
physico,GPR,AL,410005000,12,2,10,140,29,7.0,1781776.380153739
physico,GPR,greedy,410005000,12,0,0,120,24,6.0,1572010.7095046854
physico,GPR,greedy,410005000,12,1,10,130,29,8.0,1781776.380153739
physico,GPR,greedy,410005000,12,2,10,140,31,8.0,1781776.380153739
physico,GPR,guided,410005000,12,0,0,120,24,6.0,1572010.7095046854
physico,GPR,guided,410005000,12,1,10,130,29,8.0,1781776.380153739
physico,GPR,guided,410005000,12,2,10,140,35,9.0,1781776.380153739
physico,GPR,AL,410005000,13,0,0,120,24,5.0,1787362.2572815537
physico,GPR,AL,410005000,13,1,10,130,27,6.0,1787362.2572815537
physico,GPR,AL,410005000,13,2,10,140,32,6.0,1787362.2572815537
physico,GPR,greedy,410005000,13,0,0,120,24,5.0,1787362.2572815537
physico,GPR,greedy,410005000,13,1,10,130,29,5.0,1787362.2572815537
physico,GPR,greedy,410005000,13,2,10,140,33,6.0,1787362.2572815537
physico,GPR,guided,410005000,13,0,0,120,24,5.0,1787362.2572815537
physico,GPR,guided,410005000,13,1,10,130,30,8.0,1787362.2572815537
physico,GPR,guided,410005000,13,2,10,140,35,8.0,1787362.2572815537
physico,GPR,AL,410005000,14,0,0,120,24,4.0,1572010.7095046854
physico,GPR,AL,410005000,14,1,10,130,28,5.0,1781776.380153739
physico,GPR,AL,410005000,14,2,10,140,31,5.0,1781776.380153739
physico,GPR,greedy,410005000,14,0,0,120,24,4.0,1572010.7095046854
physico,GPR,greedy,410005000,14,1,10,130,31,4.0,1572010.7095046854
physico,GPR,greedy,410005000,14,2,10,140,34,5.0,1781776.380153739
physico,GPR,guided,410005000,14,0,0,120,24,4.0,1572010.7095046854
physico,GPR,guided,410005000,14,1,10,130,30,4.0,1572010.7095046854
physico,GPR,guided,410005000,14,2,10,140,35,5.0,1781776.380153739
physico,DNN,AL,410001000,0,0,0,120,24,7.0,1781776.380153739
physico,DNN,AL,410001000,0,1,10,130,28,7.0,1781776.380153739
physico,DNN,AL,410001000,0,2,10,140,30,7.0,1781776.380153739
physico,DNN,greedy,410001000,0,0,0,120,24,7.0,1781776.380153739
physico,DNN,greedy,410001000,0,1,10,130,28,7.0,1781776.380153739
physico,DNN,greedy,410001000,0,2,10,140,31,9.0,1781776.380153739
physico,DNN,guided,410001000,0,0,0,120,24,7.0,1781776.380153739
physico,DNN,guided,410001000,0,1,10,130,29,9.0,1781776.380153739
physico,DNN,guided,410001000,0,2,10,140,34,9.0,1781776.380153739
physico,DNN,AL,410001000,1,0,0,120,24,9.0,1781776.380153739
physico,DNN,AL,410001000,1,1,10,130,27,9.0,1781776.380153739
physico,DNN,AL,410001000,1,2,10,140,32,9.0,1781776.380153739
physico,DNN,greedy,410001000,1,0,0,120,24,9.0,1781776.380153739
physico,DNN,greedy,410001000,1,1,10,130,28,9.0,1781776.380153739
physico,DNN,greedy,410001000,1,2,10,140,34,10.0,1781776.380153739
physico,DNN,guided,410001000,1,0,0,120,24,9.0,1781776.380153739
physico,DNN,guided,410001000,1,1,10,130,30,9.0,1781776.380153739
physico,DNN,guided,410001000,1,2,10,140,32,10.0,1781776.380153739
physico,DNN,AL,410001000,2,0,0,120,24,6.0,1741740.740740741
physico,DNN,AL,410001000,2,1,10,130,25,6.0,1741740.740740741
physico,DNN,AL,410001000,2,2,10,140,28,7.0,1781776.380153739
physico,DNN,greedy,410001000,2,0,0,120,24,6.0,1741740.740740741
physico,DNN,greedy,410001000,2,1,10,130,26,7.0,1741740.740740741
physico,DNN,greedy,410001000,2,2,10,140,29,7.0,1741740.740740741
physico,DNN,guided,410001000,2,0,0,120,24,6.0,1741740.740740741
physico,DNN,guided,410001000,2,1,10,130,26,7.0,1741740.740740741
physico,DNN,guided,410001000,2,2,10,140,30,8.0,1741740.740740741
physico,DNN,AL,410001000,3,0,0,120,24,5.0,1624458.5921325053
physico,DNN,AL,410001000,3,1,10,130,25,6.0,1624458.5921325053
physico,DNN,AL,410001000,3,2,10,140,29,6.0,1624458.5921325053
physico,DNN,greedy,410001000,3,0,0,120,24,5.0,1624458.5921325053
physico,DNN,greedy,410001000,3,1,10,130,26,7.0,1624458.5921325053
physico,DNN,greedy,410001000,3,2,10,140,27,7.0,1624458.5921325053
physico,DNN,guided,410001000,3,0,0,120,24,5.0,1624458.5921325053
physico,DNN,guided,410001000,3,1,10,130,28,6.0,1624458.5921325053
physico,DNN,guided,410001000,3,2,10,140,31,7.0,1624458.5921325053
physico,DNN,AL,410001000,4,0,0,120,24,7.0,1787362.2572815537
physico,DNN,AL,410001000,4,1,10,130,25,7.0,1787362.2572815537
physico,DNN,AL,410001000,4,2,10,140,29,7.0,1787362.2572815537
physico,DNN,greedy,410001000,4,0,0,120,24,7.0,1787362.2572815537
physico,DNN,greedy,410001000,4,1,10,130,28,7.0,1787362.2572815537
physico,DNN,greedy,410001000,4,2,10,140,32,8.0,1787362.2572815537
physico,DNN,guided,410001000,4,0,0,120,24,7.0,1787362.2572815537
physico,DNN,guided,410001000,4,1,10,130,28,7.0,1787362.2572815537
physico,DNN,guided,410001000,4,2,10,140,30,7.0,1787362.2572815537
physico,DNN,AL,410001000,5,0,0,120,24,5.0,1741740.740740741
physico,DNN,AL,410001000,5,1,10,130,24,5.0,1741740.740740741
physico,DNN,AL,410001000,5,2,10,140,26,6.0,1781776.380153739
physico,DNN,greedy,410001000,5,0,0,120,24,5.0,1741740.740740741
physico,DNN,greedy,410001000,5,1,10,130,27,5.0,1741740.740740741
physico,DNN,greedy,410001000,5,2,10,140,30,5.0,1741740.740740741
physico,DNN,guided,410001000,5,0,0,120,24,5.0,1741740.740740741
physico,DNN,guided,410001000,5,1,10,130,29,7.0,1781776.380153739
physico,DNN,guided,410001000,5,2,10,140,33,7.0,1781776.380153739
physico,DNN,AL,410001000,6,0,0,120,24,4.0,1470439.1005621487
physico,DNN,AL,410001000,6,1,10,130,27,5.0,1568230.9482257126
physico,DNN,AL,410001000,6,2,10,140,30,5.0,1568230.9482257126
physico,DNN,greedy,410001000,6,0,0,120,24,4.0,1470439.1005621487
physico,DNN,greedy,410001000,6,1,10,130,28,5.0,1470439.1005621487
physico,DNN,greedy,410001000,6,2,10,140,30,5.0,1470439.1005621487
physico,DNN,guided,410001000,6,0,0,120,24,4.0,1470439.1005621487
physico,DNN,guided,410001000,6,1,10,130,30,5.0,1716200.0000000002
physico,DNN,guided,410001000,6,2,10,140,31,6.0,1716200.0000000002
physico,DNN,AL,410001000,7,0,0,120,24,5.0,1787362.2572815537
physico,DNN,AL,410001000,7,1,10,130,25,6.0,1787362.2572815537
physico,DNN,AL,410001000,7,2,10,140,26,7.0,1787362.2572815537
physico,DNN,greedy,410001000,7,0,0,120,24,5.0,1787362.2572815537
physico,DNN,greedy,410001000,7,1,10,130,26,6.0,1787362.2572815537
physico,DNN,greedy,410001000,7,2,10,140,27,6.0,1787362.2572815537
physico,DNN,guided,410001000,7,0,0,120,24,5.0,1787362.2572815537
physico,DNN,guided,410001000,7,1,10,130,27,7.0,1787362.2572815537
physico,DNN,guided,410001000,7,2,10,140,29,8.0,1787362.2572815537
physico,DNN,AL,410001000,8,0,0,120,24,3.0,1781776.380153739
physico,DNN,AL,410001000,8,1,10,130,26,3.0,1781776.380153739
physico,DNN,AL,410001000,8,2,10,140,27,3.0,1781776.380153739
physico,DNN,greedy,410001000,8,0,0,120,24,3.0,1781776.380153739
physico,DNN,greedy,410001000,8,1,10,130,26,3.0,1781776.380153739
physico,DNN,greedy,410001000,8,2,10,140,29,3.0,1781776.380153739
physico,DNN,guided,410001000,8,0,0,120,24,3.0,1781776.380153739
physico,DNN,guided,410001000,8,1,10,130,29,5.0,1781776.380153739
physico,DNN,guided,410001000,8,2,10,140,29,5.0,1781776.380153739
physico,DNN,AL,410001000,9,0,0,120,24,6.0,1624458.5921325053
physico,DNN,AL,410001000,9,1,10,130,27,7.0,1781776.380153739
physico,DNN,AL,410001000,9,2,10,140,29,7.0,1781776.380153739
physico,DNN,greedy,410001000,9,0,0,120,24,6.0,1624458.5921325053
physico,DNN,greedy,410001000,9,1,10,130,27,7.0,1624458.5921325053
physico,DNN,greedy,410001000,9,2,10,140,31,7.0,1624458.5921325053
physico,DNN,guided,410001000,9,0,0,120,24,6.0,1624458.5921325053
physico,DNN,guided,410001000,9,1,10,130,28,7.0,1624458.5921325053
physico,DNN,guided,410001000,9,2,10,140,31,8.0,1624458.5921325053
physico,DNN,AL,410001000,10,0,0,120,24,8.0,1716200.0000000002
physico,DNN,AL,410001000,10,1,10,130,27,9.0,1781776.380153739
physico,DNN,AL,410001000,10,2,10,140,28,9.0,1781776.380153739
physico,DNN,greedy,410001000,10,0,0,120,24,8.0,1716200.0000000002
physico,DNN,greedy,410001000,10,1,10,130,27,10.0,1781776.380153739
physico,DNN,greedy,410001000,10,2,10,140,33,11.0,1781776.380153739
physico,DNN,guided,410001000,10,0,0,120,24,8.0,1716200.0000000002
physico,DNN,guided,410001000,10,1,10,130,29,10.0,1781776.380153739
physico,DNN,guided,410001000,10,2,10,140,31,10.0,1781776.380153739
physico,DNN,AL,410001000,11,0,0,120,24,5.0,1741740.740740741
physico,DNN,AL,410001000,11,1,10,130,26,6.0,1781776.380153739
physico,DNN,AL,410001000,11,2,10,140,30,7.0,1781776.380153739
physico,DNN,greedy,410001000,11,0,0,120,24,5.0,1741740.740740741
physico,DNN,greedy,410001000,11,1,10,130,30,6.0,1781776.380153739
physico,DNN,greedy,410001000,11,2,10,140,34,7.0,1781776.380153739
physico,DNN,guided,410001000,11,0,0,120,24,5.0,1741740.740740741
physico,DNN,guided,410001000,11,1,10,130,31,7.0,1781776.380153739
physico,DNN,guided,410001000,11,2,10,140,36,8.0,1781776.380153739
physico,DNN,AL,410001000,12,0,0,120,24,7.0,1716200.0000000002
physico,DNN,AL,410001000,12,1,10,130,26,8.0,1781776.380153739
physico,DNN,AL,410001000,12,2,10,140,27,9.0,1781776.380153739
physico,DNN,greedy,410001000,12,0,0,120,24,7.0,1716200.0000000002
physico,DNN,greedy,410001000,12,1,10,130,25,7.0,1716200.0000000002
physico,DNN,greedy,410001000,12,2,10,140,26,7.0,1716200.0000000002
physico,DNN,guided,410001000,12,0,0,120,24,7.0,1716200.0000000002
physico,DNN,guided,410001000,12,1,10,130,25,8.0,1716200.0000000002
physico,DNN,guided,410001000,12,2,10,140,27,9.0,1716200.0000000002
physico,DNN,AL,410001000,13,0,0,120,24,3.0,1534929.0322580645
physico,DNN,AL,410001000,13,1,10,130,25,4.0,1568230.9482257126
physico,DNN,AL,410001000,13,2,10,140,29,5.0,1568230.9482257126
physico,DNN,greedy,410001000,13,0,0,120,24,3.0,1534929.0322580645
physico,DNN,greedy,410001000,13,1,10,130,28,4.0,1534929.0322580645
physico,DNN,greedy,410001000,13,2,10,140,29,4.0,1534929.0322580645
physico,DNN,guided,410001000,13,0,0,120,24,3.0,1534929.0322580645
physico,DNN,guided,410001000,13,1,10,130,29,5.0,1781776.380153739
physico,DNN,guided,410001000,13,2,10,140,32,6.0,1781776.380153739
physico,DNN,AL,410001000,14,0,0,120,24,6.0,1646742.3208191127
physico,DNN,AL,410001000,14,1,10,130,30,6.0,1646742.3208191127
physico,DNN,AL,410001000,14,2,10,140,32,7.0,1781776.380153739
physico,DNN,greedy,410001000,14,0,0,120,24,6.0,1646742.3208191127
physico,DNN,greedy,410001000,14,1,10,130,26,6.0,1646742.3208191127
physico,DNN,greedy,410001000,14,2,10,140,31,8.0,1781776.380153739
physico,DNN,guided,410001000,14,0,0,120,24,6.0,1646742.3208191127
physico,DNN,guided,410001000,14,1,10,130,28,9.0,1781776.380153739
physico,DNN,guided,410001000,14,2,10,140,33,9.0,1781776.380153739
physico,DNN,AL,410002000,0,0,0,120,24,8.0,1646742.3208191127
physico,DNN,AL,410002000,0,1,10,130,28,9.0,1781776.380153739
physico,DNN,AL,410002000,0,2,10,140,30,10.0,1781776.380153739
physico,DNN,greedy,410002000,0,0,0,120,24,8.0,1646742.3208191127
physico,DNN,greedy,410002000,0,1,10,130,26,9.0,1646742.3208191127
physico,DNN,greedy,410002000,0,2,10,140,28,10.0,1646742.3208191127
physico,DNN,guided,410002000,0,0,0,120,24,8.0,1646742.3208191127
physico,DNN,guided,410002000,0,1,10,130,31,10.0,1781776.380153739
physico,DNN,guided,410002000,0,2,10,140,34,11.0,1781776.380153739
physico,DNN,AL,410002000,1,0,0,120,24,6.0,1643030.692362598
physico,DNN,AL,410002000,1,1,10,130,28,7.0,1781776.380153739
physico,DNN,AL,410002000,1,2,10,140,32,7.0,1781776.380153739
physico,DNN,greedy,410002000,1,0,0,120,24,6.0,1643030.692362598
physico,DNN,greedy,410002000,1,1,10,130,28,7.0,1643030.692362598
physico,DNN,greedy,410002000,1,2,10,140,31,8.0,1643030.692362598
physico,DNN,guided,410002000,1,0,0,120,24,6.0,1643030.692362598
physico,DNN,guided,410002000,1,1,10,130,27,7.0,1643030.692362598
physico,DNN,guided,410002000,1,2,10,140,30,8.0,1643030.692362598
physico,DNN,AL,410002000,2,0,0,120,24,8.0,1741740.740740741
physico,DNN,AL,410002000,2,1,10,130,26,9.0,1741740.740740741
physico,DNN,AL,410002000,2,2,10,140,27,9.0,1741740.740740741
physico,DNN,greedy,410002000,2,0,0,120,24,8.0,1741740.740740741
physico,DNN,greedy,410002000,2,1,10,130,26,8.0,1741740.740740741
physico,DNN,greedy,410002000,2,2,10,140,27,8.0,1741740.740740741
physico,DNN,guided,410002000,2,0,0,120,24,8.0,1741740.740740741
physico,DNN,guided,410002000,2,1,10,130,27,10.0,1741740.740740741
physico,DNN,guided,410002000,2,2,10,140,28,10.0,1741740.740740741
physico,DNN,AL,410002000,3,0,0,120,24,7.0,1741740.740740741
physico,DNN,AL,410002000,3,1,10,130,24,7.0,1741740.740740741
physico,DNN,AL,410002000,3,2,10,140,30,7.0,1741740.740740741
physico,DNN,greedy,410002000,3,0,0,120,24,7.0,1741740.740740741
physico,DNN,greedy,410002000,3,1,10,130,27,7.0,1741740.740740741
physico,DNN,greedy,410002000,3,2,10,140,31,8.0,1741740.740740741
physico,DNN,guided,410002000,3,0,0,120,24,7.0,1741740.740740741
physico,DNN,guided,410002000,3,1,10,130,30,9.0,1741740.740740741
physico,DNN,guided,410002000,3,2,10,140,33,10.0,1741740.740740741
physico,DNN,AL,410002000,4,0,0,120,24,11.0,1741740.740740741
physico,DNN,AL,410002000,4,1,10,130,26,13.0,1781776.380153739
physico,DNN,AL,410002000,4,2,10,140,26,13.0,1781776.380153739
physico,DNN,greedy,410002000,4,0,0,120,24,11.0,1741740.740740741
physico,DNN,greedy,410002000,4,1,10,130,27,12.0,1781776.380153739
physico,DNN,greedy,410002000,4,2,10,140,28,13.0,1781776.380153739
physico,DNN,guided,410002000,4,0,0,120,24,11.0,1741740.740740741
physico,DNN,guided,410002000,4,1,10,130,28,13.0,1741740.740740741
physico,DNN,guided,410002000,4,2,10,140,30,14.0,1781776.380153739
physico,DNN,AL,410002000,5,0,0,120,24,4.0,1787362.2572815537
physico,DNN,AL,410002000,5,1,10,130,26,5.0,1787362.2572815537
physico,DNN,AL,410002000,5,2,10,140,28,6.0,1787362.2572815537
physico,DNN,greedy,410002000,5,0,0,120,24,4.0,1787362.2572815537
physico,DNN,greedy,410002000,5,1,10,130,27,5.0,1787362.2572815537
physico,DNN,greedy,410002000,5,2,10,140,29,6.0,1787362.2572815537
physico,DNN,guided,410002000,5,0,0,120,24,4.0,1787362.2572815537
physico,DNN,guided,410002000,5,1,10,130,28,5.0,1787362.2572815537
physico,DNN,guided,410002000,5,2,10,140,30,5.0,1787362.2572815537
physico,DNN,AL,410002000,6,0,0,120,24,5.0,1646742.3208191127
physico,DNN,AL,410002000,6,1,10,130,26,7.0,1781776.380153739
physico,DNN,AL,410002000,6,2,10,140,27,7.0,1781776.380153739
physico,DNN,greedy,410002000,6,0,0,120,24,5.0,1646742.3208191127
physico,DNN,greedy,410002000,6,1,10,130,27,6.0,1646742.3208191127
physico,DNN,greedy,410002000,6,2,10,140,29,8.0,1646742.3208191127
physico,DNN,guided,410002000,6,0,0,120,24,5.0,1646742.3208191127
physico,DNN,guided,410002000,6,1,10,130,29,8.0,1741740.740740741
physico,DNN,guided,410002000,6,2,10,140,32,8.0,1741740.740740741
physico,DNN,AL,410002000,7,0,0,120,24,7.0,1781776.380153739
physico,DNN,AL,410002000,7,1,10,130,27,7.0,1781776.380153739
physico,DNN,AL,410002000,7,2,10,140,30,7.0,1781776.380153739
physico,DNN,greedy,410002000,7,0,0,120,24,7.0,1781776.380153739
physico,DNN,greedy,410002000,7,1,10,130,28,7.0,1781776.380153739
physico,DNN,greedy,410002000,7,2,10,140,32,7.0,1781776.380153739
physico,DNN,guided,410002000,7,0,0,120,24,7.0,1781776.380153739
physico,DNN,guided,410002000,7,1,10,130,29,7.0,1781776.380153739
physico,DNN,guided,410002000,7,2,10,140,33,7.0,1781776.380153739
physico,DNN,AL,410002000,8,0,0,120,24,6.0,1787362.2572815537
physico,DNN,AL,410002000,8,1,10,130,25,7.0,1787362.2572815537
physico,DNN,AL,410002000,8,2,10,140,31,8.0,1787362.2572815537
physico,DNN,greedy,410002000,8,0,0,120,24,6.0,1787362.2572815537
physico,DNN,greedy,410002000,8,1,10,130,29,7.0,1787362.2572815537
physico,DNN,greedy,410002000,8,2,10,140,32,8.0,1787362.2572815537
physico,DNN,guided,410002000,8,0,0,120,24,6.0,1787362.2572815537
physico,DNN,guided,410002000,8,1,10,130,31,9.0,1787362.2572815537
physico,DNN,guided,410002000,8,2,10,140,35,10.0,1787362.2572815537
physico,DNN,AL,410002000,9,0,0,120,24,5.0,1624458.5921325053
physico,DNN,AL,410002000,9,1,10,130,26,5.0,1624458.5921325053
physico,DNN,AL,410002000,9,2,10,140,29,5.0,1624458.5921325053
physico,DNN,greedy,410002000,9,0,0,120,24,5.0,1624458.5921325053
physico,DNN,greedy,410002000,9,1,10,130,28,5.0,1624458.5921325053
physico,DNN,greedy,410002000,9,2,10,140,34,8.0,1781776.380153739
physico,DNN,guided,410002000,9,0,0,120,24,5.0,1624458.5921325053
physico,DNN,guided,410002000,9,1,10,130,28,6.0,1624458.5921325053
physico,DNN,guided,410002000,9,2,10,140,33,7.0,1624458.5921325053
physico,DNN,AL,410002000,10,0,0,120,24,9.0,1781776.380153739
physico,DNN,AL,410002000,10,1,10,130,25,9.0,1781776.380153739
physico,DNN,AL,410002000,10,2,10,140,25,9.0,1781776.380153739
physico,DNN,greedy,410002000,10,0,0,120,24,9.0,1781776.380153739
physico,DNN,greedy,410002000,10,1,10,130,28,9.0,1781776.380153739
physico,DNN,greedy,410002000,10,2,10,140,31,11.0,1781776.380153739
physico,DNN,guided,410002000,10,0,0,120,24,9.0,1781776.380153739
physico,DNN,guided,410002000,10,1,10,130,29,10.0,1781776.380153739
physico,DNN,guided,410002000,10,2,10,140,33,10.0,1781776.380153739
physico,DNN,AL,410002000,11,0,0,120,24,9.0,1741740.740740741
physico,DNN,AL,410002000,11,1,10,130,25,10.0,1781776.380153739
physico,DNN,AL,410002000,11,2,10,140,25,10.0,1781776.380153739
physico,DNN,greedy,410002000,11,0,0,120,24,9.0,1741740.740740741
physico,DNN,greedy,410002000,11,1,10,130,27,10.0,1781776.380153739
physico,DNN,greedy,410002000,11,2,10,140,31,10.0,1781776.380153739
physico,DNN,guided,410002000,11,0,0,120,24,9.0,1741740.740740741
physico,DNN,guided,410002000,11,1,10,130,28,11.0,1781776.380153739
physico,DNN,guided,410002000,11,2,10,140,33,11.0,1781776.380153739
physico,DNN,AL,410002000,12,0,0,120,24,4.0,1568230.9482257126
physico,DNN,AL,410002000,12,1,10,130,28,5.0,1572010.7095046854
physico,DNN,AL,410002000,12,2,10,140,30,5.0,1572010.7095046854
physico,DNN,greedy,410002000,12,0,0,120,24,4.0,1568230.9482257126
physico,DNN,greedy,410002000,12,1,10,130,30,6.0,1568230.9482257126
physico,DNN,greedy,410002000,12,2,10,140,36,6.0,1568230.9482257126
physico,DNN,guided,410002000,12,0,0,120,24,4.0,1568230.9482257126
physico,DNN,guided,410002000,12,1,10,130,30,5.0,1716200.0000000002
physico,DNN,guided,410002000,12,2,10,140,34,6.0,1716200.0000000002
physico,DNN,AL,410002000,13,0,0,120,24,6.0,1781776.380153739
physico,DNN,AL,410002000,13,1,10,130,25,6.0,1781776.380153739
physico,DNN,AL,410002000,13,2,10,140,28,6.0,1781776.380153739
physico,DNN,greedy,410002000,13,0,0,120,24,6.0,1781776.380153739
physico,DNN,greedy,410002000,13,1,10,130,28,6.0,1781776.380153739
physico,DNN,greedy,410002000,13,2,10,140,31,6.0,1781776.380153739
physico,DNN,guided,410002000,13,0,0,120,24,6.0,1781776.380153739
physico,DNN,guided,410002000,13,1,10,130,29,6.0,1781776.380153739
physico,DNN,guided,410002000,13,2,10,140,33,7.0,1781776.380153739
physico,DNN,AL,410002000,14,0,0,120,24,6.0,1470439.1005621487
physico,DNN,AL,410002000,14,1,10,130,27,7.0,1572010.7095046854
physico,DNN,AL,410002000,14,2,10,140,30,7.0,1572010.7095046854
physico,DNN,greedy,410002000,14,0,0,120,24,6.0,1470439.1005621487
physico,DNN,greedy,410002000,14,1,10,130,26,6.0,1470439.1005621487
physico,DNN,greedy,410002000,14,2,10,140,28,6.0,1470439.1005621487
physico,DNN,guided,410002000,14,0,0,120,24,6.0,1470439.1005621487
physico,DNN,guided,410002000,14,1,10,130,30,9.0,1781776.380153739
physico,DNN,guided,410002000,14,2,10,140,31,9.0,1781776.380153739
physico,DNN,AL,410003000,0,0,0,120,24,7.0,1781776.380153739
physico,DNN,AL,410003000,0,1,10,130,25,7.0,1781776.380153739
physico,DNN,AL,410003000,0,2,10,140,30,8.0,1781776.380153739
physico,DNN,greedy,410003000,0,0,0,120,24,7.0,1781776.380153739
physico,DNN,greedy,410003000,0,1,10,130,26,7.0,1781776.380153739
physico,DNN,greedy,410003000,0,2,10,140,33,8.0,1781776.380153739
physico,DNN,guided,410003000,0,0,0,120,24,7.0,1781776.380153739
physico,DNN,guided,410003000,0,1,10,130,29,7.0,1781776.380153739
physico,DNN,guided,410003000,0,2,10,140,31,7.0,1781776.380153739
physico,DNN,AL,410003000,1,0,0,120,24,5.0,1741740.740740741
physico,DNN,AL,410003000,1,1,10,130,28,6.0,1741740.740740741
physico,DNN,AL,410003000,1,2,10,140,30,8.0,1781776.380153739
physico,DNN,greedy,410003000,1,0,0,120,24,5.0,1741740.740740741
physico,DNN,greedy,410003000,1,1,10,130,28,5.0,1741740.740740741
physico,DNN,greedy,410003000,1,2,10,140,32,6.0,1781776.380153739
physico,DNN,guided,410003000,1,0,0,120,24,5.0,1741740.740740741
physico,DNN,guided,410003000,1,1,10,130,29,6.0,1741740.740740741
physico,DNN,guided,410003000,1,2,10,140,33,7.0,1781776.380153739
physico,DNN,AL,410003000,2,0,0,120,24,9.0,1787362.2572815537
physico,DNN,AL,410003000,2,1,10,130,25,9.0,1787362.2572815537
physico,DNN,AL,410003000,2,2,10,140,27,10.0,1787362.2572815537
physico,DNN,greedy,410003000,2,0,0,120,24,9.0,1787362.2572815537
physico,DNN,greedy,410003000,2,1,10,130,30,11.0,1787362.2572815537
physico,DNN,greedy,410003000,2,2,10,140,32,12.0,1787362.2572815537
physico,DNN,guided,410003000,2,0,0,120,24,9.0,1787362.2572815537
physico,DNN,guided,410003000,2,1,10,130,29,9.0,1787362.2572815537
physico,DNN,guided,410003000,2,2,10,140,32,10.0,1787362.2572815537
physico,DNN,AL,410003000,3,0,0,120,24,4.0,1787362.2572815537
physico,DNN,AL,410003000,3,1,10,130,26,5.0,1787362.2572815537
physico,DNN,AL,410003000,3,2,10,140,29,6.0,1787362.2572815537
physico,DNN,greedy,410003000,3,0,0,120,24,4.0,1787362.2572815537
physico,DNN,greedy,410003000,3,1,10,130,27,5.0,1787362.2572815537
physico,DNN,greedy,410003000,3,2,10,140,30,5.0,1787362.2572815537
physico,DNN,guided,410003000,3,0,0,120,24,4.0,1787362.2572815537
physico,DNN,guided,410003000,3,1,10,130,29,6.0,1787362.2572815537
physico,DNN,guided,410003000,3,2,10,140,31,7.0,1787362.2572815537
physico,DNN,AL,410003000,4,0,0,120,24,4.0,1534929.0322580645
physico,DNN,AL,410003000,4,1,10,130,28,6.0,1643030.692362598
physico,DNN,AL,410003000,4,2,10,140,32,7.0,1781776.380153739
physico,DNN,greedy,410003000,4,0,0,120,24,4.0,1534929.0322580645
physico,DNN,greedy,410003000,4,1,10,130,32,5.0,1781776.380153739
physico,DNN,greedy,410003000,4,2,10,140,36,7.0,1781776.380153739
physico,DNN,guided,410003000,4,0,0,120,24,4.0,1534929.0322580645
physico,DNN,guided,410003000,4,1,10,130,31,5.0,1534929.0322580645
physico,DNN,guided,410003000,4,2,10,140,37,6.0,1534929.0322580645
physico,DNN,AL,410003000,5,0,0,120,24,0.0,1356279.4029850746
physico,DNN,AL,410003000,5,1,10,130,25,0.0,1356279.4029850746
physico,DNN,AL,410003000,5,2,10,140,28,1.0,1781776.380153739
physico,DNN,greedy,410003000,5,0,0,120,24,0.0,1356279.4029850746
physico,DNN,greedy,410003000,5,1,10,130,26,1.0,1781776.380153739
physico,DNN,greedy,410003000,5,2,10,140,30,1.0,1781776.380153739
physico,DNN,guided,410003000,5,0,0,120,24,0.0,1356279.4029850746
physico,DNN,guided,410003000,5,1,10,130,28,2.0,1781776.380153739
physico,DNN,guided,410003000,5,2,10,140,32,2.0,1781776.380153739
physico,DNN,AL,410003000,6,0,0,120,24,5.0,1643030.692362598
physico,DNN,AL,410003000,6,1,10,130,26,6.0,1781776.380153739
physico,DNN,AL,410003000,6,2,10,140,29,7.0,1781776.380153739
physico,DNN,greedy,410003000,6,0,0,120,24,5.0,1643030.692362598
physico,DNN,greedy,410003000,6,1,10,130,30,6.0,1643030.692362598
physico,DNN,greedy,410003000,6,2,10,140,35,8.0,1643030.692362598
physico,DNN,guided,410003000,6,0,0,120,24,5.0,1643030.692362598
physico,DNN,guided,410003000,6,1,10,130,31,6.0,1643030.692362598
physico,DNN,guided,410003000,6,2,10,140,33,7.0,1643030.692362598
physico,DNN,AL,410003000,7,0,0,120,24,7.0,1781776.380153739
physico,DNN,AL,410003000,7,1,10,130,27,7.0,1781776.380153739
physico,DNN,AL,410003000,7,2,10,140,31,8.0,1781776.380153739
physico,DNN,greedy,410003000,7,0,0,120,24,7.0,1781776.380153739
physico,DNN,greedy,410003000,7,1,10,130,28,7.0,1781776.380153739
physico,DNN,greedy,410003000,7,2,10,140,34,8.0,1781776.380153739
physico,DNN,guided,410003000,7,0,0,120,24,7.0,1781776.380153739
physico,DNN,guided,410003000,7,1,10,130,28,7.0,1781776.380153739
physico,DNN,guided,410003000,7,2,10,140,34,7.0,1781776.380153739
physico,DNN,AL,410003000,8,0,0,120,24,8.0,1781776.380153739
physico,DNN,AL,410003000,8,1,10,130,25,8.0,1781776.380153739
physico,DNN,AL,410003000,8,2,10,140,27,9.0,1781776.380153739
physico,DNN,greedy,410003000,8,0,0,120,24,8.0,1781776.380153739
physico,DNN,greedy,410003000,8,1,10,130,27,10.0,1781776.380153739
physico,DNN,greedy,410003000,8,2,10,140,28,10.0,1781776.380153739
physico,DNN,guided,410003000,8,0,0,120,24,8.0,1781776.380153739
physico,DNN,guided,410003000,8,1,10,130,30,11.0,1781776.380153739
physico,DNN,guided,410003000,8,2,10,140,31,12.0,1781776.380153739
physico,DNN,AL,410003000,9,0,0,120,24,4.0,1572010.7095046854
physico,DNN,AL,410003000,9,1,10,130,25,4.0,1572010.7095046854
physico,DNN,AL,410003000,9,2,10,140,29,5.0,1781776.380153739
physico,DNN,greedy,410003000,9,0,0,120,24,4.0,1572010.7095046854
physico,DNN,greedy,410003000,9,1,10,130,28,6.0,1572010.7095046854
physico,DNN,greedy,410003000,9,2,10,140,30,7.0,1572010.7095046854
physico,DNN,guided,410003000,9,0,0,120,24,4.0,1572010.7095046854
physico,DNN,guided,410003000,9,1,10,130,30,6.0,1716200.0000000002
physico,DNN,guided,410003000,9,2,10,140,33,7.0,1716200.0000000002
physico,DNN,AL,410003000,10,0,0,120,24,5.0,1787362.2572815537
physico,DNN,AL,410003000,10,1,10,130,24,5.0,1787362.2572815537
physico,DNN,AL,410003000,10,2,10,140,27,7.0,1787362.2572815537
physico,DNN,greedy,410003000,10,0,0,120,24,5.0,1787362.2572815537
physico,DNN,greedy,410003000,10,1,10,130,26,5.0,1787362.2572815537
physico,DNN,greedy,410003000,10,2,10,140,29,6.0,1787362.2572815537
physico,DNN,guided,410003000,10,0,0,120,24,5.0,1787362.2572815537
physico,DNN,guided,410003000,10,1,10,130,28,6.0,1787362.2572815537
physico,DNN,guided,410003000,10,2,10,140,31,6.0,1787362.2572815537
physico,DNN,AL,410003000,11,0,0,120,24,4.0,1534929.0322580645
physico,DNN,AL,410003000,11,1,10,130,29,5.0,1534929.0322580645
physico,DNN,AL,410003000,11,2,10,140,35,8.0,1781776.380153739
physico,DNN,greedy,410003000,11,0,0,120,24,4.0,1534929.0322580645
physico,DNN,greedy,410003000,11,1,10,130,29,6.0,1534929.0322580645
physico,DNN,greedy,410003000,11,2,10,140,31,6.0,1534929.0322580645
physico,DNN,guided,410003000,11,0,0,120,24,4.0,1534929.0322580645
physico,DNN,guided,410003000,11,1,10,130,29,5.0,1781776.380153739
physico,DNN,guided,410003000,11,2,10,140,34,7.0,1781776.380153739
physico,DNN,AL,410003000,12,0,0,120,24,6.0,1716200.0000000002
physico,DNN,AL,410003000,12,1,10,130,27,7.0,1716200.0000000002
physico,DNN,AL,410003000,12,2,10,140,30,7.0,1716200.0000000002
physico,DNN,greedy,410003000,12,0,0,120,24,6.0,1716200.0000000002
physico,DNN,greedy,410003000,12,1,10,130,28,6.0,1716200.0000000002
physico,DNN,greedy,410003000,12,2,10,140,31,8.0,1716200.0000000002
physico,DNN,guided,410003000,12,0,0,120,24,6.0,1716200.0000000002
physico,DNN,guided,410003000,12,1,10,130,28,6.0,1716200.0000000002
physico,DNN,guided,410003000,12,2,10,140,32,7.0,1716200.0000000002
physico,DNN,AL,410003000,13,0,0,120,24,3.0,1624458.5921325053
physico,DNN,AL,410003000,13,1,10,130,27,4.0,1624458.5921325053
physico,DNN,AL,410003000,13,2,10,140,30,6.0,1624458.5921325053
physico,DNN,greedy,410003000,13,0,0,120,24,3.0,1624458.5921325053
physico,DNN,greedy,410003000,13,1,10,130,28,4.0,1624458.5921325053
physico,DNN,greedy,410003000,13,2,10,140,32,5.0,1624458.5921325053
physico,DNN,guided,410003000,13,0,0,120,24,3.0,1624458.5921325053
physico,DNN,guided,410003000,13,1,10,130,29,5.0,1716200.0000000002
physico,DNN,guided,410003000,13,2,10,140,31,6.0,1781776.380153739
physico,DNN,AL,410003000,14,0,0,120,24,5.0,1781776.380153739
physico,DNN,AL,410003000,14,1,10,130,31,6.0,1781776.380153739
physico,DNN,AL,410003000,14,2,10,140,35,6.0,1781776.380153739
physico,DNN,greedy,410003000,14,0,0,120,24,5.0,1781776.380153739
physico,DNN,greedy,410003000,14,1,10,130,31,5.0,1781776.380153739
physico,DNN,greedy,410003000,14,2,10,140,35,6.0,1781776.380153739
physico,DNN,guided,410003000,14,0,0,120,24,5.0,1781776.380153739
physico,DNN,guided,410003000,14,1,10,130,33,7.0,1781776.380153739
physico,DNN,guided,410003000,14,2,10,140,36,7.0,1781776.380153739
physico,DNN,AL,410004000,0,0,0,120,24,5.0,1716200.0000000002
physico,DNN,AL,410004000,0,1,10,130,28,6.0,1716200.0000000002
physico,DNN,AL,410004000,0,2,10,140,33,6.0,1716200.0000000002
physico,DNN,greedy,410004000,0,0,0,120,24,5.0,1716200.0000000002
physico,DNN,greedy,410004000,0,1,10,130,28,6.0,1716200.0000000002
physico,DNN,greedy,410004000,0,2,10,140,32,6.0,1716200.0000000002
physico,DNN,guided,410004000,0,0,0,120,24,5.0,1716200.0000000002
physico,DNN,guided,410004000,0,1,10,130,28,5.0,1716200.0000000002
physico,DNN,guided,410004000,0,2,10,140,33,6.0,1716200.0000000002
physico,DNN,AL,410004000,1,0,0,120,24,5.0,1741740.740740741
physico,DNN,AL,410004000,1,1,10,130,25,5.0,1741740.740740741
physico,DNN,AL,410004000,1,2,10,140,27,5.0,1741740.740740741
physico,DNN,greedy,410004000,1,0,0,120,24,5.0,1741740.740740741
physico,DNN,greedy,410004000,1,1,10,130,28,6.0,1741740.740740741
physico,DNN,greedy,410004000,1,2,10,140,31,8.0,1741740.740740741
physico,DNN,guided,410004000,1,0,0,120,24,5.0,1741740.740740741
physico,DNN,guided,410004000,1,1,10,130,29,7.0,1741740.740740741
physico,DNN,guided,410004000,1,2,10,140,31,8.0,1741740.740740741
physico,DNN,AL,410004000,2,0,0,120,24,8.0,1787362.2572815537
physico,DNN,AL,410004000,2,1,10,130,25,8.0,1787362.2572815537
physico,DNN,AL,410004000,2,2,10,140,26,8.0,1787362.2572815537
physico,DNN,greedy,410004000,2,0,0,120,24,8.0,1787362.2572815537
physico,DNN,greedy,410004000,2,1,10,130,25,9.0,1787362.2572815537
physico,DNN,greedy,410004000,2,2,10,140,30,10.0,1787362.2572815537
physico,DNN,guided,410004000,2,0,0,120,24,8.0,1787362.2572815537
physico,DNN,guided,410004000,2,1,10,130,27,9.0,1787362.2572815537
physico,DNN,guided,410004000,2,2,10,140,28,10.0,1787362.2572815537
physico,DNN,AL,410004000,3,0,0,120,24,4.0,1624458.5921325053
physico,DNN,AL,410004000,3,1,10,130,27,4.0,1624458.5921325053
physico,DNN,AL,410004000,3,2,10,140,32,6.0,1781776.380153739
physico,DNN,greedy,410004000,3,0,0,120,24,4.0,1624458.5921325053
physico,DNN,greedy,410004000,3,1,10,130,31,6.0,1624458.5921325053
physico,DNN,greedy,410004000,3,2,10,140,35,6.0,1624458.5921325053
physico,DNN,guided,410004000,3,0,0,120,24,4.0,1624458.5921325053
physico,DNN,guided,410004000,3,1,10,130,32,7.0,1624458.5921325053
physico,DNN,guided,410004000,3,2,10,140,37,7.0,1624458.5921325053
physico,DNN,AL,410004000,4,0,0,120,24,5.0,1716200.0000000002
physico,DNN,AL,410004000,4,1,10,130,25,6.0,1781776.380153739
physico,DNN,AL,410004000,4,2,10,140,29,7.0,1781776.380153739
physico,DNN,greedy,410004000,4,0,0,120,24,5.0,1716200.0000000002
physico,DNN,greedy,410004000,4,1,10,130,29,6.0,1716200.0000000002
physico,DNN,greedy,410004000,4,2,10,140,33,7.0,1716200.0000000002
physico,DNN,guided,410004000,4,0,0,120,24,5.0,1716200.0000000002
physico,DNN,guided,410004000,4,1,10,130,28,6.0,1716200.0000000002
physico,DNN,guided,410004000,4,2,10,140,33,7.0,1716200.0000000002
physico,DNN,AL,410004000,5,0,0,120,24,8.0,1787362.2572815537
physico,DNN,AL,410004000,5,1,10,130,26,8.0,1787362.2572815537
physico,DNN,AL,410004000,5,2,10,140,30,8.0,1787362.2572815537
physico,DNN,greedy,410004000,5,0,0,120,24,8.0,1787362.2572815537
physico,DNN,greedy,410004000,5,1,10,130,28,8.0,1787362.2572815537
physico,DNN,greedy,410004000,5,2,10,140,32,8.0,1787362.2572815537
physico,DNN,guided,410004000,5,0,0,120,24,8.0,1787362.2572815537
physico,DNN,guided,410004000,5,1,10,130,28,9.0,1787362.2572815537
physico,DNN,guided,410004000,5,2,10,140,33,9.0,1787362.2572815537
physico,DNN,AL,410004000,6,0,0,120,24,3.0,1781776.380153739
physico,DNN,AL,410004000,6,1,10,130,27,3.0,1781776.380153739
physico,DNN,AL,410004000,6,2,10,140,32,4.0,1781776.380153739
physico,DNN,greedy,410004000,6,0,0,120,24,3.0,1781776.380153739
physico,DNN,greedy,410004000,6,1,10,130,30,4.0,1781776.380153739
physico,DNN,greedy,410004000,6,2,10,140,33,4.0,1781776.380153739
physico,DNN,guided,410004000,6,0,0,120,24,3.0,1781776.380153739
physico,DNN,guided,410004000,6,1,10,130,29,4.0,1781776.380153739
physico,DNN,guided,410004000,6,2,10,140,34,4.0,1781776.380153739
physico,DNN,AL,410004000,7,0,0,120,24,5.0,1787362.2572815537
physico,DNN,AL,410004000,7,1,10,130,28,8.0,1787362.2572815537
physico,DNN,AL,410004000,7,2,10,140,32,8.0,1787362.2572815537
physico,DNN,greedy,410004000,7,0,0,120,24,5.0,1787362.2572815537
physico,DNN,greedy,410004000,7,1,10,130,27,6.0,1787362.2572815537
physico,DNN,greedy,410004000,7,2,10,140,32,7.0,1787362.2572815537
physico,DNN,guided,410004000,7,0,0,120,24,5.0,1787362.2572815537
physico,DNN,guided,410004000,7,1,10,130,30,8.0,1787362.2572815537
physico,DNN,guided,410004000,7,2,10,140,35,8.0,1787362.2572815537
physico,DNN,AL,410004000,8,0,0,120,24,6.0,1646742.3208191127
physico,DNN,AL,410004000,8,1,10,130,29,6.0,1646742.3208191127
physico,DNN,AL,410004000,8,2,10,140,35,7.0,1781776.380153739
physico,DNN,greedy,410004000,8,0,0,120,24,6.0,1646742.3208191127
physico,DNN,greedy,410004000,8,1,10,130,29,6.0,1646742.3208191127
physico,DNN,greedy,410004000,8,2,10,140,35,8.0,1646742.3208191127
physico,DNN,guided,410004000,8,0,0,120,24,6.0,1646742.3208191127
physico,DNN,guided,410004000,8,1,10,130,30,7.0,1741740.740740741
physico,DNN,guided,410004000,8,2,10,140,37,9.0,1741740.740740741
physico,DNN,AL,410004000,9,0,0,120,24,4.0,1781776.380153739
physico,DNN,AL,410004000,9,1,10,130,27,4.0,1781776.380153739
physico,DNN,AL,410004000,9,2,10,140,29,5.0,1781776.380153739
physico,DNN,greedy,410004000,9,0,0,120,24,4.0,1781776.380153739
physico,DNN,greedy,410004000,9,1,10,130,28,4.0,1781776.380153739
physico,DNN,greedy,410004000,9,2,10,140,34,6.0,1781776.380153739
physico,DNN,guided,410004000,9,0,0,120,24,4.0,1781776.380153739
physico,DNN,guided,410004000,9,1,10,130,27,4.0,1781776.380153739
physico,DNN,guided,410004000,9,2,10,140,31,4.0,1781776.380153739
physico,DNN,AL,410004000,10,0,0,120,24,6.0,1572010.7095046854
physico,DNN,AL,410004000,10,1,10,130,25,6.0,1572010.7095046854
physico,DNN,AL,410004000,10,2,10,140,27,7.0,1781776.380153739
physico,DNN,greedy,410004000,10,0,0,120,24,6.0,1572010.7095046854
physico,DNN,greedy,410004000,10,1,10,130,27,8.0,1781776.380153739
physico,DNN,greedy,410004000,10,2,10,140,28,8.0,1781776.380153739
physico,DNN,guided,410004000,10,0,0,120,24,6.0,1572010.7095046854
physico,DNN,guided,410004000,10,1,10,130,28,8.0,1781776.380153739
physico,DNN,guided,410004000,10,2,10,140,33,10.0,1781776.380153739
physico,DNN,AL,410004000,11,0,0,120,24,8.0,1787362.2572815537
physico,DNN,AL,410004000,11,1,10,130,27,8.0,1787362.2572815537
physico,DNN,AL,410004000,11,2,10,140,29,9.0,1787362.2572815537
physico,DNN,greedy,410004000,11,0,0,120,24,8.0,1787362.2572815537
physico,DNN,greedy,410004000,11,1,10,130,28,8.0,1787362.2572815537
physico,DNN,greedy,410004000,11,2,10,140,34,11.0,1787362.2572815537
physico,DNN,guided,410004000,11,0,0,120,24,8.0,1787362.2572815537
physico,DNN,guided,410004000,11,1,10,130,29,9.0,1787362.2572815537
physico,DNN,guided,410004000,11,2,10,140,33,10.0,1787362.2572815537
physico,DNN,AL,410004000,12,0,0,120,24,6.0,1781776.380153739
physico,DNN,AL,410004000,12,1,10,130,26,7.0,1781776.380153739
physico,DNN,AL,410004000,12,2,10,140,27,8.0,1781776.380153739
physico,DNN,greedy,410004000,12,0,0,120,24,6.0,1781776.380153739
physico,DNN,greedy,410004000,12,1,10,130,28,7.0,1781776.380153739
physico,DNN,greedy,410004000,12,2,10,140,30,8.0,1781776.380153739
physico,DNN,guided,410004000,12,0,0,120,24,6.0,1781776.380153739
physico,DNN,guided,410004000,12,1,10,130,28,6.0,1781776.380153739
physico,DNN,guided,410004000,12,2,10,140,31,7.0,1781776.380153739
physico,DNN,AL,410004000,13,0,0,120,24,6.0,1646742.3208191127
physico,DNN,AL,410004000,13,1,10,130,26,8.0,1646742.3208191127
physico,DNN,AL,410004000,13,2,10,140,29,10.0,1781776.380153739
physico,DNN,greedy,410004000,13,0,0,120,24,6.0,1646742.3208191127
physico,DNN,greedy,410004000,13,1,10,130,29,9.0,1781776.380153739
physico,DNN,greedy,410004000,13,2,10,140,32,9.0,1781776.380153739
physico,DNN,guided,410004000,13,0,0,120,24,6.0,1646742.3208191127
physico,DNN,guided,410004000,13,1,10,130,30,8.0,1741740.740740741
physico,DNN,guided,410004000,13,2,10,140,34,9.0,1741740.740740741
physico,DNN,AL,410004000,14,0,0,120,24,6.0,1716200.0000000002
physico,DNN,AL,410004000,14,1,10,130,26,7.0,1716200.0000000002
physico,DNN,AL,410004000,14,2,10,140,30,8.0,1716200.0000000002
physico,DNN,greedy,410004000,14,0,0,120,24,6.0,1716200.0000000002
physico,DNN,greedy,410004000,14,1,10,130,29,7.0,1716200.0000000002
physico,DNN,greedy,410004000,14,2,10,140,37,7.0,1716200.0000000002
physico,DNN,guided,410004000,14,0,0,120,24,6.0,1716200.0000000002
physico,DNN,guided,410004000,14,1,10,130,30,8.0,1741740.740740741
physico,DNN,guided,410004000,14,2,10,140,37,8.0,1741740.740740741
physico,DNN,AL,410005000,0,0,0,120,24,5.0,1787362.2572815537
physico,DNN,AL,410005000,0,1,10,130,26,7.0,1787362.2572815537
physico,DNN,AL,410005000,0,2,10,140,28,7.0,1787362.2572815537
physico,DNN,greedy,410005000,0,0,0,120,24,5.0,1787362.2572815537
physico,DNN,greedy,410005000,0,1,10,130,25,6.0,1787362.2572815537
physico,DNN,greedy,410005000,0,2,10,140,28,8.0,1787362.2572815537
physico,DNN,guided,410005000,0,0,0,120,24,5.0,1787362.2572815537
physico,DNN,guided,410005000,0,1,10,130,27,6.0,1787362.2572815537
physico,DNN,guided,410005000,0,2,10,140,31,7.0,1787362.2572815537
physico,DNN,AL,410005000,1,0,0,120,24,6.0,1787362.2572815537
physico,DNN,AL,410005000,1,1,10,130,27,8.0,1787362.2572815537
physico,DNN,AL,410005000,1,2,10,140,29,8.0,1787362.2572815537
physico,DNN,greedy,410005000,1,0,0,120,24,6.0,1787362.2572815537
physico,DNN,greedy,410005000,1,1,10,130,26,6.0,1787362.2572815537
physico,DNN,greedy,410005000,1,2,10,140,30,9.0,1787362.2572815537
physico,DNN,guided,410005000,1,0,0,120,24,6.0,1787362.2572815537
physico,DNN,guided,410005000,1,1,10,130,28,7.0,1787362.2572815537
physico,DNN,guided,410005000,1,2,10,140,31,9.0,1787362.2572815537
physico,DNN,AL,410005000,2,0,0,120,24,2.0,1470439.1005621487
physico,DNN,AL,410005000,2,1,10,130,25,2.0,1470439.1005621487
physico,DNN,AL,410005000,2,2,10,140,31,4.0,1781776.380153739
physico,DNN,greedy,410005000,2,0,0,120,24,2.0,1470439.1005621487
physico,DNN,greedy,410005000,2,1,10,130,30,3.0,1470439.1005621487
physico,DNN,greedy,410005000,2,2,10,140,33,4.0,1470439.1005621487
physico,DNN,guided,410005000,2,0,0,120,24,2.0,1470439.1005621487
physico,DNN,guided,410005000,2,1,10,130,29,3.0,1716200.0000000002
physico,DNN,guided,410005000,2,2,10,140,33,4.0,1716200.0000000002
physico,DNN,AL,410005000,3,0,0,120,24,5.0,1787362.2572815537
physico,DNN,AL,410005000,3,1,10,130,25,6.0,1787362.2572815537
physico,DNN,AL,410005000,3,2,10,140,28,7.0,1787362.2572815537
physico,DNN,greedy,410005000,3,0,0,120,24,5.0,1787362.2572815537
physico,DNN,greedy,410005000,3,1,10,130,30,6.0,1787362.2572815537
physico,DNN,greedy,410005000,3,2,10,140,32,7.0,1787362.2572815537
physico,DNN,guided,410005000,3,0,0,120,24,5.0,1787362.2572815537
physico,DNN,guided,410005000,3,1,10,130,30,7.0,1787362.2572815537
physico,DNN,guided,410005000,3,2,10,140,33,7.0,1787362.2572815537
physico,DNN,AL,410005000,4,0,0,120,24,7.0,1787362.2572815537
physico,DNN,AL,410005000,4,1,10,130,26,9.0,1787362.2572815537
physico,DNN,AL,410005000,4,2,10,140,28,10.0,1787362.2572815537
physico,DNN,greedy,410005000,4,0,0,120,24,7.0,1787362.2572815537
physico,DNN,greedy,410005000,4,1,10,130,27,8.0,1787362.2572815537
physico,DNN,greedy,410005000,4,2,10,140,29,9.0,1787362.2572815537
physico,DNN,guided,410005000,4,0,0,120,24,7.0,1787362.2572815537
physico,DNN,guided,410005000,4,1,10,130,30,8.0,1787362.2572815537
physico,DNN,guided,410005000,4,2,10,140,34,10.0,1787362.2572815537
physico,DNN,AL,410005000,5,0,0,120,24,8.0,1781776.380153739
physico,DNN,AL,410005000,5,1,10,130,24,8.0,1781776.380153739
physico,DNN,AL,410005000,5,2,10,140,26,8.0,1781776.380153739
physico,DNN,greedy,410005000,5,0,0,120,24,8.0,1781776.380153739
physico,DNN,greedy,410005000,5,1,10,130,27,8.0,1781776.380153739
physico,DNN,greedy,410005000,5,2,10,140,29,9.0,1781776.380153739
physico,DNN,guided,410005000,5,0,0,120,24,8.0,1781776.380153739
physico,DNN,guided,410005000,5,1,10,130,28,8.0,1781776.380153739
physico,DNN,guided,410005000,5,2,10,140,30,9.0,1781776.380153739
physico,DNN,AL,410005000,6,0,0,120,24,4.0,1741740.740740741
physico,DNN,AL,410005000,6,1,10,130,27,4.0,1741740.740740741
physico,DNN,AL,410005000,6,2,10,140,29,5.0,1741740.740740741
physico,DNN,greedy,410005000,6,0,0,120,24,4.0,1741740.740740741
physico,DNN,greedy,410005000,6,1,10,130,29,5.0,1781776.380153739
physico,DNN,greedy,410005000,6,2,10,140,33,7.0,1781776.380153739
physico,DNN,guided,410005000,6,0,0,120,24,4.0,1741740.740740741
physico,DNN,guided,410005000,6,1,10,130,30,5.0,1781776.380153739
physico,DNN,guided,410005000,6,2,10,140,35,6.0,1781776.380153739
physico,DNN,AL,410005000,7,0,0,120,24,7.0,1716200.0000000002
physico,DNN,AL,410005000,7,1,10,130,25,8.0,1781776.380153739
physico,DNN,AL,410005000,7,2,10,140,27,8.0,1781776.380153739
physico,DNN,greedy,410005000,7,0,0,120,24,7.0,1716200.0000000002
physico,DNN,greedy,410005000,7,1,10,130,28,8.0,1781776.380153739
physico,DNN,greedy,410005000,7,2,10,140,32,9.0,1781776.380153739
physico,DNN,guided,410005000,7,0,0,120,24,7.0,1716200.0000000002
physico,DNN,guided,410005000,7,1,10,130,29,8.0,1781776.380153739
physico,DNN,guided,410005000,7,2,10,140,32,8.0,1781776.380153739
physico,DNN,AL,410005000,8,0,0,120,24,10.0,1787362.2572815537
physico,DNN,AL,410005000,8,1,10,130,26,10.0,1787362.2572815537
physico,DNN,AL,410005000,8,2,10,140,29,10.0,1787362.2572815537
physico,DNN,greedy,410005000,8,0,0,120,24,10.0,1787362.2572815537
physico,DNN,greedy,410005000,8,1,10,130,25,10.0,1787362.2572815537
physico,DNN,greedy,410005000,8,2,10,140,27,11.0,1787362.2572815537
physico,DNN,guided,410005000,8,0,0,120,24,10.0,1787362.2572815537
physico,DNN,guided,410005000,8,1,10,130,27,11.0,1787362.2572815537
physico,DNN,guided,410005000,8,2,10,140,28,11.0,1787362.2572815537
physico,DNN,AL,410005000,9,0,0,120,24,3.0,1716200.0000000002
physico,DNN,AL,410005000,9,1,10,130,30,5.0,1781776.380153739
physico,DNN,AL,410005000,9,2,10,140,31,5.0,1781776.380153739
physico,DNN,greedy,410005000,9,0,0,120,24,3.0,1716200.0000000002
physico,DNN,greedy,410005000,9,1,10,130,29,4.0,1716200.0000000002
physico,DNN,greedy,410005000,9,2,10,140,33,5.0,1716200.0000000002
physico,DNN,guided,410005000,9,0,0,120,24,3.0,1716200.0000000002
physico,DNN,guided,410005000,9,1,10,130,30,4.0,1716200.0000000002
physico,DNN,guided,410005000,9,2,10,140,34,4.0,1716200.0000000002
physico,DNN,AL,410005000,10,0,0,120,24,5.0,1787362.2572815537
physico,DNN,AL,410005000,10,1,10,130,26,6.0,1787362.2572815537
physico,DNN,AL,410005000,10,2,10,140,27,6.0,1787362.2572815537
physico,DNN,greedy,410005000,10,0,0,120,24,5.0,1787362.2572815537
physico,DNN,greedy,410005000,10,1,10,130,25,6.0,1787362.2572815537
physico,DNN,greedy,410005000,10,2,10,140,30,7.0,1787362.2572815537
physico,DNN,guided,410005000,10,0,0,120,24,5.0,1787362.2572815537
physico,DNN,guided,410005000,10,1,10,130,29,6.0,1787362.2572815537
physico,DNN,guided,410005000,10,2,10,140,32,7.0,1787362.2572815537
physico,DNN,AL,410005000,11,0,0,120,24,8.0,1787362.2572815537
physico,DNN,AL,410005000,11,1,10,130,25,8.0,1787362.2572815537
physico,DNN,AL,410005000,11,2,10,140,27,9.0,1787362.2572815537
physico,DNN,greedy,410005000,11,0,0,120,24,8.0,1787362.2572815537
physico,DNN,greedy,410005000,11,1,10,130,26,8.0,1787362.2572815537
physico,DNN,greedy,410005000,11,2,10,140,27,8.0,1787362.2572815537
physico,DNN,guided,410005000,11,0,0,120,24,8.0,1787362.2572815537
physico,DNN,guided,410005000,11,1,10,130,26,8.0,1787362.2572815537
physico,DNN,guided,410005000,11,2,10,140,27,8.0,1787362.2572815537
physico,DNN,AL,410005000,12,0,0,120,24,6.0,1572010.7095046854
physico,DNN,AL,410005000,12,1,10,130,25,6.0,1572010.7095046854
physico,DNN,AL,410005000,12,2,10,140,27,7.0,1572010.7095046854
physico,DNN,greedy,410005000,12,0,0,120,24,6.0,1572010.7095046854
physico,DNN,greedy,410005000,12,1,10,130,28,8.0,1781776.380153739
physico,DNN,greedy,410005000,12,2,10,140,30,8.0,1781776.380153739
physico,DNN,guided,410005000,12,0,0,120,24,6.0,1572010.7095046854
physico,DNN,guided,410005000,12,1,10,130,28,8.0,1781776.380153739
physico,DNN,guided,410005000,12,2,10,140,33,9.0,1781776.380153739
physico,DNN,AL,410005000,13,0,0,120,24,5.0,1787362.2572815537
physico,DNN,AL,410005000,13,1,10,130,27,5.0,1787362.2572815537
physico,DNN,AL,410005000,13,2,10,140,34,6.0,1787362.2572815537
physico,DNN,greedy,410005000,13,0,0,120,24,5.0,1787362.2572815537
physico,DNN,greedy,410005000,13,1,10,130,28,5.0,1787362.2572815537
physico,DNN,greedy,410005000,13,2,10,140,32,7.0,1787362.2572815537
physico,DNN,guided,410005000,13,0,0,120,24,5.0,1787362.2572815537
physico,DNN,guided,410005000,13,1,10,130,31,8.0,1787362.2572815537
physico,DNN,guided,410005000,13,2,10,140,34,8.0,1787362.2572815537
physico,DNN,AL,410005000,14,0,0,120,24,4.0,1572010.7095046854
physico,DNN,AL,410005000,14,1,10,130,28,6.0,1643030.692362598
physico,DNN,AL,410005000,14,2,10,140,30,6.0,1643030.692362598
physico,DNN,greedy,410005000,14,0,0,120,24,4.0,1572010.7095046854
physico,DNN,greedy,410005000,14,1,10,130,29,4.0,1572010.7095046854
physico,DNN,greedy,410005000,14,2,10,140,35,6.0,1572010.7095046854
physico,DNN,guided,410005000,14,0,0,120,24,4.0,1572010.7095046854
physico,DNN,guided,410005000,14,1,10,130,29,4.0,1572010.7095046854
physico,DNN,guided,410005000,14,2,10,140,35,5.0,1572010.7095046854
all,XGB,AL,410001000,0,0,0,120,24,7.0,1781776.380153739
all,XGB,AL,410001000,0,1,10,130,25,7.0,1781776.380153739
all,XGB,AL,410001000,0,2,10,140,26,7.0,1781776.380153739
all,XGB,greedy,410001000,0,0,0,120,24,7.0,1781776.380153739
all,XGB,greedy,410001000,0,1,10,130,28,8.0,1781776.380153739
all,XGB,greedy,410001000,0,2,10,140,33,10.0,1781776.380153739
all,XGB,guided,410001000,0,0,0,120,24,7.0,1781776.380153739
all,XGB,guided,410001000,0,1,10,130,29,9.0,1781776.380153739
all,XGB,guided,410001000,0,2,10,140,31,9.0,1781776.380153739
all,XGB,AL,410001000,1,0,0,120,24,9.0,1781776.380153739
all,XGB,AL,410001000,1,1,10,130,25,9.0,1781776.380153739
all,XGB,AL,410001000,1,2,10,140,29,11.0,1781776.380153739
all,XGB,greedy,410001000,1,0,0,120,24,9.0,1781776.380153739
all,XGB,greedy,410001000,1,1,10,130,29,11.0,1781776.380153739
all,XGB,greedy,410001000,1,2,10,140,34,12.0,1781776.380153739
all,XGB,guided,410001000,1,0,0,120,24,9.0,1781776.380153739
all,XGB,guided,410001000,1,1,10,130,29,10.0,1781776.380153739
all,XGB,guided,410001000,1,2,10,140,33,10.0,1781776.380153739
all,XGB,AL,410001000,2,0,0,120,24,6.0,1741740.740740741
all,XGB,AL,410001000,2,1,10,130,24,6.0,1741740.740740741
all,XGB,AL,410001000,2,2,10,140,25,6.0,1741740.740740741
all,XGB,greedy,410001000,2,0,0,120,24,6.0,1741740.740740741
all,XGB,greedy,410001000,2,1,10,130,30,8.0,1741740.740740741
all,XGB,greedy,410001000,2,2,10,140,33,10.0,1741740.740740741
all,XGB,guided,410001000,2,0,0,120,24,6.0,1741740.740740741
all,XGB,guided,410001000,2,1,10,130,26,7.0,1741740.740740741
all,XGB,guided,410001000,2,2,10,140,29,7.0,1741740.740740741
all,XGB,AL,410001000,3,0,0,120,24,5.0,1624458.5921325053
all,XGB,AL,410001000,3,1,10,130,25,5.0,1624458.5921325053
all,XGB,AL,410001000,3,2,10,140,25,5.0,1624458.5921325053
all,XGB,greedy,410001000,3,0,0,120,24,5.0,1624458.5921325053
all,XGB,greedy,410001000,3,1,10,130,26,5.0,1624458.5921325053
all,XGB,greedy,410001000,3,2,10,140,29,7.0,1624458.5921325053
all,XGB,guided,410001000,3,0,0,120,24,5.0,1624458.5921325053
all,XGB,guided,410001000,3,1,10,130,27,5.0,1624458.5921325053
all,XGB,guided,410001000,3,2,10,140,31,7.0,1624458.5921325053
all,XGB,AL,410001000,4,0,0,120,24,7.0,1787362.2572815537
all,XGB,AL,410001000,4,1,10,130,26,8.0,1787362.2572815537
all,XGB,AL,410001000,4,2,10,140,26,8.0,1787362.2572815537
all,XGB,greedy,410001000,4,0,0,120,24,7.0,1787362.2572815537
all,XGB,greedy,410001000,4,1,10,130,28,8.0,1787362.2572815537
all,XGB,greedy,410001000,4,2,10,140,30,10.0,1787362.2572815537
all,XGB,guided,410001000,4,0,0,120,24,7.0,1787362.2572815537
all,XGB,guided,410001000,4,1,10,130,28,7.0,1787362.2572815537
all,XGB,guided,410001000,4,2,10,140,32,8.0,1787362.2572815537
all,XGB,AL,410001000,5,0,0,120,24,5.0,1741740.740740741
all,XGB,AL,410001000,5,1,10,130,25,5.0,1741740.740740741
all,XGB,AL,410001000,5,2,10,140,25,5.0,1741740.740740741
all,XGB,greedy,410001000,5,0,0,120,24,5.0,1741740.740740741
all,XGB,greedy,410001000,5,1,10,130,27,5.0,1741740.740740741
all,XGB,greedy,410001000,5,2,10,140,28,6.0,1741740.740740741
all,XGB,guided,410001000,5,0,0,120,24,5.0,1741740.740740741
all,XGB,guided,410001000,5,1,10,130,30,7.0,1781776.380153739
all,XGB,guided,410001000,5,2,10,140,31,7.0,1781776.380153739
all,XGB,AL,410001000,6,0,0,120,24,4.0,1470439.1005621487
all,XGB,AL,410001000,6,1,10,130,25,4.0,1470439.1005621487
all,XGB,AL,410001000,6,2,10,140,26,4.0,1470439.1005621487
all,XGB,greedy,410001000,6,0,0,120,24,4.0,1470439.1005621487
all,XGB,greedy,410001000,6,1,10,130,27,4.0,1470439.1005621487
all,XGB,greedy,410001000,6,2,10,140,28,4.0,1470439.1005621487
all,XGB,guided,410001000,6,0,0,120,24,4.0,1470439.1005621487
all,XGB,guided,410001000,6,1,10,130,28,5.0,1716200.0000000002
all,XGB,guided,410001000,6,2,10,140,32,6.0,1716200.0000000002
all,XGB,AL,410001000,7,0,0,120,24,5.0,1787362.2572815537
all,XGB,AL,410001000,7,1,10,130,25,6.0,1787362.2572815537
all,XGB,AL,410001000,7,2,10,140,25,6.0,1787362.2572815537
all,XGB,greedy,410001000,7,0,0,120,24,5.0,1787362.2572815537
all,XGB,greedy,410001000,7,1,10,130,25,5.0,1787362.2572815537
all,XGB,greedy,410001000,7,2,10,140,27,6.0,1787362.2572815537
all,XGB,guided,410001000,7,0,0,120,24,5.0,1787362.2572815537
all,XGB,guided,410001000,7,1,10,130,27,7.0,1787362.2572815537
all,XGB,guided,410001000,7,2,10,140,27,7.0,1787362.2572815537
all,XGB,AL,410001000,8,0,0,120,24,3.0,1781776.380153739
all,XGB,AL,410001000,8,1,10,130,25,3.0,1781776.380153739
all,XGB,AL,410001000,8,2,10,140,26,4.0,1781776.380153739
all,XGB,greedy,410001000,8,0,0,120,24,3.0,1781776.380153739
all,XGB,greedy,410001000,8,1,10,130,27,3.0,1781776.380153739
all,XGB,greedy,410001000,8,2,10,140,28,3.0,1781776.380153739
all,XGB,guided,410001000,8,0,0,120,24,3.0,1781776.380153739
all,XGB,guided,410001000,8,1,10,130,28,5.0,1781776.380153739
all,XGB,guided,410001000,8,2,10,140,31,5.0,1781776.380153739
all,XGB,AL,410001000,9,0,0,120,24,6.0,1624458.5921325053
all,XGB,AL,410001000,9,1,10,130,26,7.0,1716200.0000000002
all,XGB,AL,410001000,9,2,10,140,30,8.0,1716200.0000000002
all,XGB,greedy,410001000,9,0,0,120,24,6.0,1624458.5921325053
all,XGB,greedy,410001000,9,1,10,130,26,6.0,1624458.5921325053
all,XGB,greedy,410001000,9,2,10,140,30,6.0,1624458.5921325053
all,XGB,guided,410001000,9,0,0,120,24,6.0,1624458.5921325053
all,XGB,guided,410001000,9,1,10,130,27,7.0,1624458.5921325053
all,XGB,guided,410001000,9,2,10,140,34,7.0,1624458.5921325053
all,XGB,AL,410001000,10,0,0,120,24,8.0,1716200.0000000002
all,XGB,AL,410001000,10,1,10,130,24,8.0,1716200.0000000002
all,XGB,AL,410001000,10,2,10,140,26,8.0,1716200.0000000002
all,XGB,greedy,410001000,10,0,0,120,24,8.0,1716200.0000000002
all,XGB,greedy,410001000,10,1,10,130,27,10.0,1781776.380153739
all,XGB,greedy,410001000,10,2,10,140,31,10.0,1781776.380153739
all,XGB,guided,410001000,10,0,0,120,24,8.0,1716200.0000000002
all,XGB,guided,410001000,10,1,10,130,30,10.0,1781776.380153739
all,XGB,guided,410001000,10,2,10,140,32,10.0,1781776.380153739
all,XGB,AL,410001000,11,0,0,120,24,5.0,1741740.740740741
all,XGB,AL,410001000,11,1,10,130,25,6.0,1741740.740740741
all,XGB,AL,410001000,11,2,10,140,26,6.0,1741740.740740741
all,XGB,greedy,410001000,11,0,0,120,24,5.0,1741740.740740741
all,XGB,greedy,410001000,11,1,10,130,28,6.0,1787362.2572815537
all,XGB,greedy,410001000,11,2,10,140,30,6.0,1787362.2572815537
all,XGB,guided,410001000,11,0,0,120,24,5.0,1741740.740740741
all,XGB,guided,410001000,11,1,10,130,29,6.0,1741740.740740741
all,XGB,guided,410001000,11,2,10,140,32,7.0,1741740.740740741
all,XGB,AL,410001000,12,0,0,120,24,7.0,1716200.0000000002
all,XGB,AL,410001000,12,1,10,130,24,7.0,1716200.0000000002
all,XGB,AL,410001000,12,2,10,140,26,8.0,1716200.0000000002
all,XGB,greedy,410001000,12,0,0,120,24,7.0,1716200.0000000002
all,XGB,greedy,410001000,12,1,10,130,24,7.0,1716200.0000000002
all,XGB,greedy,410001000,12,2,10,140,25,7.0,1716200.0000000002
all,XGB,guided,410001000,12,0,0,120,24,7.0,1716200.0000000002
all,XGB,guided,410001000,12,1,10,130,25,8.0,1716200.0000000002
all,XGB,guided,410001000,12,2,10,140,26,9.0,1716200.0000000002
all,XGB,AL,410001000,13,0,0,120,24,3.0,1534929.0322580645
all,XGB,AL,410001000,13,1,10,130,24,3.0,1534929.0322580645
all,XGB,AL,410001000,13,2,10,140,26,4.0,1534929.0322580645
all,XGB,greedy,410001000,13,0,0,120,24,3.0,1534929.0322580645
all,XGB,greedy,410001000,13,1,10,130,30,4.0,1534929.0322580645
all,XGB,greedy,410001000,13,2,10,140,31,4.0,1534929.0322580645
all,XGB,guided,410001000,13,0,0,120,24,3.0,1534929.0322580645
all,XGB,guided,410001000,13,1,10,130,29,5.0,1781776.380153739
all,XGB,guided,410001000,13,2,10,140,31,6.0,1781776.380153739
all,XGB,AL,410001000,14,0,0,120,24,6.0,1646742.3208191127
all,XGB,AL,410001000,14,1,10,130,28,7.0,1716200.0000000002
all,XGB,AL,410001000,14,2,10,140,31,8.0,1787362.2572815537
all,XGB,greedy,410001000,14,0,0,120,24,6.0,1646742.3208191127
all,XGB,greedy,410001000,14,1,10,130,29,7.0,1781776.380153739
all,XGB,greedy,410001000,14,2,10,140,34,8.0,1781776.380153739
all,XGB,guided,410001000,14,0,0,120,24,6.0,1646742.3208191127
all,XGB,guided,410001000,14,1,10,130,28,9.0,1781776.380153739
all,XGB,guided,410001000,14,2,10,140,31,9.0,1781776.380153739
all,XGB,AL,410002000,0,0,0,120,24,8.0,1646742.3208191127
all,XGB,AL,410002000,0,1,10,130,25,8.0,1646742.3208191127
all,XGB,AL,410002000,0,2,10,140,25,8.0,1646742.3208191127
all,XGB,greedy,410002000,0,0,0,120,24,8.0,1646742.3208191127
all,XGB,greedy,410002000,0,1,10,130,27,8.0,1646742.3208191127
all,XGB,greedy,410002000,0,2,10,140,29,8.0,1646742.3208191127
all,XGB,guided,410002000,0,0,0,120,24,8.0,1646742.3208191127
all,XGB,guided,410002000,0,1,10,130,31,10.0,1781776.380153739
all,XGB,guided,410002000,0,2,10,140,33,10.0,1781776.380153739
all,XGB,AL,410002000,1,0,0,120,24,6.0,1643030.692362598
all,XGB,AL,410002000,1,1,10,130,27,7.0,1643030.692362598
all,XGB,AL,410002000,1,2,10,140,28,7.0,1643030.692362598
all,XGB,greedy,410002000,1,0,0,120,24,6.0,1643030.692362598
all,XGB,greedy,410002000,1,1,10,130,28,6.0,1643030.692362598
all,XGB,greedy,410002000,1,2,10,140,32,6.0,1643030.692362598
all,XGB,guided,410002000,1,0,0,120,24,6.0,1643030.692362598
all,XGB,guided,410002000,1,1,10,130,25,6.0,1643030.692362598
all,XGB,guided,410002000,1,2,10,140,29,6.0,1643030.692362598
all,XGB,AL,410002000,2,0,0,120,24,8.0,1741740.740740741
all,XGB,AL,410002000,2,1,10,130,26,9.0,1741740.740740741
all,XGB,AL,410002000,2,2,10,140,26,9.0,1741740.740740741
all,XGB,greedy,410002000,2,0,0,120,24,8.0,1741740.740740741
all,XGB,greedy,410002000,2,1,10,130,25,9.0,1781776.380153739
all,XGB,greedy,410002000,2,2,10,140,25,9.0,1781776.380153739
all,XGB,guided,410002000,2,0,0,120,24,8.0,1741740.740740741
all,XGB,guided,410002000,2,1,10,130,27,11.0,1781776.380153739
all,XGB,guided,410002000,2,2,10,140,28,11.0,1781776.380153739
all,XGB,AL,410002000,3,0,0,120,24,7.0,1741740.740740741
all,XGB,AL,410002000,3,1,10,130,26,8.0,1741740.740740741
all,XGB,AL,410002000,3,2,10,140,28,10.0,1741740.740740741
all,XGB,greedy,410002000,3,0,0,120,24,7.0,1741740.740740741
all,XGB,greedy,410002000,3,1,10,130,27,7.0,1741740.740740741
all,XGB,greedy,410002000,3,2,10,140,30,8.0,1741740.740740741
all,XGB,guided,410002000,3,0,0,120,24,7.0,1741740.740740741
all,XGB,guided,410002000,3,1,10,130,30,9.0,1741740.740740741
all,XGB,guided,410002000,3,2,10,140,32,9.0,1741740.740740741
all,XGB,AL,410002000,4,0,0,120,24,11.0,1741740.740740741
all,XGB,AL,410002000,4,1,10,130,24,11.0,1741740.740740741
all,XGB,AL,410002000,4,2,10,140,25,11.0,1741740.740740741
all,XGB,greedy,410002000,4,0,0,120,24,11.0,1741740.740740741
all,XGB,greedy,410002000,4,1,10,130,25,12.0,1741740.740740741
all,XGB,greedy,410002000,4,2,10,140,30,15.0,1781776.380153739
all,XGB,guided,410002000,4,0,0,120,24,11.0,1741740.740740741
all,XGB,guided,410002000,4,1,10,130,27,13.0,1741740.740740741
all,XGB,guided,410002000,4,2,10,140,28,13.0,1741740.740740741
all,XGB,AL,410002000,5,0,0,120,24,4.0,1787362.2572815537
all,XGB,AL,410002000,5,1,10,130,25,4.0,1787362.2572815537
all,XGB,AL,410002000,5,2,10,140,28,5.0,1787362.2572815537
all,XGB,greedy,410002000,5,0,0,120,24,4.0,1787362.2572815537
all,XGB,greedy,410002000,5,1,10,130,29,7.0,1787362.2572815537
all,XGB,greedy,410002000,5,2,10,140,29,7.0,1787362.2572815537
all,XGB,guided,410002000,5,0,0,120,24,4.0,1787362.2572815537
all,XGB,guided,410002000,5,1,10,130,28,5.0,1787362.2572815537
all,XGB,guided,410002000,5,2,10,140,30,7.0,1787362.2572815537
all,XGB,AL,410002000,6,0,0,120,24,5.0,1646742.3208191127
all,XGB,AL,410002000,6,1,10,130,27,6.0,1646742.3208191127
all,XGB,AL,410002000,6,2,10,140,28,6.0,1646742.3208191127
all,XGB,greedy,410002000,6,0,0,120,24,5.0,1646742.3208191127
all,XGB,greedy,410002000,6,1,10,130,25,6.0,1646742.3208191127
all,XGB,greedy,410002000,6,2,10,140,27,7.0,1646742.3208191127
all,XGB,guided,410002000,6,0,0,120,24,5.0,1646742.3208191127
all,XGB,guided,410002000,6,1,10,130,29,8.0,1741740.740740741
all,XGB,guided,410002000,6,2,10,140,30,8.0,1741740.740740741
all,XGB,AL,410002000,7,0,0,120,24,7.0,1781776.380153739
all,XGB,AL,410002000,7,1,10,130,26,8.0,1781776.380153739
all,XGB,AL,410002000,7,2,10,140,27,8.0,1781776.380153739
all,XGB,greedy,410002000,7,0,0,120,24,7.0,1781776.380153739
all,XGB,greedy,410002000,7,1,10,130,28,7.0,1781776.380153739
all,XGB,greedy,410002000,7,2,10,140,30,7.0,1781776.380153739
all,XGB,guided,410002000,7,0,0,120,24,7.0,1781776.380153739
all,XGB,guided,410002000,7,1,10,130,28,7.0,1781776.380153739
all,XGB,guided,410002000,7,2,10,140,31,7.0,1781776.380153739
all,XGB,AL,410002000,8,0,0,120,24,6.0,1787362.2572815537
all,XGB,AL,410002000,8,1,10,130,25,6.0,1787362.2572815537
all,XGB,AL,410002000,8,2,10,140,27,6.0,1787362.2572815537
all,XGB,greedy,410002000,8,0,0,120,24,6.0,1787362.2572815537
all,XGB,greedy,410002000,8,1,10,130,29,9.0,1787362.2572815537
all,XGB,greedy,410002000,8,2,10,140,32,9.0,1787362.2572815537
all,XGB,guided,410002000,8,0,0,120,24,6.0,1787362.2572815537
all,XGB,guided,410002000,8,1,10,130,31,9.0,1787362.2572815537
all,XGB,guided,410002000,8,2,10,140,34,10.0,1787362.2572815537
all,XGB,AL,410002000,9,0,0,120,24,5.0,1624458.5921325053
all,XGB,AL,410002000,9,1,10,130,26,6.0,1716200.0000000002
all,XGB,AL,410002000,9,2,10,140,26,6.0,1716200.0000000002
all,XGB,greedy,410002000,9,0,0,120,24,5.0,1624458.5921325053
all,XGB,greedy,410002000,9,1,10,130,27,5.0,1624458.5921325053
all,XGB,greedy,410002000,9,2,10,140,31,6.0,1624458.5921325053
all,XGB,guided,410002000,9,0,0,120,24,5.0,1624458.5921325053
all,XGB,guided,410002000,9,1,10,130,26,6.0,1624458.5921325053
all,XGB,guided,410002000,9,2,10,140,30,6.0,1624458.5921325053
all,XGB,AL,410002000,10,0,0,120,24,9.0,1781776.380153739
all,XGB,AL,410002000,10,1,10,130,25,9.0,1781776.380153739
all,XGB,AL,410002000,10,2,10,140,25,9.0,1781776.380153739
all,XGB,greedy,410002000,10,0,0,120,24,9.0,1781776.380153739
all,XGB,greedy,410002000,10,1,10,130,28,10.0,1781776.380153739
all,XGB,greedy,410002000,10,2,10,140,31,10.0,1781776.380153739
all,XGB,guided,410002000,10,0,0,120,24,9.0,1781776.380153739
all,XGB,guided,410002000,10,1,10,130,29,10.0,1781776.380153739
all,XGB,guided,410002000,10,2,10,140,32,10.0,1781776.380153739
all,XGB,AL,410002000,11,0,0,120,24,9.0,1741740.740740741
all,XGB,AL,410002000,11,1,10,130,25,9.0,1741740.740740741
all,XGB,AL,410002000,11,2,10,140,27,9.0,1741740.740740741
all,XGB,greedy,410002000,11,0,0,120,24,9.0,1741740.740740741
all,XGB,greedy,410002000,11,1,10,130,25,10.0,1741740.740740741
all,XGB,greedy,410002000,11,2,10,140,28,10.0,1741740.740740741
all,XGB,guided,410002000,11,0,0,120,24,9.0,1741740.740740741
all,XGB,guided,410002000,11,1,10,130,27,10.0,1741740.740740741
all,XGB,guided,410002000,11,2,10,140,28,10.0,1741740.740740741
all,XGB,AL,410002000,12,0,0,120,24,4.0,1568230.9482257126
all,XGB,AL,410002000,12,1,10,130,26,4.0,1568230.9482257126
all,XGB,AL,410002000,12,2,10,140,30,4.0,1568230.9482257126
all,XGB,greedy,410002000,12,0,0,120,24,4.0,1568230.9482257126
all,XGB,greedy,410002000,12,1,10,130,31,6.0,1568230.9482257126
all,XGB,greedy,410002000,12,2,10,140,36,6.0,1568230.9482257126
all,XGB,guided,410002000,12,0,0,120,24,4.0,1568230.9482257126
all,XGB,guided,410002000,12,1,10,130,30,6.0,1716200.0000000002
all,XGB,guided,410002000,12,2,10,140,35,7.0,1716200.0000000002
all,XGB,AL,410002000,13,0,0,120,24,6.0,1781776.380153739
all,XGB,AL,410002000,13,1,10,130,26,8.0,1787362.2572815537
all,XGB,AL,410002000,13,2,10,140,27,8.0,1787362.2572815537
all,XGB,greedy,410002000,13,0,0,120,24,6.0,1781776.380153739
all,XGB,greedy,410002000,13,1,10,130,28,6.0,1781776.380153739
all,XGB,greedy,410002000,13,2,10,140,30,6.0,1781776.380153739
all,XGB,guided,410002000,13,0,0,120,24,6.0,1781776.380153739
all,XGB,guided,410002000,13,1,10,130,29,6.0,1781776.380153739
all,XGB,guided,410002000,13,2,10,140,32,6.0,1781776.380153739
all,XGB,AL,410002000,14,0,0,120,24,6.0,1470439.1005621487
all,XGB,AL,410002000,14,1,10,130,27,8.0,1787362.2572815537
all,XGB,AL,410002000,14,2,10,140,27,8.0,1787362.2572815537
all,XGB,greedy,410002000,14,0,0,120,24,6.0,1470439.1005621487
all,XGB,greedy,410002000,14,1,10,130,29,7.0,1470439.1005621487
all,XGB,greedy,410002000,14,2,10,140,30,7.0,1470439.1005621487
all,XGB,guided,410002000,14,0,0,120,24,6.0,1470439.1005621487
all,XGB,guided,410002000,14,1,10,130,31,9.0,1781776.380153739
all,XGB,guided,410002000,14,2,10,140,33,9.0,1781776.380153739
all,XGB,AL,410003000,0,0,0,120,24,7.0,1781776.380153739
all,XGB,AL,410003000,0,1,10,130,25,7.0,1781776.380153739
all,XGB,AL,410003000,0,2,10,140,26,8.0,1781776.380153739
all,XGB,greedy,410003000,0,0,0,120,24,7.0,1781776.380153739
all,XGB,greedy,410003000,0,1,10,130,27,7.0,1781776.380153739
all,XGB,greedy,410003000,0,2,10,140,29,7.0,1781776.380153739
all,XGB,guided,410003000,0,0,0,120,24,7.0,1781776.380153739
all,XGB,guided,410003000,0,1,10,130,30,7.0,1781776.380153739
all,XGB,guided,410003000,0,2,10,140,31,7.0,1781776.380153739
all,XGB,AL,410003000,1,0,0,120,24,5.0,1741740.740740741
all,XGB,AL,410003000,1,1,10,130,25,6.0,1741740.740740741
all,XGB,AL,410003000,1,2,10,140,25,6.0,1741740.740740741
all,XGB,greedy,410003000,1,0,0,120,24,5.0,1741740.740740741
all,XGB,greedy,410003000,1,1,10,130,27,7.0,1741740.740740741
all,XGB,greedy,410003000,1,2,10,140,28,7.0,1741740.740740741
all,XGB,guided,410003000,1,0,0,120,24,5.0,1741740.740740741
all,XGB,guided,410003000,1,1,10,130,29,7.0,1741740.740740741
all,XGB,guided,410003000,1,2,10,140,32,8.0,1741740.740740741
all,XGB,AL,410003000,2,0,0,120,24,9.0,1787362.2572815537
all,XGB,AL,410003000,2,1,10,130,26,9.0,1787362.2572815537
all,XGB,AL,410003000,2,2,10,140,26,9.0,1787362.2572815537
all,XGB,greedy,410003000,2,0,0,120,24,9.0,1787362.2572815537
all,XGB,greedy,410003000,2,1,10,130,27,9.0,1787362.2572815537
all,XGB,greedy,410003000,2,2,10,140,31,10.0,1787362.2572815537
all,XGB,guided,410003000,2,0,0,120,24,9.0,1787362.2572815537
all,XGB,guided,410003000,2,1,10,130,27,9.0,1787362.2572815537
all,XGB,guided,410003000,2,2,10,140,30,10.0,1787362.2572815537
all,XGB,AL,410003000,3,0,0,120,24,4.0,1787362.2572815537
all,XGB,AL,410003000,3,1,10,130,25,4.0,1787362.2572815537
all,XGB,AL,410003000,3,2,10,140,27,5.0,1787362.2572815537
all,XGB,greedy,410003000,3,0,0,120,24,4.0,1787362.2572815537
all,XGB,greedy,410003000,3,1,10,130,25,4.0,1787362.2572815537
all,XGB,greedy,410003000,3,2,10,140,28,4.0,1787362.2572815537
all,XGB,guided,410003000,3,0,0,120,24,4.0,1787362.2572815537
all,XGB,guided,410003000,3,1,10,130,28,6.0,1787362.2572815537
all,XGB,guided,410003000,3,2,10,140,29,6.0,1787362.2572815537
all,XGB,AL,410003000,4,0,0,120,24,4.0,1534929.0322580645
all,XGB,AL,410003000,4,1,10,130,27,6.0,1646742.3208191127
all,XGB,AL,410003000,4,2,10,140,28,6.0,1646742.3208191127
all,XGB,greedy,410003000,4,0,0,120,24,4.0,1534929.0322580645
all,XGB,greedy,410003000,4,1,10,130,25,4.0,1534929.0322580645
all,XGB,greedy,410003000,4,2,10,140,31,5.0,1534929.0322580645
all,XGB,guided,410003000,4,0,0,120,24,4.0,1534929.0322580645
all,XGB,guided,410003000,4,1,10,130,28,5.0,1534929.0322580645
all,XGB,guided,410003000,4,2,10,140,33,5.0,1534929.0322580645
all,XGB,AL,410003000,5,0,0,120,24,0.0,1356279.4029850746
all,XGB,AL,410003000,5,1,10,130,27,2.0,1470439.1005621487
all,XGB,AL,410003000,5,2,10,140,28,3.0,1787362.2572815537
all,XGB,greedy,410003000,5,0,0,120,24,0.0,1356279.4029850746
all,XGB,greedy,410003000,5,1,10,130,25,1.0,1534929.0322580645
all,XGB,greedy,410003000,5,2,10,140,30,3.0,1534929.0322580645
all,XGB,guided,410003000,5,0,0,120,24,0.0,1356279.4029850746
all,XGB,guided,410003000,5,1,10,130,27,1.0,1624458.5921325053
all,XGB,guided,410003000,5,2,10,140,30,2.0,1624458.5921325053
all,XGB,AL,410003000,6,0,0,120,24,5.0,1643030.692362598
all,XGB,AL,410003000,6,1,10,130,26,7.0,1716200.0000000002
all,XGB,AL,410003000,6,2,10,140,27,7.0,1716200.0000000002
all,XGB,greedy,410003000,6,0,0,120,24,5.0,1643030.692362598
all,XGB,greedy,410003000,6,1,10,130,32,6.0,1781776.380153739
all,XGB,greedy,410003000,6,2,10,140,35,8.0,1781776.380153739
all,XGB,guided,410003000,6,0,0,120,24,5.0,1643030.692362598
all,XGB,guided,410003000,6,1,10,130,31,7.0,1781776.380153739
all,XGB,guided,410003000,6,2,10,140,36,8.0,1781776.380153739
all,XGB,AL,410003000,7,0,0,120,24,7.0,1781776.380153739
all,XGB,AL,410003000,7,1,10,130,25,7.0,1781776.380153739
all,XGB,AL,410003000,7,2,10,140,25,7.0,1781776.380153739
all,XGB,greedy,410003000,7,0,0,120,24,7.0,1781776.380153739
all,XGB,greedy,410003000,7,1,10,130,27,7.0,1781776.380153739
all,XGB,greedy,410003000,7,2,10,140,28,8.0,1781776.380153739
all,XGB,guided,410003000,7,0,0,120,24,7.0,1781776.380153739
all,XGB,guided,410003000,7,1,10,130,28,7.0,1781776.380153739
all,XGB,guided,410003000,7,2,10,140,29,7.0,1781776.380153739
all,XGB,AL,410003000,8,0,0,120,24,8.0,1781776.380153739
all,XGB,AL,410003000,8,1,10,130,27,9.0,1781776.380153739
all,XGB,AL,410003000,8,2,10,140,28,9.0,1781776.380153739
all,XGB,greedy,410003000,8,0,0,120,24,8.0,1781776.380153739
all,XGB,greedy,410003000,8,1,10,130,25,9.0,1781776.380153739
all,XGB,greedy,410003000,8,2,10,140,26,10.0,1781776.380153739
all,XGB,guided,410003000,8,0,0,120,24,8.0,1781776.380153739
all,XGB,guided,410003000,8,1,10,130,28,10.0,1781776.380153739
all,XGB,guided,410003000,8,2,10,140,29,11.0,1781776.380153739
all,XGB,AL,410003000,9,0,0,120,24,4.0,1572010.7095046854
all,XGB,AL,410003000,9,1,10,130,25,4.0,1572010.7095046854
all,XGB,AL,410003000,9,2,10,140,28,6.0,1787362.2572815537
all,XGB,greedy,410003000,9,0,0,120,24,4.0,1572010.7095046854
all,XGB,greedy,410003000,9,1,10,130,26,4.0,1572010.7095046854
all,XGB,greedy,410003000,9,2,10,140,28,4.0,1572010.7095046854
all,XGB,guided,410003000,9,0,0,120,24,4.0,1572010.7095046854
all,XGB,guided,410003000,9,1,10,130,29,5.0,1716200.0000000002
all,XGB,guided,410003000,9,2,10,140,29,5.0,1716200.0000000002
all,XGB,AL,410003000,10,0,0,120,24,5.0,1787362.2572815537
all,XGB,AL,410003000,10,1,10,130,24,5.0,1787362.2572815537
all,XGB,AL,410003000,10,2,10,140,26,6.0,1787362.2572815537
all,XGB,greedy,410003000,10,0,0,120,24,5.0,1787362.2572815537
all,XGB,greedy,410003000,10,1,10,130,30,7.0,1787362.2572815537
all,XGB,greedy,410003000,10,2,10,140,32,7.0,1787362.2572815537
all,XGB,guided,410003000,10,0,0,120,24,5.0,1787362.2572815537
all,XGB,guided,410003000,10,1,10,130,30,6.0,1787362.2572815537
all,XGB,guided,410003000,10,2,10,140,33,7.0,1787362.2572815537
all,XGB,AL,410003000,11,0,0,120,24,4.0,1534929.0322580645
all,XGB,AL,410003000,11,1,10,130,24,4.0,1534929.0322580645
all,XGB,AL,410003000,11,2,10,140,25,4.0,1534929.0322580645
all,XGB,greedy,410003000,11,0,0,120,24,4.0,1534929.0322580645
all,XGB,greedy,410003000,11,1,10,130,26,4.0,1534929.0322580645
all,XGB,greedy,410003000,11,2,10,140,27,4.0,1534929.0322580645
all,XGB,guided,410003000,11,0,0,120,24,4.0,1534929.0322580645
all,XGB,guided,410003000,11,1,10,130,28,5.0,1781776.380153739
all,XGB,guided,410003000,11,2,10,140,32,6.0,1781776.380153739
all,XGB,AL,410003000,12,0,0,120,24,6.0,1716200.0000000002
all,XGB,AL,410003000,12,1,10,130,26,6.0,1716200.0000000002
all,XGB,AL,410003000,12,2,10,140,27,6.0,1716200.0000000002
all,XGB,greedy,410003000,12,0,0,120,24,6.0,1716200.0000000002
all,XGB,greedy,410003000,12,1,10,130,27,7.0,1716200.0000000002
all,XGB,greedy,410003000,12,2,10,140,30,8.0,1716200.0000000002
all,XGB,guided,410003000,12,0,0,120,24,6.0,1716200.0000000002
all,XGB,guided,410003000,12,1,10,130,29,7.0,1716200.0000000002
all,XGB,guided,410003000,12,2,10,140,31,8.0,1716200.0000000002
all,XGB,AL,410003000,13,0,0,120,24,3.0,1624458.5921325053
all,XGB,AL,410003000,13,1,10,130,27,3.0,1624458.5921325053
all,XGB,AL,410003000,13,2,10,140,27,3.0,1624458.5921325053
all,XGB,greedy,410003000,13,0,0,120,24,3.0,1624458.5921325053
all,XGB,greedy,410003000,13,1,10,130,26,3.0,1624458.5921325053
all,XGB,greedy,410003000,13,2,10,140,28,3.0,1624458.5921325053
all,XGB,guided,410003000,13,0,0,120,24,3.0,1624458.5921325053
all,XGB,guided,410003000,13,1,10,130,29,5.0,1716200.0000000002
all,XGB,guided,410003000,13,2,10,140,32,6.0,1716200.0000000002
all,XGB,AL,410003000,14,0,0,120,24,5.0,1781776.380153739
all,XGB,AL,410003000,14,1,10,130,26,6.0,1781776.380153739
all,XGB,AL,410003000,14,2,10,140,26,6.0,1781776.380153739
all,XGB,greedy,410003000,14,0,0,120,24,5.0,1781776.380153739
all,XGB,greedy,410003000,14,1,10,130,28,6.0,1781776.380153739
all,XGB,greedy,410003000,14,2,10,140,33,6.0,1781776.380153739
all,XGB,guided,410003000,14,0,0,120,24,5.0,1781776.380153739
all,XGB,guided,410003000,14,1,10,130,30,8.0,1781776.380153739
all,XGB,guided,410003000,14,2,10,140,34,8.0,1781776.380153739
all,XGB,AL,410004000,0,0,0,120,24,5.0,1716200.0000000002
all,XGB,AL,410004000,0,1,10,130,27,5.0,1716200.0000000002
all,XGB,AL,410004000,0,2,10,140,28,5.0,1716200.0000000002
all,XGB,greedy,410004000,0,0,0,120,24,5.0,1716200.0000000002
all,XGB,greedy,410004000,0,1,10,130,27,7.0,1716200.0000000002
all,XGB,greedy,410004000,0,2,10,140,31,7.0,1716200.0000000002
all,XGB,guided,410004000,0,0,0,120,24,5.0,1716200.0000000002
all,XGB,guided,410004000,0,1,10,130,28,5.0,1716200.0000000002
all,XGB,guided,410004000,0,2,10,140,33,6.0,1716200.0000000002
all,XGB,AL,410004000,1,0,0,120,24,5.0,1741740.740740741
all,XGB,AL,410004000,1,1,10,130,24,5.0,1741740.740740741
all,XGB,AL,410004000,1,2,10,140,26,6.0,1741740.740740741
all,XGB,greedy,410004000,1,0,0,120,24,5.0,1741740.740740741
all,XGB,greedy,410004000,1,1,10,130,29,6.0,1781776.380153739
all,XGB,greedy,410004000,1,2,10,140,30,6.0,1781776.380153739
all,XGB,guided,410004000,1,0,0,120,24,5.0,1741740.740740741
all,XGB,guided,410004000,1,1,10,130,28,8.0,1781776.380153739
all,XGB,guided,410004000,1,2,10,140,33,8.0,1781776.380153739
all,XGB,AL,410004000,2,0,0,120,24,8.0,1787362.2572815537
all,XGB,AL,410004000,2,1,10,130,27,9.0,1787362.2572815537
all,XGB,AL,410004000,2,2,10,140,27,9.0,1787362.2572815537
all,XGB,greedy,410004000,2,0,0,120,24,8.0,1787362.2572815537
all,XGB,greedy,410004000,2,1,10,130,28,9.0,1787362.2572815537
all,XGB,greedy,410004000,2,2,10,140,31,9.0,1787362.2572815537
all,XGB,guided,410004000,2,0,0,120,24,8.0,1787362.2572815537
all,XGB,guided,410004000,2,1,10,130,28,8.0,1787362.2572815537
all,XGB,guided,410004000,2,2,10,140,30,8.0,1787362.2572815537
all,XGB,AL,410004000,3,0,0,120,24,4.0,1624458.5921325053
all,XGB,AL,410004000,3,1,10,130,25,4.0,1624458.5921325053
all,XGB,AL,410004000,3,2,10,140,27,4.0,1624458.5921325053
all,XGB,greedy,410004000,3,0,0,120,24,4.0,1624458.5921325053
all,XGB,greedy,410004000,3,1,10,130,32,6.0,1624458.5921325053
all,XGB,greedy,410004000,3,2,10,140,38,6.0,1624458.5921325053
all,XGB,guided,410004000,3,0,0,120,24,4.0,1624458.5921325053
all,XGB,guided,410004000,3,1,10,130,31,6.0,1624458.5921325053
all,XGB,guided,410004000,3,2,10,140,37,6.0,1624458.5921325053
all,XGB,AL,410004000,4,0,0,120,24,5.0,1716200.0000000002
all,XGB,AL,410004000,4,1,10,130,24,5.0,1716200.0000000002
all,XGB,AL,410004000,4,2,10,140,25,5.0,1716200.0000000002
all,XGB,greedy,410004000,4,0,0,120,24,5.0,1716200.0000000002
all,XGB,greedy,410004000,4,1,10,130,26,5.0,1716200.0000000002
all,XGB,greedy,410004000,4,2,10,140,31,6.0,1716200.0000000002
all,XGB,guided,410004000,4,0,0,120,24,5.0,1716200.0000000002
all,XGB,guided,410004000,4,1,10,130,27,6.0,1716200.0000000002
all,XGB,guided,410004000,4,2,10,140,29,6.0,1716200.0000000002
all,XGB,AL,410004000,5,0,0,120,24,8.0,1787362.2572815537
all,XGB,AL,410004000,5,1,10,130,26,10.0,1787362.2572815537
all,XGB,AL,410004000,5,2,10,140,26,10.0,1787362.2572815537
all,XGB,greedy,410004000,5,0,0,120,24,8.0,1787362.2572815537
all,XGB,greedy,410004000,5,1,10,130,26,8.0,1787362.2572815537
all,XGB,greedy,410004000,5,2,10,140,28,8.0,1787362.2572815537
all,XGB,guided,410004000,5,0,0,120,24,8.0,1787362.2572815537
all,XGB,guided,410004000,5,1,10,130,28,9.0,1787362.2572815537
all,XGB,guided,410004000,5,2,10,140,30,10.0,1787362.2572815537
all,XGB,AL,410004000,6,0,0,120,24,3.0,1781776.380153739
all,XGB,AL,410004000,6,1,10,130,26,3.0,1781776.380153739
all,XGB,AL,410004000,6,2,10,140,27,3.0,1781776.380153739
all,XGB,greedy,410004000,6,0,0,120,24,3.0,1781776.380153739
all,XGB,greedy,410004000,6,1,10,130,29,4.0,1781776.380153739
all,XGB,greedy,410004000,6,2,10,140,34,4.0,1781776.380153739
all,XGB,guided,410004000,6,0,0,120,24,3.0,1781776.380153739
all,XGB,guided,410004000,6,1,10,130,29,4.0,1781776.380153739
all,XGB,guided,410004000,6,2,10,140,33,5.0,1781776.380153739
all,XGB,AL,410004000,7,0,0,120,24,5.0,1787362.2572815537
all,XGB,AL,410004000,7,1,10,130,25,6.0,1787362.2572815537
all,XGB,AL,410004000,7,2,10,140,27,7.0,1787362.2572815537
all,XGB,greedy,410004000,7,0,0,120,24,5.0,1787362.2572815537
all,XGB,greedy,410004000,7,1,10,130,27,6.0,1787362.2572815537
all,XGB,greedy,410004000,7,2,10,140,28,6.0,1787362.2572815537
all,XGB,guided,410004000,7,0,0,120,24,5.0,1787362.2572815537
all,XGB,guided,410004000,7,1,10,130,29,7.0,1787362.2572815537
all,XGB,guided,410004000,7,2,10,140,30,7.0,1787362.2572815537
all,XGB,AL,410004000,8,0,0,120,24,6.0,1646742.3208191127
all,XGB,AL,410004000,8,1,10,130,27,7.0,1741740.740740741
all,XGB,AL,410004000,8,2,10,140,29,9.0,1741740.740740741
all,XGB,greedy,410004000,8,0,0,120,24,6.0,1646742.3208191127
all,XGB,greedy,410004000,8,1,10,130,29,7.0,1646742.3208191127
all,XGB,greedy,410004000,8,2,10,140,36,7.0,1646742.3208191127
all,XGB,guided,410004000,8,0,0,120,24,6.0,1646742.3208191127
all,XGB,guided,410004000,8,1,10,130,31,8.0,1741740.740740741
all,XGB,guided,410004000,8,2,10,140,35,9.0,1741740.740740741
all,XGB,AL,410004000,9,0,0,120,24,4.0,1781776.380153739
all,XGB,AL,410004000,9,1,10,130,24,4.0,1781776.380153739
all,XGB,AL,410004000,9,2,10,140,24,4.0,1781776.380153739
all,XGB,greedy,410004000,9,0,0,120,24,4.0,1781776.380153739
all,XGB,greedy,410004000,9,1,10,130,27,4.0,1781776.380153739
all,XGB,greedy,410004000,9,2,10,140,31,7.0,1781776.380153739
all,XGB,guided,410004000,9,0,0,120,24,4.0,1781776.380153739
all,XGB,guided,410004000,9,1,10,130,28,4.0,1781776.380153739
all,XGB,guided,410004000,9,2,10,140,32,6.0,1781776.380153739
all,XGB,AL,410004000,10,0,0,120,24,6.0,1572010.7095046854
all,XGB,AL,410004000,10,1,10,130,25,7.0,1716200.0000000002
all,XGB,AL,410004000,10,2,10,140,25,7.0,1716200.0000000002
all,XGB,greedy,410004000,10,0,0,120,24,6.0,1572010.7095046854
all,XGB,greedy,410004000,10,1,10,130,27,7.0,1572010.7095046854
all,XGB,greedy,410004000,10,2,10,140,29,7.0,1572010.7095046854
all,XGB,guided,410004000,10,0,0,120,24,6.0,1572010.7095046854
all,XGB,guided,410004000,10,1,10,130,29,8.0,1572010.7095046854
all,XGB,guided,410004000,10,2,10,140,30,8.0,1572010.7095046854
all,XGB,AL,410004000,11,0,0,120,24,8.0,1787362.2572815537
all,XGB,AL,410004000,11,1,10,130,25,8.0,1787362.2572815537
all,XGB,AL,410004000,11,2,10,140,26,8.0,1787362.2572815537
all,XGB,greedy,410004000,11,0,0,120,24,8.0,1787362.2572815537
all,XGB,greedy,410004000,11,1,10,130,25,8.0,1787362.2572815537
all,XGB,greedy,410004000,11,2,10,140,29,10.0,1787362.2572815537
all,XGB,guided,410004000,11,0,0,120,24,8.0,1787362.2572815537
all,XGB,guided,410004000,11,1,10,130,28,9.0,1787362.2572815537
all,XGB,guided,410004000,11,2,10,140,28,9.0,1787362.2572815537
all,XGB,AL,410004000,12,0,0,120,24,6.0,1781776.380153739
all,XGB,AL,410004000,12,1,10,130,26,6.0,1781776.380153739
all,XGB,AL,410004000,12,2,10,140,26,6.0,1781776.380153739
all,XGB,greedy,410004000,12,0,0,120,24,6.0,1781776.380153739
all,XGB,greedy,410004000,12,1,10,130,27,6.0,1781776.380153739
all,XGB,greedy,410004000,12,2,10,140,29,6.0,1781776.380153739
all,XGB,guided,410004000,12,0,0,120,24,6.0,1781776.380153739
all,XGB,guided,410004000,12,1,10,130,26,6.0,1781776.380153739
all,XGB,guided,410004000,12,2,10,140,30,7.0,1781776.380153739
all,XGB,AL,410004000,13,0,0,120,24,6.0,1646742.3208191127
all,XGB,AL,410004000,13,1,10,130,25,6.0,1646742.3208191127
all,XGB,AL,410004000,13,2,10,140,26,6.0,1646742.3208191127
all,XGB,greedy,410004000,13,0,0,120,24,6.0,1646742.3208191127
all,XGB,greedy,410004000,13,1,10,130,27,6.0,1646742.3208191127
all,XGB,greedy,410004000,13,2,10,140,31,8.0,1646742.3208191127
all,XGB,guided,410004000,13,0,0,120,24,6.0,1646742.3208191127
all,XGB,guided,410004000,13,1,10,130,29,7.0,1741740.740740741
all,XGB,guided,410004000,13,2,10,140,32,8.0,1741740.740740741
all,XGB,AL,410004000,14,0,0,120,24,6.0,1716200.0000000002
all,XGB,AL,410004000,14,1,10,130,26,6.0,1716200.0000000002
all,XGB,AL,410004000,14,2,10,140,31,7.0,1787362.2572815537
all,XGB,greedy,410004000,14,0,0,120,24,6.0,1716200.0000000002
all,XGB,greedy,410004000,14,1,10,130,31,9.0,1781776.380153739
all,XGB,greedy,410004000,14,2,10,140,38,10.0,1781776.380153739
all,XGB,guided,410004000,14,0,0,120,24,6.0,1716200.0000000002
all,XGB,guided,410004000,14,1,10,130,30,7.0,1741740.740740741
all,XGB,guided,410004000,14,2,10,140,36,9.0,1781776.380153739
all,XGB,AL,410005000,0,0,0,120,24,5.0,1787362.2572815537
all,XGB,AL,410005000,0,1,10,130,27,6.0,1787362.2572815537
all,XGB,AL,410005000,0,2,10,140,29,7.0,1787362.2572815537
all,XGB,greedy,410005000,0,0,0,120,24,5.0,1787362.2572815537
all,XGB,greedy,410005000,0,1,10,130,26,5.0,1787362.2572815537
all,XGB,greedy,410005000,0,2,10,140,29,7.0,1787362.2572815537
all,XGB,guided,410005000,0,0,0,120,24,5.0,1787362.2572815537
all,XGB,guided,410005000,0,1,10,130,29,6.0,1787362.2572815537
all,XGB,guided,410005000,0,2,10,140,30,6.0,1787362.2572815537
all,XGB,AL,410005000,1,0,0,120,24,6.0,1787362.2572815537
all,XGB,AL,410005000,1,1,10,130,24,6.0,1787362.2572815537
all,XGB,AL,410005000,1,2,10,140,27,8.0,1787362.2572815537
all,XGB,greedy,410005000,1,0,0,120,24,6.0,1787362.2572815537
all,XGB,greedy,410005000,1,1,10,130,26,7.0,1787362.2572815537
all,XGB,greedy,410005000,1,2,10,140,26,7.0,1787362.2572815537
all,XGB,guided,410005000,1,0,0,120,24,6.0,1787362.2572815537
all,XGB,guided,410005000,1,1,10,130,28,8.0,1787362.2572815537
all,XGB,guided,410005000,1,2,10,140,28,8.0,1787362.2572815537
all,XGB,AL,410005000,2,0,0,120,24,2.0,1470439.1005621487
all,XGB,AL,410005000,2,1,10,130,25,2.0,1470439.1005621487
all,XGB,AL,410005000,2,2,10,140,25,2.0,1470439.1005621487
all,XGB,greedy,410005000,2,0,0,120,24,2.0,1470439.1005621487
all,XGB,greedy,410005000,2,1,10,130,28,3.0,1470439.1005621487
all,XGB,greedy,410005000,2,2,10,140,30,3.0,1470439.1005621487
all,XGB,guided,410005000,2,0,0,120,24,2.0,1470439.1005621487
all,XGB,guided,410005000,2,1,10,130,29,4.0,1716200.0000000002
all,XGB,guided,410005000,2,2,10,140,31,4.0,1716200.0000000002
all,XGB,AL,410005000,3,0,0,120,24,5.0,1787362.2572815537
all,XGB,AL,410005000,3,1,10,130,24,5.0,1787362.2572815537
all,XGB,AL,410005000,3,2,10,140,26,5.0,1787362.2572815537
all,XGB,greedy,410005000,3,0,0,120,24,5.0,1787362.2572815537
all,XGB,greedy,410005000,3,1,10,130,27,5.0,1787362.2572815537
all,XGB,greedy,410005000,3,2,10,140,30,7.0,1787362.2572815537
all,XGB,guided,410005000,3,0,0,120,24,5.0,1787362.2572815537
all,XGB,guided,410005000,3,1,10,130,30,6.0,1787362.2572815537
all,XGB,guided,410005000,3,2,10,140,34,8.0,1787362.2572815537
all,XGB,AL,410005000,4,0,0,120,24,7.0,1787362.2572815537
all,XGB,AL,410005000,4,1,10,130,24,7.0,1787362.2572815537
all,XGB,AL,410005000,4,2,10,140,24,7.0,1787362.2572815537
all,XGB,greedy,410005000,4,0,0,120,24,7.0,1787362.2572815537
all,XGB,greedy,410005000,4,1,10,130,28,8.0,1787362.2572815537
all,XGB,greedy,410005000,4,2,10,140,31,9.0,1787362.2572815537
all,XGB,guided,410005000,4,0,0,120,24,7.0,1787362.2572815537
all,XGB,guided,410005000,4,1,10,130,29,8.0,1787362.2572815537
all,XGB,guided,410005000,4,2,10,140,31,9.0,1787362.2572815537
all,XGB,AL,410005000,5,0,0,120,24,8.0,1781776.380153739
all,XGB,AL,410005000,5,1,10,130,25,8.0,1781776.380153739
all,XGB,AL,410005000,5,2,10,140,26,8.0,1781776.380153739
all,XGB,greedy,410005000,5,0,0,120,24,8.0,1781776.380153739
all,XGB,greedy,410005000,5,1,10,130,28,9.0,1781776.380153739
all,XGB,greedy,410005000,5,2,10,140,30,10.0,1781776.380153739
all,XGB,guided,410005000,5,0,0,120,24,8.0,1781776.380153739
all,XGB,guided,410005000,5,1,10,130,29,8.0,1781776.380153739
all,XGB,guided,410005000,5,2,10,140,32,10.0,1781776.380153739
all,XGB,AL,410005000,6,0,0,120,24,4.0,1741740.740740741
all,XGB,AL,410005000,6,1,10,130,24,4.0,1741740.740740741
all,XGB,AL,410005000,6,2,10,140,27,6.0,1787362.2572815537
all,XGB,greedy,410005000,6,0,0,120,24,4.0,1741740.740740741
all,XGB,greedy,410005000,6,1,10,130,27,5.0,1741740.740740741
all,XGB,greedy,410005000,6,2,10,140,29,5.0,1741740.740740741
all,XGB,guided,410005000,6,0,0,120,24,4.0,1741740.740740741
all,XGB,guided,410005000,6,1,10,130,28,5.0,1781776.380153739
all,XGB,guided,410005000,6,2,10,140,31,5.0,1781776.380153739
all,XGB,AL,410005000,7,0,0,120,24,7.0,1716200.0000000002
all,XGB,AL,410005000,7,1,10,130,24,7.0,1716200.0000000002
all,XGB,AL,410005000,7,2,10,140,26,7.0,1716200.0000000002
all,XGB,greedy,410005000,7,0,0,120,24,7.0,1716200.0000000002
all,XGB,greedy,410005000,7,1,10,130,29,7.0,1716200.0000000002
all,XGB,greedy,410005000,7,2,10,140,33,8.0,1716200.0000000002
all,XGB,guided,410005000,7,0,0,120,24,7.0,1716200.0000000002
all,XGB,guided,410005000,7,1,10,130,30,7.0,1716200.0000000002
all,XGB,guided,410005000,7,2,10,140,33,8.0,1716200.0000000002
all,XGB,AL,410005000,8,0,0,120,24,10.0,1787362.2572815537
all,XGB,AL,410005000,8,1,10,130,24,10.0,1787362.2572815537
all,XGB,AL,410005000,8,2,10,140,25,11.0,1787362.2572815537
all,XGB,greedy,410005000,8,0,0,120,24,10.0,1787362.2572815537
all,XGB,greedy,410005000,8,1,10,130,27,11.0,1787362.2572815537
all,XGB,greedy,410005000,8,2,10,140,28,11.0,1787362.2572815537
all,XGB,guided,410005000,8,0,0,120,24,10.0,1787362.2572815537
all,XGB,guided,410005000,8,1,10,130,27,11.0,1787362.2572815537
all,XGB,guided,410005000,8,2,10,140,27,11.0,1787362.2572815537
all,XGB,AL,410005000,9,0,0,120,24,3.0,1716200.0000000002
all,XGB,AL,410005000,9,1,10,130,25,3.0,1716200.0000000002
all,XGB,AL,410005000,9,2,10,140,27,4.0,1716200.0000000002
all,XGB,greedy,410005000,9,0,0,120,24,3.0,1716200.0000000002
all,XGB,greedy,410005000,9,1,10,130,31,6.0,1741740.740740741
all,XGB,greedy,410005000,9,2,10,140,34,8.0,1741740.740740741
all,XGB,guided,410005000,9,0,0,120,24,3.0,1716200.0000000002
all,XGB,guided,410005000,9,1,10,130,31,4.0,1716200.0000000002
all,XGB,guided,410005000,9,2,10,140,35,7.0,1741740.740740741
all,XGB,AL,410005000,10,0,0,120,24,5.0,1787362.2572815537
all,XGB,AL,410005000,10,1,10,130,24,5.0,1787362.2572815537
all,XGB,AL,410005000,10,2,10,140,26,6.0,1787362.2572815537
all,XGB,greedy,410005000,10,0,0,120,24,5.0,1787362.2572815537
all,XGB,greedy,410005000,10,1,10,130,29,5.0,1787362.2572815537
all,XGB,greedy,410005000,10,2,10,140,37,5.0,1787362.2572815537
all,XGB,guided,410005000,10,0,0,120,24,5.0,1787362.2572815537
all,XGB,guided,410005000,10,1,10,130,30,6.0,1787362.2572815537
all,XGB,guided,410005000,10,2,10,140,32,6.0,1787362.2572815537
all,XGB,AL,410005000,11,0,0,120,24,8.0,1787362.2572815537
all,XGB,AL,410005000,11,1,10,130,26,8.0,1787362.2572815537
all,XGB,AL,410005000,11,2,10,140,28,8.0,1787362.2572815537
all,XGB,greedy,410005000,11,0,0,120,24,8.0,1787362.2572815537
all,XGB,greedy,410005000,11,1,10,130,24,8.0,1787362.2572815537
all,XGB,greedy,410005000,11,2,10,140,27,8.0,1787362.2572815537
all,XGB,guided,410005000,11,0,0,120,24,8.0,1787362.2572815537
all,XGB,guided,410005000,11,1,10,130,26,8.0,1787362.2572815537
all,XGB,guided,410005000,11,2,10,140,26,8.0,1787362.2572815537
all,XGB,AL,410005000,12,0,0,120,24,6.0,1572010.7095046854
all,XGB,AL,410005000,12,1,10,130,25,7.0,1572010.7095046854
all,XGB,AL,410005000,12,2,10,140,26,7.0,1572010.7095046854
all,XGB,greedy,410005000,12,0,0,120,24,6.0,1572010.7095046854
all,XGB,greedy,410005000,12,1,10,130,24,6.0,1572010.7095046854
all,XGB,greedy,410005000,12,2,10,140,28,6.0,1572010.7095046854
all,XGB,guided,410005000,12,0,0,120,24,6.0,1572010.7095046854
all,XGB,guided,410005000,12,1,10,130,26,7.0,1572010.7095046854
all,XGB,guided,410005000,12,2,10,140,28,7.0,1572010.7095046854
all,XGB,AL,410005000,13,0,0,120,24,5.0,1787362.2572815537
all,XGB,AL,410005000,13,1,10,130,26,6.0,1787362.2572815537
all,XGB,AL,410005000,13,2,10,140,28,6.0,1787362.2572815537
all,XGB,greedy,410005000,13,0,0,120,24,5.0,1787362.2572815537
all,XGB,greedy,410005000,13,1,10,130,29,7.0,1787362.2572815537
all,XGB,greedy,410005000,13,2,10,140,35,7.0,1787362.2572815537
all,XGB,guided,410005000,13,0,0,120,24,5.0,1787362.2572815537
all,XGB,guided,410005000,13,1,10,130,29,8.0,1787362.2572815537
all,XGB,guided,410005000,13,2,10,140,34,9.0,1787362.2572815537
all,XGB,AL,410005000,14,0,0,120,24,4.0,1572010.7095046854
all,XGB,AL,410005000,14,1,10,130,24,4.0,1572010.7095046854
all,XGB,AL,410005000,14,2,10,140,29,5.0,1643030.692362598
all,XGB,greedy,410005000,14,0,0,120,24,4.0,1572010.7095046854
all,XGB,greedy,410005000,14,1,10,130,29,5.0,1572010.7095046854
all,XGB,greedy,410005000,14,2,10,140,33,5.0,1572010.7095046854
all,XGB,guided,410005000,14,0,0,120,24,4.0,1572010.7095046854
all,XGB,guided,410005000,14,1,10,130,29,4.0,1572010.7095046854
all,XGB,guided,410005000,14,2,10,140,34,5.0,1572010.7095046854
all,GPR,AL,410001000,0,0,0,120,24,7.0,1781776.380153739
all,GPR,AL,410001000,0,1,10,130,28,8.0,1781776.380153739
all,GPR,AL,410001000,0,2,10,140,31,9.0,1781776.380153739
all,GPR,greedy,410001000,0,0,0,120,24,7.0,1781776.380153739
all,GPR,greedy,410001000,0,1,10,130,26,9.0,1781776.380153739
all,GPR,greedy,410001000,0,2,10,140,27,9.0,1781776.380153739
all,GPR,guided,410001000,0,0,0,120,24,7.0,1781776.380153739
all,GPR,guided,410001000,0,1,10,130,29,9.0,1781776.380153739
all,GPR,guided,410001000,0,2,10,140,31,10.0,1781776.380153739
all,GPR,AL,410001000,1,0,0,120,24,9.0,1781776.380153739
all,GPR,AL,410001000,1,1,10,130,28,9.0,1781776.380153739
all,GPR,AL,410001000,1,2,10,140,32,9.0,1781776.380153739
all,GPR,greedy,410001000,1,0,0,120,24,9.0,1781776.380153739
all,GPR,greedy,410001000,1,1,10,130,27,9.0,1781776.380153739
all,GPR,greedy,410001000,1,2,10,140,32,11.0,1781776.380153739
all,GPR,guided,410001000,1,0,0,120,24,9.0,1781776.380153739
all,GPR,guided,410001000,1,1,10,130,29,9.0,1781776.380153739
all,GPR,guided,410001000,1,2,10,140,33,9.0,1781776.380153739
all,GPR,AL,410001000,2,0,0,120,24,6.0,1741740.740740741
all,GPR,AL,410001000,2,1,10,130,27,6.0,1741740.740740741
all,GPR,AL,410001000,2,2,10,140,28,6.0,1741740.740740741
all,GPR,greedy,410001000,2,0,0,120,24,6.0,1741740.740740741
all,GPR,greedy,410001000,2,1,10,130,26,6.0,1741740.740740741
all,GPR,greedy,410001000,2,2,10,140,31,8.0,1781776.380153739
all,GPR,guided,410001000,2,0,0,120,24,6.0,1741740.740740741
all,GPR,guided,410001000,2,1,10,130,27,6.0,1741740.740740741
all,GPR,guided,410001000,2,2,10,140,28,7.0,1781776.380153739
all,GPR,AL,410001000,3,0,0,120,24,5.0,1624458.5921325053
all,GPR,AL,410001000,3,1,10,130,26,5.0,1624458.5921325053
all,GPR,AL,410001000,3,2,10,140,30,6.0,1624458.5921325053
all,GPR,greedy,410001000,3,0,0,120,24,5.0,1624458.5921325053
all,GPR,greedy,410001000,3,1,10,130,28,7.0,1781776.380153739
all,GPR,greedy,410001000,3,2,10,140,32,10.0,1781776.380153739
all,GPR,guided,410001000,3,0,0,120,24,5.0,1624458.5921325053
all,GPR,guided,410001000,3,1,10,130,29,5.0,1624458.5921325053
all,GPR,guided,410001000,3,2,10,140,31,7.0,1781776.380153739
all,GPR,AL,410001000,4,0,0,120,24,7.0,1787362.2572815537
all,GPR,AL,410001000,4,1,10,130,26,7.0,1787362.2572815537
all,GPR,AL,410001000,4,2,10,140,30,7.0,1787362.2572815537
all,GPR,greedy,410001000,4,0,0,120,24,7.0,1787362.2572815537
all,GPR,greedy,410001000,4,1,10,130,29,8.0,1787362.2572815537
all,GPR,greedy,410001000,4,2,10,140,32,8.0,1787362.2572815537
all,GPR,guided,410001000,4,0,0,120,24,7.0,1787362.2572815537
all,GPR,guided,410001000,4,1,10,130,28,7.0,1787362.2572815537
all,GPR,guided,410001000,4,2,10,140,30,8.0,1787362.2572815537
all,GPR,AL,410001000,5,0,0,120,24,5.0,1741740.740740741
all,GPR,AL,410001000,5,1,10,130,26,5.0,1741740.740740741
all,GPR,AL,410001000,5,2,10,140,27,6.0,1741740.740740741
all,GPR,greedy,410001000,5,0,0,120,24,5.0,1741740.740740741
all,GPR,greedy,410001000,5,1,10,130,26,5.0,1741740.740740741
all,GPR,greedy,410001000,5,2,10,140,28,6.0,1741740.740740741
all,GPR,guided,410001000,5,0,0,120,24,5.0,1741740.740740741
all,GPR,guided,410001000,5,1,10,130,29,7.0,1781776.380153739
all,GPR,guided,410001000,5,2,10,140,30,7.0,1781776.380153739
all,GPR,AL,410001000,6,0,0,120,24,4.0,1470439.1005621487
all,GPR,AL,410001000,6,1,10,130,28,4.0,1470439.1005621487
all,GPR,AL,410001000,6,2,10,140,30,4.0,1470439.1005621487
all,GPR,greedy,410001000,6,0,0,120,24,4.0,1470439.1005621487
all,GPR,greedy,410001000,6,1,10,130,27,5.0,1470439.1005621487
all,GPR,greedy,410001000,6,2,10,140,29,5.0,1470439.1005621487
all,GPR,guided,410001000,6,0,0,120,24,4.0,1470439.1005621487
all,GPR,guided,410001000,6,1,10,130,29,6.0,1716200.0000000002
all,GPR,guided,410001000,6,2,10,140,30,6.0,1716200.0000000002
all,GPR,AL,410001000,7,0,0,120,24,5.0,1787362.2572815537
all,GPR,AL,410001000,7,1,10,130,25,5.0,1787362.2572815537
all,GPR,AL,410001000,7,2,10,140,27,6.0,1787362.2572815537
all,GPR,greedy,410001000,7,0,0,120,24,5.0,1787362.2572815537
all,GPR,greedy,410001000,7,1,10,130,24,5.0,1787362.2572815537
all,GPR,greedy,410001000,7,2,10,140,25,5.0,1787362.2572815537
all,GPR,guided,410001000,7,0,0,120,24,5.0,1787362.2572815537
all,GPR,guided,410001000,7,1,10,130,26,7.0,1787362.2572815537
all,GPR,guided,410001000,7,2,10,140,28,8.0,1787362.2572815537
all,GPR,AL,410001000,8,0,0,120,24,3.0,1781776.380153739
all,GPR,AL,410001000,8,1,10,130,29,4.0,1781776.380153739
all,GPR,AL,410001000,8,2,10,140,32,5.0,1781776.380153739
all,GPR,greedy,410001000,8,0,0,120,24,3.0,1781776.380153739
all,GPR,greedy,410001000,8,1,10,130,25,3.0,1781776.380153739
all,GPR,greedy,410001000,8,2,10,140,28,5.0,1781776.380153739
all,GPR,guided,410001000,8,0,0,120,24,3.0,1781776.380153739
all,GPR,guided,410001000,8,1,10,130,27,5.0,1781776.380153739
all,GPR,guided,410001000,8,2,10,140,28,6.0,1781776.380153739
all,GPR,AL,410001000,9,0,0,120,24,6.0,1624458.5921325053
all,GPR,AL,410001000,9,1,10,130,26,6.0,1624458.5921325053
all,GPR,AL,410001000,9,2,10,140,31,7.0,1643030.692362598
all,GPR,greedy,410001000,9,0,0,120,24,6.0,1624458.5921325053
all,GPR,greedy,410001000,9,1,10,130,26,6.0,1624458.5921325053
all,GPR,greedy,410001000,9,2,10,140,31,7.0,1781776.380153739
all,GPR,guided,410001000,9,0,0,120,24,6.0,1624458.5921325053
all,GPR,guided,410001000,9,1,10,130,27,7.0,1624458.5921325053
all,GPR,guided,410001000,9,2,10,140,30,7.0,1624458.5921325053
all,GPR,AL,410001000,10,0,0,120,24,8.0,1716200.0000000002
all,GPR,AL,410001000,10,1,10,130,26,8.0,1716200.0000000002
all,GPR,AL,410001000,10,2,10,140,29,8.0,1716200.0000000002
all,GPR,greedy,410001000,10,0,0,120,24,8.0,1716200.0000000002
all,GPR,greedy,410001000,10,1,10,130,28,10.0,1781776.380153739
all,GPR,greedy,410001000,10,2,10,140,31,10.0,1781776.380153739
all,GPR,guided,410001000,10,0,0,120,24,8.0,1716200.0000000002
all,GPR,guided,410001000,10,1,10,130,30,10.0,1781776.380153739
all,GPR,guided,410001000,10,2,10,140,30,10.0,1781776.380153739
all,GPR,AL,410001000,11,0,0,120,24,5.0,1741740.740740741
all,GPR,AL,410001000,11,1,10,130,26,5.0,1741740.740740741
all,GPR,AL,410001000,11,2,10,140,29,7.0,1741740.740740741
all,GPR,greedy,410001000,11,0,0,120,24,5.0,1741740.740740741
all,GPR,greedy,410001000,11,1,10,130,29,5.0,1741740.740740741
all,GPR,greedy,410001000,11,2,10,140,34,6.0,1741740.740740741
all,GPR,guided,410001000,11,0,0,120,24,5.0,1741740.740740741
all,GPR,guided,410001000,11,1,10,130,29,6.0,1741740.740740741
all,GPR,guided,410001000,11,2,10,140,34,8.0,1741740.740740741
all,GPR,AL,410001000,12,0,0,120,24,7.0,1716200.0000000002
all,GPR,AL,410001000,12,1,10,130,24,7.0,1716200.0000000002
all,GPR,AL,410001000,12,2,10,140,25,8.0,1716200.0000000002
all,GPR,greedy,410001000,12,0,0,120,24,7.0,1716200.0000000002
all,GPR,greedy,410001000,12,1,10,130,24,7.0,1716200.0000000002
all,GPR,greedy,410001000,12,2,10,140,24,7.0,1716200.0000000002
all,GPR,guided,410001000,12,0,0,120,24,7.0,1716200.0000000002
all,GPR,guided,410001000,12,1,10,130,25,8.0,1716200.0000000002
all,GPR,guided,410001000,12,2,10,140,26,8.0,1716200.0000000002
all,GPR,AL,410001000,13,0,0,120,24,3.0,1534929.0322580645
all,GPR,AL,410001000,13,1,10,130,26,3.0,1534929.0322580645
all,GPR,AL,410001000,13,2,10,140,27,4.0,1568230.9482257126
all,GPR,greedy,410001000,13,0,0,120,24,3.0,1534929.0322580645
all,GPR,greedy,410001000,13,1,10,130,27,3.0,1534929.0322580645
all,GPR,greedy,410001000,13,2,10,140,30,3.0,1534929.0322580645
all,GPR,guided,410001000,13,0,0,120,24,3.0,1534929.0322580645
all,GPR,guided,410001000,13,1,10,130,28,5.0,1781776.380153739
all,GPR,guided,410001000,13,2,10,140,31,5.0,1781776.380153739
all,GPR,AL,410001000,14,0,0,120,24,6.0,1646742.3208191127
all,GPR,AL,410001000,14,1,10,130,31,7.0,1646742.3208191127
all,GPR,AL,410001000,14,2,10,140,34,7.0,1646742.3208191127
all,GPR,greedy,410001000,14,0,0,120,24,6.0,1646742.3208191127
all,GPR,greedy,410001000,14,1,10,130,28,6.0,1646742.3208191127
all,GPR,greedy,410001000,14,2,10,140,35,9.0,1781776.380153739
all,GPR,guided,410001000,14,0,0,120,24,6.0,1646742.3208191127
all,GPR,guided,410001000,14,1,10,130,28,9.0,1781776.380153739
all,GPR,guided,410001000,14,2,10,140,31,9.0,1781776.380153739
all,GPR,AL,410002000,0,0,0,120,24,8.0,1646742.3208191127
all,GPR,AL,410002000,0,1,10,130,26,8.0,1646742.3208191127
all,GPR,AL,410002000,0,2,10,140,28,8.0,1646742.3208191127
all,GPR,greedy,410002000,0,0,0,120,24,8.0,1646742.3208191127
all,GPR,greedy,410002000,0,1,10,130,25,9.0,1741740.740740741
all,GPR,greedy,410002000,0,2,10,140,30,9.0,1741740.740740741
all,GPR,guided,410002000,0,0,0,120,24,8.0,1646742.3208191127
all,GPR,guided,410002000,0,1,10,130,30,10.0,1781776.380153739
all,GPR,guided,410002000,0,2,10,140,33,10.0,1781776.380153739
all,GPR,AL,410002000,1,0,0,120,24,6.0,1643030.692362598
all,GPR,AL,410002000,1,1,10,130,27,6.0,1643030.692362598
all,GPR,AL,410002000,1,2,10,140,34,6.0,1643030.692362598
all,GPR,greedy,410002000,1,0,0,120,24,6.0,1643030.692362598
all,GPR,greedy,410002000,1,1,10,130,27,7.0,1781776.380153739
all,GPR,greedy,410002000,1,2,10,140,30,9.0,1781776.380153739
all,GPR,guided,410002000,1,0,0,120,24,6.0,1643030.692362598
all,GPR,guided,410002000,1,1,10,130,25,6.0,1643030.692362598
all,GPR,guided,410002000,1,2,10,140,31,7.0,1781776.380153739
all,GPR,AL,410002000,2,0,0,120,24,8.0,1741740.740740741
all,GPR,AL,410002000,2,1,10,130,25,8.0,1741740.740740741
all,GPR,AL,410002000,2,2,10,140,26,8.0,1741740.740740741
all,GPR,greedy,410002000,2,0,0,120,24,8.0,1741740.740740741
all,GPR,greedy,410002000,2,1,10,130,24,8.0,1741740.740740741
all,GPR,greedy,410002000,2,2,10,140,25,9.0,1741740.740740741
all,GPR,guided,410002000,2,0,0,120,24,8.0,1741740.740740741
all,GPR,guided,410002000,2,1,10,130,26,10.0,1741740.740740741
all,GPR,guided,410002000,2,2,10,140,26,10.0,1741740.740740741
all,GPR,AL,410002000,3,0,0,120,24,7.0,1741740.740740741
all,GPR,AL,410002000,3,1,10,130,24,7.0,1741740.740740741
all,GPR,AL,410002000,3,2,10,140,27,7.0,1741740.740740741
all,GPR,greedy,410002000,3,0,0,120,24,7.0,1741740.740740741
all,GPR,greedy,410002000,3,1,10,130,29,7.0,1741740.740740741
all,GPR,greedy,410002000,3,2,10,140,34,10.0,1781776.380153739
all,GPR,guided,410002000,3,0,0,120,24,7.0,1741740.740740741
all,GPR,guided,410002000,3,1,10,130,31,9.0,1741740.740740741
all,GPR,guided,410002000,3,2,10,140,34,9.0,1741740.740740741
all,GPR,AL,410002000,4,0,0,120,24,11.0,1741740.740740741
all,GPR,AL,410002000,4,1,10,130,24,11.0,1741740.740740741
all,GPR,AL,410002000,4,2,10,140,25,11.0,1741740.740740741
all,GPR,greedy,410002000,4,0,0,120,24,11.0,1741740.740740741
all,GPR,greedy,410002000,4,1,10,130,26,13.0,1781776.380153739
all,GPR,greedy,410002000,4,2,10,140,28,14.0,1781776.380153739
all,GPR,guided,410002000,4,0,0,120,24,11.0,1741740.740740741
all,GPR,guided,410002000,4,1,10,130,27,13.0,1741740.740740741
all,GPR,guided,410002000,4,2,10,140,28,14.0,1781776.380153739
all,GPR,AL,410002000,5,0,0,120,24,4.0,1787362.2572815537
all,GPR,AL,410002000,5,1,10,130,28,4.0,1787362.2572815537
all,GPR,AL,410002000,5,2,10,140,31,4.0,1787362.2572815537
all,GPR,greedy,410002000,5,0,0,120,24,4.0,1787362.2572815537
all,GPR,greedy,410002000,5,1,10,130,28,6.0,1787362.2572815537
all,GPR,greedy,410002000,5,2,10,140,31,8.0,1787362.2572815537
all,GPR,guided,410002000,5,0,0,120,24,4.0,1787362.2572815537
all,GPR,guided,410002000,5,1,10,130,28,5.0,1787362.2572815537
all,GPR,guided,410002000,5,2,10,140,30,7.0,1787362.2572815537
all,GPR,AL,410002000,6,0,0,120,24,5.0,1646742.3208191127
all,GPR,AL,410002000,6,1,10,130,25,6.0,1646742.3208191127
all,GPR,AL,410002000,6,2,10,140,26,6.0,1646742.3208191127
all,GPR,greedy,410002000,6,0,0,120,24,5.0,1646742.3208191127
all,GPR,greedy,410002000,6,1,10,130,27,7.0,1781776.380153739
all,GPR,greedy,410002000,6,2,10,140,30,8.0,1781776.380153739
all,GPR,guided,410002000,6,0,0,120,24,5.0,1646742.3208191127
all,GPR,guided,410002000,6,1,10,130,28,7.0,1741740.740740741
all,GPR,guided,410002000,6,2,10,140,31,9.0,1781776.380153739
all,GPR,AL,410002000,7,0,0,120,24,7.0,1781776.380153739
all,GPR,AL,410002000,7,1,10,130,27,7.0,1781776.380153739
all,GPR,AL,410002000,7,2,10,140,32,7.0,1781776.380153739
all,GPR,greedy,410002000,7,0,0,120,24,7.0,1781776.380153739
all,GPR,greedy,410002000,7,1,10,130,27,7.0,1781776.380153739
all,GPR,greedy,410002000,7,2,10,140,30,8.0,1781776.380153739
all,GPR,guided,410002000,7,0,0,120,24,7.0,1781776.380153739
all,GPR,guided,410002000,7,1,10,130,28,7.0,1781776.380153739
all,GPR,guided,410002000,7,2,10,140,30,7.0,1781776.380153739
all,GPR,AL,410002000,8,0,0,120,24,6.0,1787362.2572815537
all,GPR,AL,410002000,8,1,10,130,27,6.0,1787362.2572815537
all,GPR,AL,410002000,8,2,10,140,30,8.0,1787362.2572815537
all,GPR,greedy,410002000,8,0,0,120,24,6.0,1787362.2572815537
all,GPR,greedy,410002000,8,1,10,130,28,7.0,1787362.2572815537
all,GPR,greedy,410002000,8,2,10,140,30,9.0,1787362.2572815537
all,GPR,guided,410002000,8,0,0,120,24,6.0,1787362.2572815537
all,GPR,guided,410002000,8,1,10,130,32,9.0,1787362.2572815537
all,GPR,guided,410002000,8,2,10,140,34,9.0,1787362.2572815537
all,GPR,AL,410002000,9,0,0,120,24,5.0,1624458.5921325053
all,GPR,AL,410002000,9,1,10,130,30,7.0,1643030.692362598
all,GPR,AL,410002000,9,2,10,140,34,7.0,1643030.692362598
all,GPR,greedy,410002000,9,0,0,120,24,5.0,1624458.5921325053
all,GPR,greedy,410002000,9,1,10,130,27,6.0,1624458.5921325053
all,GPR,greedy,410002000,9,2,10,140,29,6.0,1624458.5921325053
all,GPR,guided,410002000,9,0,0,120,24,5.0,1624458.5921325053
all,GPR,guided,410002000,9,1,10,130,28,7.0,1624458.5921325053
all,GPR,guided,410002000,9,2,10,140,29,7.0,1624458.5921325053
all,GPR,AL,410002000,10,0,0,120,24,9.0,1781776.380153739
all,GPR,AL,410002000,10,1,10,130,25,9.0,1781776.380153739
all,GPR,AL,410002000,10,2,10,140,32,10.0,1781776.380153739
all,GPR,greedy,410002000,10,0,0,120,24,9.0,1781776.380153739
all,GPR,greedy,410002000,10,1,10,130,27,9.0,1781776.380153739
all,GPR,greedy,410002000,10,2,10,140,30,10.0,1781776.380153739
all,GPR,guided,410002000,10,0,0,120,24,9.0,1781776.380153739
all,GPR,guided,410002000,10,1,10,130,29,10.0,1781776.380153739
all,GPR,guided,410002000,10,2,10,140,30,10.0,1781776.380153739
all,GPR,AL,410002000,11,0,0,120,24,9.0,1741740.740740741
all,GPR,AL,410002000,11,1,10,130,25,9.0,1741740.740740741
all,GPR,AL,410002000,11,2,10,140,31,9.0,1741740.740740741
all,GPR,greedy,410002000,11,0,0,120,24,9.0,1741740.740740741
all,GPR,greedy,410002000,11,1,10,130,28,11.0,1781776.380153739
all,GPR,greedy,410002000,11,2,10,140,29,11.0,1781776.380153739
all,GPR,guided,410002000,11,0,0,120,24,9.0,1741740.740740741
all,GPR,guided,410002000,11,1,10,130,28,10.0,1741740.740740741
all,GPR,guided,410002000,11,2,10,140,31,11.0,1781776.380153739
all,GPR,AL,410002000,12,0,0,120,24,4.0,1568230.9482257126
all,GPR,AL,410002000,12,1,10,130,29,5.0,1781776.380153739
all,GPR,AL,410002000,12,2,10,140,31,5.0,1781776.380153739
all,GPR,greedy,410002000,12,0,0,120,24,4.0,1568230.9482257126
all,GPR,greedy,410002000,12,1,10,130,29,5.0,1568230.9482257126
all,GPR,greedy,410002000,12,2,10,140,35,7.0,1781776.380153739
all,GPR,guided,410002000,12,0,0,120,24,4.0,1568230.9482257126
all,GPR,guided,410002000,12,1,10,130,29,5.0,1716200.0000000002
all,GPR,guided,410002000,12,2,10,140,33,7.0,1781776.380153739
all,GPR,AL,410002000,13,0,0,120,24,6.0,1781776.380153739
all,GPR,AL,410002000,13,1,10,130,27,6.0,1781776.380153739
all,GPR,AL,410002000,13,2,10,140,32,6.0,1781776.380153739
all,GPR,greedy,410002000,13,0,0,120,24,6.0,1781776.380153739
all,GPR,greedy,410002000,13,1,10,130,29,6.0,1781776.380153739
all,GPR,greedy,410002000,13,2,10,140,32,7.0,1781776.380153739
all,GPR,guided,410002000,13,0,0,120,24,6.0,1781776.380153739
all,GPR,guided,410002000,13,1,10,130,29,6.0,1781776.380153739
all,GPR,guided,410002000,13,2,10,140,32,7.0,1781776.380153739
all,GPR,AL,410002000,14,0,0,120,24,6.0,1470439.1005621487
all,GPR,AL,410002000,14,1,10,130,25,6.0,1470439.1005621487
all,GPR,AL,410002000,14,2,10,140,28,6.0,1470439.1005621487
all,GPR,greedy,410002000,14,0,0,120,24,6.0,1470439.1005621487
all,GPR,greedy,410002000,14,1,10,130,28,6.0,1470439.1005621487
all,GPR,greedy,410002000,14,2,10,140,30,7.0,1470439.1005621487
all,GPR,guided,410002000,14,0,0,120,24,6.0,1470439.1005621487
all,GPR,guided,410002000,14,1,10,130,30,9.0,1781776.380153739
all,GPR,guided,410002000,14,2,10,140,34,9.0,1781776.380153739
all,GPR,AL,410003000,0,0,0,120,24,7.0,1781776.380153739
all,GPR,AL,410003000,0,1,10,130,25,7.0,1781776.380153739
all,GPR,AL,410003000,0,2,10,140,26,7.0,1781776.380153739
all,GPR,greedy,410003000,0,0,0,120,24,7.0,1781776.380153739
all,GPR,greedy,410003000,0,1,10,130,27,7.0,1781776.380153739
all,GPR,greedy,410003000,0,2,10,140,28,7.0,1781776.380153739
all,GPR,guided,410003000,0,0,0,120,24,7.0,1781776.380153739
all,GPR,guided,410003000,0,1,10,130,30,7.0,1781776.380153739
all,GPR,guided,410003000,0,2,10,140,31,7.0,1781776.380153739
all,GPR,AL,410003000,1,0,0,120,24,5.0,1741740.740740741
all,GPR,AL,410003000,1,1,10,130,25,5.0,1741740.740740741
all,GPR,AL,410003000,1,2,10,140,28,6.0,1741740.740740741
all,GPR,greedy,410003000,1,0,0,120,24,5.0,1741740.740740741
all,GPR,greedy,410003000,1,1,10,130,28,7.0,1741740.740740741
all,GPR,greedy,410003000,1,2,10,140,34,9.0,1741740.740740741
all,GPR,guided,410003000,1,0,0,120,24,5.0,1741740.740740741
all,GPR,guided,410003000,1,1,10,130,29,7.0,1741740.740740741
all,GPR,guided,410003000,1,2,10,140,33,8.0,1741740.740740741
all,GPR,AL,410003000,2,0,0,120,24,9.0,1787362.2572815537
all,GPR,AL,410003000,2,1,10,130,28,10.0,1787362.2572815537
all,GPR,AL,410003000,2,2,10,140,30,10.0,1787362.2572815537
all,GPR,greedy,410003000,2,0,0,120,24,9.0,1787362.2572815537
all,GPR,greedy,410003000,2,1,10,130,27,9.0,1787362.2572815537
all,GPR,greedy,410003000,2,2,10,140,31,10.0,1787362.2572815537
all,GPR,guided,410003000,2,0,0,120,24,9.0,1787362.2572815537
all,GPR,guided,410003000,2,1,10,130,27,9.0,1787362.2572815537
all,GPR,guided,410003000,2,2,10,140,30,9.0,1787362.2572815537
all,GPR,AL,410003000,3,0,0,120,24,4.0,1787362.2572815537
all,GPR,AL,410003000,3,1,10,130,30,4.0,1787362.2572815537
all,GPR,AL,410003000,3,2,10,140,30,4.0,1787362.2572815537
all,GPR,greedy,410003000,3,0,0,120,24,4.0,1787362.2572815537
all,GPR,greedy,410003000,3,1,10,130,25,4.0,1787362.2572815537
all,GPR,greedy,410003000,3,2,10,140,28,4.0,1787362.2572815537
all,GPR,guided,410003000,3,0,0,120,24,4.0,1787362.2572815537
all,GPR,guided,410003000,3,1,10,130,29,6.0,1787362.2572815537
all,GPR,guided,410003000,3,2,10,140,30,6.0,1787362.2572815537
all,GPR,AL,410003000,4,0,0,120,24,4.0,1534929.0322580645
all,GPR,AL,410003000,4,1,10,130,28,5.0,1568230.9482257126
all,GPR,AL,410003000,4,2,10,140,29,6.0,1643030.692362598
all,GPR,greedy,410003000,4,0,0,120,24,4.0,1534929.0322580645
all,GPR,greedy,410003000,4,1,10,130,28,5.0,1781776.380153739
all,GPR,greedy,410003000,4,2,10,140,31,5.0,1781776.380153739
all,GPR,guided,410003000,4,0,0,120,24,4.0,1534929.0322580645
all,GPR,guided,410003000,4,1,10,130,30,6.0,1781776.380153739
all,GPR,guided,410003000,4,2,10,140,35,6.0,1781776.380153739
all,GPR,AL,410003000,5,0,0,120,24,0.0,1356279.4029850746
all,GPR,AL,410003000,5,1,10,130,30,0.0,1356279.4029850746
all,GPR,AL,410003000,5,2,10,140,33,1.0,1643030.692362598
all,GPR,greedy,410003000,5,0,0,120,24,0.0,1356279.4029850746
all,GPR,greedy,410003000,5,1,10,130,28,1.0,1534929.0322580645
all,GPR,greedy,410003000,5,2,10,140,29,1.0,1534929.0322580645
all,GPR,guided,410003000,5,0,0,120,24,0.0,1356279.4029850746
all,GPR,guided,410003000,5,1,10,130,29,2.0,1624458.5921325053
all,GPR,guided,410003000,5,2,10,140,32,2.0,1624458.5921325053
all,GPR,AL,410003000,6,0,0,120,24,5.0,1643030.692362598
all,GPR,AL,410003000,6,1,10,130,29,5.0,1643030.692362598
all,GPR,AL,410003000,6,2,10,140,33,7.0,1781776.380153739
all,GPR,greedy,410003000,6,0,0,120,24,5.0,1643030.692362598
all,GPR,greedy,410003000,6,1,10,130,29,7.0,1781776.380153739
all,GPR,greedy,410003000,6,2,10,140,33,7.0,1781776.380153739
all,GPR,guided,410003000,6,0,0,120,24,5.0,1643030.692362598
all,GPR,guided,410003000,6,1,10,130,30,7.0,1643030.692362598
all,GPR,guided,410003000,6,2,10,140,34,9.0,1781776.380153739
all,GPR,AL,410003000,7,0,0,120,24,7.0,1781776.380153739
all,GPR,AL,410003000,7,1,10,130,27,8.0,1781776.380153739
all,GPR,AL,410003000,7,2,10,140,30,9.0,1781776.380153739
all,GPR,greedy,410003000,7,0,0,120,24,7.0,1781776.380153739
all,GPR,greedy,410003000,7,1,10,130,27,7.0,1781776.380153739
all,GPR,greedy,410003000,7,2,10,140,32,10.0,1781776.380153739
all,GPR,guided,410003000,7,0,0,120,24,7.0,1781776.380153739
all,GPR,guided,410003000,7,1,10,130,27,7.0,1781776.380153739
all,GPR,guided,410003000,7,2,10,140,31,10.0,1781776.380153739
all,GPR,AL,410003000,8,0,0,120,24,8.0,1781776.380153739
all,GPR,AL,410003000,8,1,10,130,25,8.0,1781776.380153739
all,GPR,AL,410003000,8,2,10,140,27,9.0,1781776.380153739
all,GPR,greedy,410003000,8,0,0,120,24,8.0,1781776.380153739
all,GPR,greedy,410003000,8,1,10,130,24,8.0,1781776.380153739
all,GPR,greedy,410003000,8,2,10,140,26,9.0,1781776.380153739
all,GPR,guided,410003000,8,0,0,120,24,8.0,1781776.380153739
all,GPR,guided,410003000,8,1,10,130,28,10.0,1781776.380153739
all,GPR,guided,410003000,8,2,10,140,28,10.0,1781776.380153739
all,GPR,AL,410003000,9,0,0,120,24,4.0,1572010.7095046854
all,GPR,AL,410003000,9,1,10,130,28,4.0,1572010.7095046854
all,GPR,AL,410003000,9,2,10,140,31,6.0,1643030.692362598
all,GPR,greedy,410003000,9,0,0,120,24,4.0,1572010.7095046854
all,GPR,greedy,410003000,9,1,10,130,29,5.0,1572010.7095046854
all,GPR,greedy,410003000,9,2,10,140,30,5.0,1572010.7095046854
all,GPR,guided,410003000,9,0,0,120,24,4.0,1572010.7095046854
all,GPR,guided,410003000,9,1,10,130,28,6.0,1716200.0000000002
all,GPR,guided,410003000,9,2,10,140,31,6.0,1716200.0000000002
all,GPR,AL,410003000,10,0,0,120,24,5.0,1787362.2572815537
all,GPR,AL,410003000,10,1,10,130,26,5.0,1787362.2572815537
all,GPR,AL,410003000,10,2,10,140,29,5.0,1787362.2572815537
all,GPR,greedy,410003000,10,0,0,120,24,5.0,1787362.2572815537
all,GPR,greedy,410003000,10,1,10,130,27,5.0,1787362.2572815537
all,GPR,greedy,410003000,10,2,10,140,31,6.0,1787362.2572815537
all,GPR,guided,410003000,10,0,0,120,24,5.0,1787362.2572815537
all,GPR,guided,410003000,10,1,10,130,30,6.0,1787362.2572815537
all,GPR,guided,410003000,10,2,10,140,33,6.0,1787362.2572815537
all,GPR,AL,410003000,11,0,0,120,24,4.0,1534929.0322580645
all,GPR,AL,410003000,11,1,10,130,29,4.0,1534929.0322580645
all,GPR,AL,410003000,11,2,10,140,30,4.0,1534929.0322580645
all,GPR,greedy,410003000,11,0,0,120,24,4.0,1534929.0322580645
all,GPR,greedy,410003000,11,1,10,130,28,5.0,1534929.0322580645
all,GPR,greedy,410003000,11,2,10,140,30,5.0,1534929.0322580645
all,GPR,guided,410003000,11,0,0,120,24,4.0,1534929.0322580645
all,GPR,guided,410003000,11,1,10,130,29,6.0,1781776.380153739
all,GPR,guided,410003000,11,2,10,140,34,7.0,1781776.380153739
all,GPR,AL,410003000,12,0,0,120,24,6.0,1716200.0000000002
all,GPR,AL,410003000,12,1,10,130,26,7.0,1716200.0000000002
all,GPR,AL,410003000,12,2,10,140,31,10.0,1781776.380153739
all,GPR,greedy,410003000,12,0,0,120,24,6.0,1716200.0000000002
all,GPR,greedy,410003000,12,1,10,130,28,6.0,1716200.0000000002
all,GPR,greedy,410003000,12,2,10,140,29,7.0,1716200.0000000002
all,GPR,guided,410003000,12,0,0,120,24,6.0,1716200.0000000002
all,GPR,guided,410003000,12,1,10,130,28,6.0,1716200.0000000002
all,GPR,guided,410003000,12,2,10,140,34,8.0,1781776.380153739
all,GPR,AL,410003000,13,0,0,120,24,3.0,1624458.5921325053
all,GPR,AL,410003000,13,1,10,130,25,3.0,1624458.5921325053
all,GPR,AL,410003000,13,2,10,140,27,3.0,1624458.5921325053
all,GPR,greedy,410003000,13,0,0,120,24,3.0,1624458.5921325053
all,GPR,greedy,410003000,13,1,10,130,26,3.0,1624458.5921325053
all,GPR,greedy,410003000,13,2,10,140,28,3.0,1624458.5921325053
all,GPR,guided,410003000,13,0,0,120,24,3.0,1624458.5921325053
all,GPR,guided,410003000,13,1,10,130,28,5.0,1716200.0000000002
all,GPR,guided,410003000,13,2,10,140,30,5.0,1716200.0000000002
all,GPR,AL,410003000,14,0,0,120,24,5.0,1781776.380153739
all,GPR,AL,410003000,14,1,10,130,28,6.0,1781776.380153739
all,GPR,AL,410003000,14,2,10,140,31,6.0,1781776.380153739
all,GPR,greedy,410003000,14,0,0,120,24,5.0,1781776.380153739
all,GPR,greedy,410003000,14,1,10,130,29,5.0,1781776.380153739
all,GPR,greedy,410003000,14,2,10,140,31,5.0,1781776.380153739
all,GPR,guided,410003000,14,0,0,120,24,5.0,1781776.380153739
all,GPR,guided,410003000,14,1,10,130,30,7.0,1781776.380153739
all,GPR,guided,410003000,14,2,10,140,35,7.0,1781776.380153739
all,GPR,AL,410004000,0,0,0,120,24,5.0,1716200.0000000002
all,GPR,AL,410004000,0,1,10,130,31,6.0,1716200.0000000002
all,GPR,AL,410004000,0,2,10,140,34,6.0,1716200.0000000002
all,GPR,greedy,410004000,0,0,0,120,24,5.0,1716200.0000000002
all,GPR,greedy,410004000,0,1,10,130,30,6.0,1716200.0000000002
all,GPR,greedy,410004000,0,2,10,140,34,6.0,1716200.0000000002
all,GPR,guided,410004000,0,0,0,120,24,5.0,1716200.0000000002
all,GPR,guided,410004000,0,1,10,130,29,5.0,1716200.0000000002
all,GPR,guided,410004000,0,2,10,140,36,7.0,1781776.380153739
all,GPR,AL,410004000,1,0,0,120,24,5.0,1741740.740740741
all,GPR,AL,410004000,1,1,10,130,28,5.0,1741740.740740741
all,GPR,AL,410004000,1,2,10,140,30,5.0,1741740.740740741
all,GPR,greedy,410004000,1,0,0,120,24,5.0,1741740.740740741
all,GPR,greedy,410004000,1,1,10,130,29,7.0,1781776.380153739
all,GPR,greedy,410004000,1,2,10,140,33,10.0,1781776.380153739
all,GPR,guided,410004000,1,0,0,120,24,5.0,1741740.740740741
all,GPR,guided,410004000,1,1,10,130,29,7.0,1741740.740740741
all,GPR,guided,410004000,1,2,10,140,31,8.0,1781776.380153739
all,GPR,AL,410004000,2,0,0,120,24,8.0,1787362.2572815537
all,GPR,AL,410004000,2,1,10,130,25,8.0,1787362.2572815537
all,GPR,AL,410004000,2,2,10,140,27,8.0,1787362.2572815537
all,GPR,greedy,410004000,2,0,0,120,24,8.0,1787362.2572815537
all,GPR,greedy,410004000,2,1,10,130,27,9.0,1787362.2572815537
all,GPR,greedy,410004000,2,2,10,140,29,9.0,1787362.2572815537
all,GPR,guided,410004000,2,0,0,120,24,8.0,1787362.2572815537
all,GPR,guided,410004000,2,1,10,130,28,9.0,1787362.2572815537
all,GPR,guided,410004000,2,2,10,140,29,9.0,1787362.2572815537
all,GPR,AL,410004000,3,0,0,120,24,4.0,1624458.5921325053
all,GPR,AL,410004000,3,1,10,130,25,4.0,1624458.5921325053
all,GPR,AL,410004000,3,2,10,140,29,4.0,1624458.5921325053
all,GPR,greedy,410004000,3,0,0,120,24,4.0,1624458.5921325053
all,GPR,greedy,410004000,3,1,10,130,29,5.0,1741740.740740741
all,GPR,greedy,410004000,3,2,10,140,35,8.0,1741740.740740741
all,GPR,guided,410004000,3,0,0,120,24,4.0,1624458.5921325053
all,GPR,guided,410004000,3,1,10,130,29,6.0,1741740.740740741
all,GPR,guided,410004000,3,2,10,140,35,7.0,1741740.740740741
all,GPR,AL,410004000,4,0,0,120,24,5.0,1716200.0000000002
all,GPR,AL,410004000,4,1,10,130,27,5.0,1716200.0000000002
all,GPR,AL,410004000,4,2,10,140,31,7.0,1716200.0000000002
all,GPR,greedy,410004000,4,0,0,120,24,5.0,1716200.0000000002
all,GPR,greedy,410004000,4,1,10,130,28,5.0,1716200.0000000002
all,GPR,greedy,410004000,4,2,10,140,30,5.0,1716200.0000000002
all,GPR,guided,410004000,4,0,0,120,24,5.0,1716200.0000000002
all,GPR,guided,410004000,4,1,10,130,27,6.0,1716200.0000000002
all,GPR,guided,410004000,4,2,10,140,30,6.0,1716200.0000000002
all,GPR,AL,410004000,5,0,0,120,24,8.0,1787362.2572815537
all,GPR,AL,410004000,5,1,10,130,27,9.0,1787362.2572815537
all,GPR,AL,410004000,5,2,10,140,30,10.0,1787362.2572815537
all,GPR,greedy,410004000,5,0,0,120,24,8.0,1787362.2572815537
all,GPR,greedy,410004000,5,1,10,130,28,9.0,1787362.2572815537
all,GPR,greedy,410004000,5,2,10,140,30,10.0,1787362.2572815537
all,GPR,guided,410004000,5,0,0,120,24,8.0,1787362.2572815537
all,GPR,guided,410004000,5,1,10,130,29,9.0,1787362.2572815537
all,GPR,guided,410004000,5,2,10,140,32,10.0,1787362.2572815537
all,GPR,AL,410004000,6,0,0,120,24,3.0,1781776.380153739
all,GPR,AL,410004000,6,1,10,130,29,3.0,1781776.380153739
all,GPR,AL,410004000,6,2,10,140,34,5.0,1781776.380153739
all,GPR,greedy,410004000,6,0,0,120,24,3.0,1781776.380153739
all,GPR,greedy,410004000,6,1,10,130,28,4.0,1781776.380153739
all,GPR,greedy,410004000,6,2,10,140,32,5.0,1781776.380153739
all,GPR,guided,410004000,6,0,0,120,24,3.0,1781776.380153739
all,GPR,guided,410004000,6,1,10,130,29,4.0,1781776.380153739
all,GPR,guided,410004000,6,2,10,140,31,4.0,1781776.380153739
all,GPR,AL,410004000,7,0,0,120,24,5.0,1787362.2572815537
all,GPR,AL,410004000,7,1,10,130,27,6.0,1787362.2572815537
all,GPR,AL,410004000,7,2,10,140,28,7.0,1787362.2572815537
all,GPR,greedy,410004000,7,0,0,120,24,5.0,1787362.2572815537
all,GPR,greedy,410004000,7,1,10,130,26,5.0,1787362.2572815537
all,GPR,greedy,410004000,7,2,10,140,28,7.0,1787362.2572815537
all,GPR,guided,410004000,7,0,0,120,24,5.0,1787362.2572815537
all,GPR,guided,410004000,7,1,10,130,28,7.0,1787362.2572815537
all,GPR,guided,410004000,7,2,10,140,33,8.0,1787362.2572815537
all,GPR,AL,410004000,8,0,0,120,24,6.0,1646742.3208191127
all,GPR,AL,410004000,8,1,10,130,28,6.0,1646742.3208191127
all,GPR,AL,410004000,8,2,10,140,36,7.0,1646742.3208191127
all,GPR,greedy,410004000,8,0,0,120,24,6.0,1646742.3208191127
all,GPR,greedy,410004000,8,1,10,130,30,7.0,1781776.380153739
all,GPR,greedy,410004000,8,2,10,140,35,7.0,1781776.380153739
all,GPR,guided,410004000,8,0,0,120,24,6.0,1646742.3208191127
all,GPR,guided,410004000,8,1,10,130,30,8.0,1781776.380153739
all,GPR,guided,410004000,8,2,10,140,35,8.0,1781776.380153739
all,GPR,AL,410004000,9,0,0,120,24,4.0,1781776.380153739
all,GPR,AL,410004000,9,1,10,130,29,4.0,1781776.380153739
all,GPR,AL,410004000,9,2,10,140,32,4.0,1781776.380153739
all,GPR,greedy,410004000,9,0,0,120,24,4.0,1781776.380153739
all,GPR,greedy,410004000,9,1,10,130,28,5.0,1781776.380153739
all,GPR,greedy,410004000,9,2,10,140,31,5.0,1781776.380153739
all,GPR,guided,410004000,9,0,0,120,24,4.0,1781776.380153739
all,GPR,guided,410004000,9,1,10,130,27,4.0,1781776.380153739
all,GPR,guided,410004000,9,2,10,140,29,5.0,1781776.380153739
all,GPR,AL,410004000,10,0,0,120,24,6.0,1572010.7095046854
all,GPR,AL,410004000,10,1,10,130,27,6.0,1572010.7095046854
all,GPR,AL,410004000,10,2,10,140,29,7.0,1643030.692362598
all,GPR,greedy,410004000,10,0,0,120,24,6.0,1572010.7095046854
all,GPR,greedy,410004000,10,1,10,130,25,6.0,1572010.7095046854
all,GPR,greedy,410004000,10,2,10,140,28,6.0,1572010.7095046854
all,GPR,guided,410004000,10,0,0,120,24,6.0,1572010.7095046854
all,GPR,guided,410004000,10,1,10,130,28,7.0,1572010.7095046854
all,GPR,guided,410004000,10,2,10,140,29,7.0,1572010.7095046854
all,GPR,AL,410004000,11,0,0,120,24,8.0,1787362.2572815537
all,GPR,AL,410004000,11,1,10,130,27,8.0,1787362.2572815537
all,GPR,AL,410004000,11,2,10,140,31,8.0,1787362.2572815537
all,GPR,greedy,410004000,11,0,0,120,24,8.0,1787362.2572815537
all,GPR,greedy,410004000,11,1,10,130,25,8.0,1787362.2572815537
all,GPR,greedy,410004000,11,2,10,140,27,9.0,1787362.2572815537
all,GPR,guided,410004000,11,0,0,120,24,8.0,1787362.2572815537
all,GPR,guided,410004000,11,1,10,130,28,9.0,1787362.2572815537
all,GPR,guided,410004000,11,2,10,140,30,9.0,1787362.2572815537
all,GPR,AL,410004000,12,0,0,120,24,6.0,1781776.380153739
all,GPR,AL,410004000,12,1,10,130,25,6.0,1781776.380153739
all,GPR,AL,410004000,12,2,10,140,27,6.0,1781776.380153739
all,GPR,greedy,410004000,12,0,0,120,24,6.0,1781776.380153739
all,GPR,greedy,410004000,12,1,10,130,28,6.0,1781776.380153739
all,GPR,greedy,410004000,12,2,10,140,29,6.0,1781776.380153739
all,GPR,guided,410004000,12,0,0,120,24,6.0,1781776.380153739
all,GPR,guided,410004000,12,1,10,130,27,6.0,1781776.380153739
all,GPR,guided,410004000,12,2,10,140,29,6.0,1781776.380153739
all,GPR,AL,410004000,13,0,0,120,24,6.0,1646742.3208191127
all,GPR,AL,410004000,13,1,10,130,30,8.0,1741740.740740741
all,GPR,AL,410004000,13,2,10,140,30,8.0,1741740.740740741
all,GPR,greedy,410004000,13,0,0,120,24,6.0,1646742.3208191127
all,GPR,greedy,410004000,13,1,10,130,28,7.0,1646742.3208191127
all,GPR,greedy,410004000,13,2,10,140,30,8.0,1781776.380153739
all,GPR,guided,410004000,13,0,0,120,24,6.0,1646742.3208191127
all,GPR,guided,410004000,13,1,10,130,29,7.0,1741740.740740741
all,GPR,guided,410004000,13,2,10,140,33,9.0,1781776.380153739
all,GPR,AL,410004000,14,0,0,120,24,6.0,1716200.0000000002
all,GPR,AL,410004000,14,1,10,130,26,6.0,1716200.0000000002
all,GPR,AL,410004000,14,2,10,140,31,6.0,1716200.0000000002
all,GPR,greedy,410004000,14,0,0,120,24,6.0,1716200.0000000002
all,GPR,greedy,410004000,14,1,10,130,31,10.0,1781776.380153739
all,GPR,greedy,410004000,14,2,10,140,37,10.0,1781776.380153739
all,GPR,guided,410004000,14,0,0,120,24,6.0,1716200.0000000002
all,GPR,guided,410004000,14,1,10,130,30,8.0,1781776.380153739
all,GPR,guided,410004000,14,2,10,140,37,9.0,1781776.380153739
all,GPR,AL,410005000,0,0,0,120,24,5.0,1787362.2572815537
all,GPR,AL,410005000,0,1,10,130,25,5.0,1787362.2572815537
all,GPR,AL,410005000,0,2,10,140,27,5.0,1787362.2572815537
all,GPR,greedy,410005000,0,0,0,120,24,5.0,1787362.2572815537
all,GPR,greedy,410005000,0,1,10,130,28,6.0,1787362.2572815537
all,GPR,greedy,410005000,0,2,10,140,28,6.0,1787362.2572815537
all,GPR,guided,410005000,0,0,0,120,24,5.0,1787362.2572815537
all,GPR,guided,410005000,0,1,10,130,28,6.0,1787362.2572815537
all,GPR,guided,410005000,0,2,10,140,31,8.0,1787362.2572815537
all,GPR,AL,410005000,1,0,0,120,24,6.0,1787362.2572815537
all,GPR,AL,410005000,1,1,10,130,24,6.0,1787362.2572815537
all,GPR,AL,410005000,1,2,10,140,26,6.0,1787362.2572815537
all,GPR,greedy,410005000,1,0,0,120,24,6.0,1787362.2572815537
all,GPR,greedy,410005000,1,1,10,130,25,6.0,1787362.2572815537
all,GPR,greedy,410005000,1,2,10,140,28,8.0,1787362.2572815537
all,GPR,guided,410005000,1,0,0,120,24,6.0,1787362.2572815537
all,GPR,guided,410005000,1,1,10,130,27,7.0,1787362.2572815537
all,GPR,guided,410005000,1,2,10,140,29,8.0,1787362.2572815537
all,GPR,AL,410005000,2,0,0,120,24,2.0,1470439.1005621487
all,GPR,AL,410005000,2,1,10,130,27,2.0,1470439.1005621487
all,GPR,AL,410005000,2,2,10,140,33,4.0,1781776.380153739
all,GPR,greedy,410005000,2,0,0,120,24,2.0,1470439.1005621487
all,GPR,greedy,410005000,2,1,10,130,28,4.0,1470439.1005621487
all,GPR,greedy,410005000,2,2,10,140,33,5.0,1470439.1005621487
all,GPR,guided,410005000,2,0,0,120,24,2.0,1470439.1005621487
all,GPR,guided,410005000,2,1,10,130,30,4.0,1716200.0000000002
all,GPR,guided,410005000,2,2,10,140,32,4.0,1716200.0000000002
all,GPR,AL,410005000,3,0,0,120,24,5.0,1787362.2572815537
all,GPR,AL,410005000,3,1,10,130,27,5.0,1787362.2572815537
all,GPR,AL,410005000,3,2,10,140,30,5.0,1787362.2572815537
all,GPR,greedy,410005000,3,0,0,120,24,5.0,1787362.2572815537
all,GPR,greedy,410005000,3,1,10,130,28,7.0,1787362.2572815537
all,GPR,greedy,410005000,3,2,10,140,32,8.0,1787362.2572815537
all,GPR,guided,410005000,3,0,0,120,24,5.0,1787362.2572815537
all,GPR,guided,410005000,3,1,10,130,29,6.0,1787362.2572815537
all,GPR,guided,410005000,3,2,10,140,32,8.0,1787362.2572815537
all,GPR,AL,410005000,4,0,0,120,24,7.0,1787362.2572815537
all,GPR,AL,410005000,4,1,10,130,30,9.0,1787362.2572815537
all,GPR,AL,410005000,4,2,10,140,33,10.0,1787362.2572815537
all,GPR,greedy,410005000,4,0,0,120,24,7.0,1787362.2572815537
all,GPR,greedy,410005000,4,1,10,130,26,7.0,1787362.2572815537
all,GPR,greedy,410005000,4,2,10,140,29,8.0,1787362.2572815537
all,GPR,guided,410005000,4,0,0,120,24,7.0,1787362.2572815537
all,GPR,guided,410005000,4,1,10,130,28,8.0,1787362.2572815537
all,GPR,guided,410005000,4,2,10,140,32,9.0,1787362.2572815537
all,GPR,AL,410005000,5,0,0,120,24,8.0,1781776.380153739
all,GPR,AL,410005000,5,1,10,130,24,8.0,1781776.380153739
all,GPR,AL,410005000,5,2,10,140,29,8.0,1781776.380153739
all,GPR,greedy,410005000,5,0,0,120,24,8.0,1781776.380153739
all,GPR,greedy,410005000,5,1,10,130,27,8.0,1781776.380153739
all,GPR,greedy,410005000,5,2,10,140,29,9.0,1781776.380153739
all,GPR,guided,410005000,5,0,0,120,24,8.0,1781776.380153739
all,GPR,guided,410005000,5,1,10,130,29,8.0,1781776.380153739
all,GPR,guided,410005000,5,2,10,140,31,10.0,1781776.380153739
all,GPR,AL,410005000,6,0,0,120,24,4.0,1741740.740740741
all,GPR,AL,410005000,6,1,10,130,29,4.0,1741740.740740741
all,GPR,AL,410005000,6,2,10,140,32,4.0,1741740.740740741
all,GPR,greedy,410005000,6,0,0,120,24,4.0,1741740.740740741
all,GPR,greedy,410005000,6,1,10,130,28,6.0,1781776.380153739
all,GPR,greedy,410005000,6,2,10,140,31,7.0,1781776.380153739
all,GPR,guided,410005000,6,0,0,120,24,4.0,1741740.740740741
all,GPR,guided,410005000,6,1,10,130,29,6.0,1781776.380153739
all,GPR,guided,410005000,6,2,10,140,32,6.0,1781776.380153739
all,GPR,AL,410005000,7,0,0,120,24,7.0,1716200.0000000002
all,GPR,AL,410005000,7,1,10,130,27,7.0,1716200.0000000002
all,GPR,AL,410005000,7,2,10,140,29,7.0,1716200.0000000002
all,GPR,greedy,410005000,7,0,0,120,24,7.0,1716200.0000000002
all,GPR,greedy,410005000,7,1,10,130,27,7.0,1716200.0000000002
all,GPR,greedy,410005000,7,2,10,140,30,9.0,1716200.0000000002
all,GPR,guided,410005000,7,0,0,120,24,7.0,1716200.0000000002
all,GPR,guided,410005000,7,1,10,130,30,7.0,1716200.0000000002
all,GPR,guided,410005000,7,2,10,140,31,7.0,1716200.0000000002
all,GPR,AL,410005000,8,0,0,120,24,10.0,1787362.2572815537
all,GPR,AL,410005000,8,1,10,130,25,10.0,1787362.2572815537
all,GPR,AL,410005000,8,2,10,140,26,10.0,1787362.2572815537
all,GPR,greedy,410005000,8,0,0,120,24,10.0,1787362.2572815537
all,GPR,greedy,410005000,8,1,10,130,27,11.0,1787362.2572815537
all,GPR,greedy,410005000,8,2,10,140,27,11.0,1787362.2572815537
all,GPR,guided,410005000,8,0,0,120,24,10.0,1787362.2572815537
all,GPR,guided,410005000,8,1,10,130,27,11.0,1787362.2572815537
all,GPR,guided,410005000,8,2,10,140,27,11.0,1787362.2572815537
all,GPR,AL,410005000,9,0,0,120,24,3.0,1716200.0000000002
all,GPR,AL,410005000,9,1,10,130,26,3.0,1716200.0000000002
all,GPR,AL,410005000,9,2,10,140,30,3.0,1716200.0000000002
all,GPR,greedy,410005000,9,0,0,120,24,3.0,1716200.0000000002
all,GPR,greedy,410005000,9,1,10,130,30,4.0,1716200.0000000002
all,GPR,greedy,410005000,9,2,10,140,37,7.0,1741740.740740741
all,GPR,guided,410005000,9,0,0,120,24,3.0,1716200.0000000002
all,GPR,guided,410005000,9,1,10,130,31,5.0,1716200.0000000002
all,GPR,guided,410005000,9,2,10,140,33,5.0,1716200.0000000002
all,GPR,AL,410005000,10,0,0,120,24,5.0,1787362.2572815537
all,GPR,AL,410005000,10,1,10,130,27,5.0,1787362.2572815537
all,GPR,AL,410005000,10,2,10,140,28,5.0,1787362.2572815537
all,GPR,greedy,410005000,10,0,0,120,24,5.0,1787362.2572815537
all,GPR,greedy,410005000,10,1,10,130,27,6.0,1787362.2572815537
all,GPR,greedy,410005000,10,2,10,140,33,7.0,1787362.2572815537
all,GPR,guided,410005000,10,0,0,120,24,5.0,1787362.2572815537
all,GPR,guided,410005000,10,1,10,130,29,6.0,1787362.2572815537
all,GPR,guided,410005000,10,2,10,140,33,7.0,1787362.2572815537
all,GPR,AL,410005000,11,0,0,120,24,8.0,1787362.2572815537
all,GPR,AL,410005000,11,1,10,130,26,8.0,1787362.2572815537
all,GPR,AL,410005000,11,2,10,140,27,9.0,1787362.2572815537
all,GPR,greedy,410005000,11,0,0,120,24,8.0,1787362.2572815537
all,GPR,greedy,410005000,11,1,10,130,24,8.0,1787362.2572815537
all,GPR,greedy,410005000,11,2,10,140,25,9.0,1787362.2572815537
all,GPR,guided,410005000,11,0,0,120,24,8.0,1787362.2572815537
all,GPR,guided,410005000,11,1,10,130,26,8.0,1787362.2572815537
all,GPR,guided,410005000,11,2,10,140,28,9.0,1787362.2572815537
all,GPR,AL,410005000,12,0,0,120,24,6.0,1572010.7095046854
all,GPR,AL,410005000,12,1,10,130,24,6.0,1572010.7095046854
all,GPR,AL,410005000,12,2,10,140,30,6.0,1572010.7095046854
all,GPR,greedy,410005000,12,0,0,120,24,6.0,1572010.7095046854
all,GPR,greedy,410005000,12,1,10,130,26,7.0,1781776.380153739
all,GPR,greedy,410005000,12,2,10,140,30,8.0,1781776.380153739
all,GPR,guided,410005000,12,0,0,120,24,6.0,1572010.7095046854
all,GPR,guided,410005000,12,1,10,130,27,8.0,1781776.380153739
all,GPR,guided,410005000,12,2,10,140,31,8.0,1781776.380153739
all,GPR,AL,410005000,13,0,0,120,24,5.0,1787362.2572815537
all,GPR,AL,410005000,13,1,10,130,27,5.0,1787362.2572815537
all,GPR,AL,410005000,13,2,10,140,32,6.0,1787362.2572815537
all,GPR,greedy,410005000,13,0,0,120,24,5.0,1787362.2572815537
all,GPR,greedy,410005000,13,1,10,130,29,7.0,1787362.2572815537
all,GPR,greedy,410005000,13,2,10,140,33,8.0,1787362.2572815537
all,GPR,guided,410005000,13,0,0,120,24,5.0,1787362.2572815537
all,GPR,guided,410005000,13,1,10,130,30,9.0,1787362.2572815537
all,GPR,guided,410005000,13,2,10,140,35,9.0,1787362.2572815537
all,GPR,AL,410005000,14,0,0,120,24,4.0,1572010.7095046854
all,GPR,AL,410005000,14,1,10,130,28,4.0,1572010.7095046854
all,GPR,AL,410005000,14,2,10,140,31,4.0,1572010.7095046854
all,GPR,greedy,410005000,14,0,0,120,24,4.0,1572010.7095046854
all,GPR,greedy,410005000,14,1,10,130,29,4.0,1572010.7095046854
all,GPR,greedy,410005000,14,2,10,140,34,5.0,1741740.740740741
all,GPR,guided,410005000,14,0,0,120,24,4.0,1572010.7095046854
all,GPR,guided,410005000,14,1,10,130,30,4.0,1572010.7095046854
all,GPR,guided,410005000,14,2,10,140,33,4.0,1572010.7095046854
all,DNN,AL,410001000,0,0,0,120,24,7.0,1781776.380153739
all,DNN,AL,410001000,0,1,10,130,25,7.0,1781776.380153739
all,DNN,AL,410001000,0,2,10,140,28,8.0,1781776.380153739
all,DNN,greedy,410001000,0,0,0,120,24,7.0,1781776.380153739
all,DNN,greedy,410001000,0,1,10,130,27,9.0,1781776.380153739
all,DNN,greedy,410001000,0,2,10,140,32,9.0,1781776.380153739
all,DNN,guided,410001000,0,0,0,120,24,7.0,1781776.380153739
all,DNN,guided,410001000,0,1,10,130,29,9.0,1781776.380153739
all,DNN,guided,410001000,0,2,10,140,31,10.0,1781776.380153739
all,DNN,AL,410001000,1,0,0,120,24,9.0,1781776.380153739
all,DNN,AL,410001000,1,1,10,130,27,9.0,1781776.380153739
all,DNN,AL,410001000,1,2,10,140,27,9.0,1781776.380153739
all,DNN,greedy,410001000,1,0,0,120,24,9.0,1781776.380153739
all,DNN,greedy,410001000,1,1,10,130,28,9.0,1781776.380153739
all,DNN,greedy,410001000,1,2,10,140,32,10.0,1781776.380153739
all,DNN,guided,410001000,1,0,0,120,24,9.0,1781776.380153739
all,DNN,guided,410001000,1,1,10,130,30,9.0,1781776.380153739
all,DNN,guided,410001000,1,2,10,140,33,9.0,1781776.380153739
all,DNN,AL,410001000,2,0,0,120,24,6.0,1741740.740740741
all,DNN,AL,410001000,2,1,10,130,27,6.0,1741740.740740741
all,DNN,AL,410001000,2,2,10,140,27,6.0,1741740.740740741
all,DNN,greedy,410001000,2,0,0,120,24,6.0,1741740.740740741
all,DNN,greedy,410001000,2,1,10,130,26,6.0,1741740.740740741
all,DNN,greedy,410001000,2,2,10,140,30,7.0,1741740.740740741
all,DNN,guided,410001000,2,0,0,120,24,6.0,1741740.740740741
all,DNN,guided,410001000,2,1,10,130,25,6.0,1741740.740740741
all,DNN,guided,410001000,2,2,10,140,30,8.0,1781776.380153739
all,DNN,AL,410001000,3,0,0,120,24,5.0,1624458.5921325053
all,DNN,AL,410001000,3,1,10,130,28,6.0,1624458.5921325053
all,DNN,AL,410001000,3,2,10,140,29,6.0,1624458.5921325053
all,DNN,greedy,410001000,3,0,0,120,24,5.0,1624458.5921325053
all,DNN,greedy,410001000,3,1,10,130,28,7.0,1624458.5921325053
all,DNN,greedy,410001000,3,2,10,140,33,9.0,1781776.380153739
all,DNN,guided,410001000,3,0,0,120,24,5.0,1624458.5921325053
all,DNN,guided,410001000,3,1,10,130,29,6.0,1624458.5921325053
all,DNN,guided,410001000,3,2,10,140,32,7.0,1643030.692362598
all,DNN,AL,410001000,4,0,0,120,24,7.0,1787362.2572815537
all,DNN,AL,410001000,4,1,10,130,25,7.0,1787362.2572815537
all,DNN,AL,410001000,4,2,10,140,28,7.0,1787362.2572815537
all,DNN,greedy,410001000,4,0,0,120,24,7.0,1787362.2572815537
all,DNN,greedy,410001000,4,1,10,130,29,8.0,1787362.2572815537
all,DNN,greedy,410001000,4,2,10,140,32,8.0,1787362.2572815537
all,DNN,guided,410001000,4,0,0,120,24,7.0,1787362.2572815537
all,DNN,guided,410001000,4,1,10,130,28,7.0,1787362.2572815537
all,DNN,guided,410001000,4,2,10,140,30,7.0,1787362.2572815537
all,DNN,AL,410001000,5,0,0,120,24,5.0,1741740.740740741
all,DNN,AL,410001000,5,1,10,130,27,6.0,1741740.740740741
all,DNN,AL,410001000,5,2,10,140,29,6.0,1741740.740740741
all,DNN,greedy,410001000,5,0,0,120,24,5.0,1741740.740740741
all,DNN,greedy,410001000,5,1,10,130,26,5.0,1741740.740740741
all,DNN,greedy,410001000,5,2,10,140,29,6.0,1741740.740740741
all,DNN,guided,410001000,5,0,0,120,24,5.0,1741740.740740741
all,DNN,guided,410001000,5,1,10,130,29,7.0,1781776.380153739
all,DNN,guided,410001000,5,2,10,140,30,7.0,1781776.380153739
all,DNN,AL,410001000,6,0,0,120,24,4.0,1470439.1005621487
all,DNN,AL,410001000,6,1,10,130,27,4.0,1470439.1005621487
all,DNN,AL,410001000,6,2,10,140,30,5.0,1470439.1005621487
all,DNN,greedy,410001000,6,0,0,120,24,4.0,1470439.1005621487
all,DNN,greedy,410001000,6,1,10,130,27,4.0,1470439.1005621487
all,DNN,greedy,410001000,6,2,10,140,28,5.0,1470439.1005621487
all,DNN,guided,410001000,6,0,0,120,24,4.0,1470439.1005621487
all,DNN,guided,410001000,6,1,10,130,29,5.0,1716200.0000000002
all,DNN,guided,410001000,6,2,10,140,31,6.0,1716200.0000000002
all,DNN,AL,410001000,7,0,0,120,24,5.0,1787362.2572815537
all,DNN,AL,410001000,7,1,10,130,24,5.0,1787362.2572815537
all,DNN,AL,410001000,7,2,10,140,25,6.0,1787362.2572815537
all,DNN,greedy,410001000,7,0,0,120,24,5.0,1787362.2572815537
all,DNN,greedy,410001000,7,1,10,130,25,5.0,1787362.2572815537
all,DNN,greedy,410001000,7,2,10,140,25,5.0,1787362.2572815537
all,DNN,guided,410001000,7,0,0,120,24,5.0,1787362.2572815537
all,DNN,guided,410001000,7,1,10,130,27,7.0,1787362.2572815537
all,DNN,guided,410001000,7,2,10,140,27,7.0,1787362.2572815537
all,DNN,AL,410001000,8,0,0,120,24,3.0,1781776.380153739
all,DNN,AL,410001000,8,1,10,130,28,4.0,1781776.380153739
all,DNN,AL,410001000,8,2,10,140,30,4.0,1781776.380153739
all,DNN,greedy,410001000,8,0,0,120,24,3.0,1781776.380153739
all,DNN,greedy,410001000,8,1,10,130,27,3.0,1781776.380153739
all,DNN,greedy,410001000,8,2,10,140,28,4.0,1781776.380153739
all,DNN,guided,410001000,8,0,0,120,24,3.0,1781776.380153739
all,DNN,guided,410001000,8,1,10,130,29,5.0,1781776.380153739
all,DNN,guided,410001000,8,2,10,140,31,6.0,1781776.380153739
all,DNN,AL,410001000,9,0,0,120,24,6.0,1624458.5921325053
all,DNN,AL,410001000,9,1,10,130,26,6.0,1624458.5921325053
all,DNN,AL,410001000,9,2,10,140,27,6.0,1624458.5921325053
all,DNN,greedy,410001000,9,0,0,120,24,6.0,1624458.5921325053
all,DNN,greedy,410001000,9,1,10,130,28,6.0,1624458.5921325053
all,DNN,greedy,410001000,9,2,10,140,31,6.0,1624458.5921325053
all,DNN,guided,410001000,9,0,0,120,24,6.0,1624458.5921325053
all,DNN,guided,410001000,9,1,10,130,27,7.0,1624458.5921325053
all,DNN,guided,410001000,9,2,10,140,30,7.0,1624458.5921325053
all,DNN,AL,410001000,10,0,0,120,24,8.0,1716200.0000000002
all,DNN,AL,410001000,10,1,10,130,26,8.0,1716200.0000000002
all,DNN,AL,410001000,10,2,10,140,27,8.0,1716200.0000000002
all,DNN,greedy,410001000,10,0,0,120,24,8.0,1716200.0000000002
all,DNN,greedy,410001000,10,1,10,130,28,9.0,1781776.380153739
all,DNN,greedy,410001000,10,2,10,140,28,9.0,1781776.380153739
all,DNN,guided,410001000,10,0,0,120,24,8.0,1716200.0000000002
all,DNN,guided,410001000,10,1,10,130,30,10.0,1781776.380153739
all,DNN,guided,410001000,10,2,10,140,31,10.0,1781776.380153739
all,DNN,AL,410001000,11,0,0,120,24,5.0,1741740.740740741
all,DNN,AL,410001000,11,1,10,130,28,6.0,1741740.740740741
all,DNN,AL,410001000,11,2,10,140,28,6.0,1741740.740740741
all,DNN,greedy,410001000,11,0,0,120,24,5.0,1741740.740740741
all,DNN,greedy,410001000,11,1,10,130,28,5.0,1741740.740740741
all,DNN,greedy,410001000,11,2,10,140,31,5.0,1741740.740740741
all,DNN,guided,410001000,11,0,0,120,24,5.0,1741740.740740741
all,DNN,guided,410001000,11,1,10,130,29,6.0,1741740.740740741
all,DNN,guided,410001000,11,2,10,140,33,8.0,1741740.740740741
all,DNN,AL,410001000,12,0,0,120,24,7.0,1716200.0000000002
all,DNN,AL,410001000,12,1,10,130,25,8.0,1716200.0000000002
all,DNN,AL,410001000,12,2,10,140,26,8.0,1716200.0000000002
all,DNN,greedy,410001000,12,0,0,120,24,7.0,1716200.0000000002
all,DNN,greedy,410001000,12,1,10,130,25,7.0,1716200.0000000002
all,DNN,greedy,410001000,12,2,10,140,25,7.0,1716200.0000000002
all,DNN,guided,410001000,12,0,0,120,24,7.0,1716200.0000000002
all,DNN,guided,410001000,12,1,10,130,25,8.0,1716200.0000000002
all,DNN,guided,410001000,12,2,10,140,26,8.0,1716200.0000000002
all,DNN,AL,410001000,13,0,0,120,24,3.0,1534929.0322580645
all,DNN,AL,410001000,13,1,10,130,27,3.0,1534929.0322580645
all,DNN,AL,410001000,13,2,10,140,28,3.0,1534929.0322580645
all,DNN,greedy,410001000,13,0,0,120,24,3.0,1534929.0322580645
all,DNN,greedy,410001000,13,1,10,130,28,4.0,1534929.0322580645
all,DNN,greedy,410001000,13,2,10,140,31,4.0,1534929.0322580645
all,DNN,guided,410001000,13,0,0,120,24,3.0,1534929.0322580645
all,DNN,guided,410001000,13,1,10,130,29,6.0,1781776.380153739
all,DNN,guided,410001000,13,2,10,140,34,6.0,1781776.380153739
all,DNN,AL,410001000,14,0,0,120,24,6.0,1646742.3208191127
all,DNN,AL,410001000,14,1,10,130,26,6.0,1646742.3208191127
all,DNN,AL,410001000,14,2,10,140,31,8.0,1741740.740740741
all,DNN,greedy,410001000,14,0,0,120,24,6.0,1646742.3208191127
all,DNN,greedy,410001000,14,1,10,130,29,7.0,1741740.740740741
all,DNN,greedy,410001000,14,2,10,140,34,8.0,1781776.380153739
all,DNN,guided,410001000,14,0,0,120,24,6.0,1646742.3208191127
all,DNN,guided,410001000,14,1,10,130,29,9.0,1781776.380153739
all,DNN,guided,410001000,14,2,10,140,33,9.0,1781776.380153739
all,DNN,AL,410002000,0,0,0,120,24,8.0,1646742.3208191127
all,DNN,AL,410002000,0,1,10,130,24,8.0,1646742.3208191127
all,DNN,AL,410002000,0,2,10,140,26,8.0,1646742.3208191127
all,DNN,greedy,410002000,0,0,0,120,24,8.0,1646742.3208191127
all,DNN,greedy,410002000,0,1,10,130,26,8.0,1646742.3208191127
all,DNN,greedy,410002000,0,2,10,140,29,10.0,1781776.380153739
all,DNN,guided,410002000,0,0,0,120,24,8.0,1646742.3208191127
all,DNN,guided,410002000,0,1,10,130,30,10.0,1781776.380153739
all,DNN,guided,410002000,0,2,10,140,33,10.0,1781776.380153739
all,DNN,AL,410002000,1,0,0,120,24,6.0,1643030.692362598
all,DNN,AL,410002000,1,1,10,130,28,6.0,1643030.692362598
all,DNN,AL,410002000,1,2,10,140,31,6.0,1643030.692362598
all,DNN,greedy,410002000,1,0,0,120,24,6.0,1643030.692362598
all,DNN,greedy,410002000,1,1,10,130,29,6.0,1643030.692362598
all,DNN,greedy,410002000,1,2,10,140,33,8.0,1781776.380153739
all,DNN,guided,410002000,1,0,0,120,24,6.0,1643030.692362598
all,DNN,guided,410002000,1,1,10,130,25,6.0,1643030.692362598
all,DNN,guided,410002000,1,2,10,140,28,6.0,1643030.692362598
all,DNN,AL,410002000,2,0,0,120,24,8.0,1741740.740740741
all,DNN,AL,410002000,2,1,10,130,26,8.0,1741740.740740741
all,DNN,AL,410002000,2,2,10,140,27,8.0,1741740.740740741
all,DNN,greedy,410002000,2,0,0,120,24,8.0,1741740.740740741
all,DNN,greedy,410002000,2,1,10,130,25,8.0,1741740.740740741
all,DNN,greedy,410002000,2,2,10,140,25,8.0,1741740.740740741
all,DNN,guided,410002000,2,0,0,120,24,8.0,1741740.740740741
all,DNN,guided,410002000,2,1,10,130,26,10.0,1741740.740740741
all,DNN,guided,410002000,2,2,10,140,26,10.0,1741740.740740741
all,DNN,AL,410002000,3,0,0,120,24,7.0,1741740.740740741
all,DNN,AL,410002000,3,1,10,130,26,7.0,1741740.740740741
all,DNN,AL,410002000,3,2,10,140,28,7.0,1741740.740740741
all,DNN,greedy,410002000,3,0,0,120,24,7.0,1741740.740740741
all,DNN,greedy,410002000,3,1,10,130,28,7.0,1741740.740740741
all,DNN,greedy,410002000,3,2,10,140,30,7.0,1741740.740740741
all,DNN,guided,410002000,3,0,0,120,24,7.0,1741740.740740741
all,DNN,guided,410002000,3,1,10,130,32,9.0,1741740.740740741
all,DNN,guided,410002000,3,2,10,140,33,9.0,1741740.740740741
all,DNN,AL,410002000,4,0,0,120,24,11.0,1741740.740740741
all,DNN,AL,410002000,4,1,10,130,24,11.0,1741740.740740741
all,DNN,AL,410002000,4,2,10,140,24,11.0,1741740.740740741
all,DNN,greedy,410002000,4,0,0,120,24,11.0,1741740.740740741
all,DNN,greedy,410002000,4,1,10,130,27,12.0,1741740.740740741
all,DNN,greedy,410002000,4,2,10,140,28,13.0,1741740.740740741
all,DNN,guided,410002000,4,0,0,120,24,11.0,1741740.740740741
all,DNN,guided,410002000,4,1,10,130,27,13.0,1741740.740740741
all,DNN,guided,410002000,4,2,10,140,30,14.0,1741740.740740741
all,DNN,AL,410002000,5,0,0,120,24,4.0,1787362.2572815537
all,DNN,AL,410002000,5,1,10,130,27,4.0,1787362.2572815537
all,DNN,AL,410002000,5,2,10,140,32,6.0,1787362.2572815537
all,DNN,greedy,410002000,5,0,0,120,24,4.0,1787362.2572815537
all,DNN,greedy,410002000,5,1,10,130,29,5.0,1787362.2572815537
all,DNN,greedy,410002000,5,2,10,140,32,6.0,1787362.2572815537
all,DNN,guided,410002000,5,0,0,120,24,4.0,1787362.2572815537
all,DNN,guided,410002000,5,1,10,130,28,5.0,1787362.2572815537
all,DNN,guided,410002000,5,2,10,140,32,6.0,1787362.2572815537
all,DNN,AL,410002000,6,0,0,120,24,5.0,1646742.3208191127
all,DNN,AL,410002000,6,1,10,130,24,5.0,1646742.3208191127
all,DNN,AL,410002000,6,2,10,140,25,5.0,1646742.3208191127
all,DNN,greedy,410002000,6,0,0,120,24,5.0,1646742.3208191127
all,DNN,greedy,410002000,6,1,10,130,27,6.0,1646742.3208191127
all,DNN,greedy,410002000,6,2,10,140,30,8.0,1781776.380153739
all,DNN,guided,410002000,6,0,0,120,24,5.0,1646742.3208191127
all,DNN,guided,410002000,6,1,10,130,29,8.0,1741740.740740741
all,DNN,guided,410002000,6,2,10,140,33,9.0,1781776.380153739
all,DNN,AL,410002000,7,0,0,120,24,7.0,1781776.380153739
all,DNN,AL,410002000,7,1,10,130,28,8.0,1781776.380153739
all,DNN,AL,410002000,7,2,10,140,32,8.0,1781776.380153739
all,DNN,greedy,410002000,7,0,0,120,24,7.0,1781776.380153739
all,DNN,greedy,410002000,7,1,10,130,28,7.0,1781776.380153739
all,DNN,greedy,410002000,7,2,10,140,32,8.0,1781776.380153739
all,DNN,guided,410002000,7,0,0,120,24,7.0,1781776.380153739
all,DNN,guided,410002000,7,1,10,130,29,7.0,1781776.380153739
all,DNN,guided,410002000,7,2,10,140,32,7.0,1781776.380153739
all,DNN,AL,410002000,8,0,0,120,24,6.0,1787362.2572815537
all,DNN,AL,410002000,8,1,10,130,28,7.0,1787362.2572815537
all,DNN,AL,410002000,8,2,10,140,31,8.0,1787362.2572815537
all,DNN,greedy,410002000,8,0,0,120,24,6.0,1787362.2572815537
all,DNN,greedy,410002000,8,1,10,130,26,6.0,1787362.2572815537
all,DNN,greedy,410002000,8,2,10,140,30,9.0,1787362.2572815537
all,DNN,guided,410002000,8,0,0,120,24,6.0,1787362.2572815537
all,DNN,guided,410002000,8,1,10,130,30,8.0,1787362.2572815537
all,DNN,guided,410002000,8,2,10,140,34,9.0,1787362.2572815537
all,DNN,AL,410002000,9,0,0,120,24,5.0,1624458.5921325053
all,DNN,AL,410002000,9,1,10,130,26,5.0,1624458.5921325053
all,DNN,AL,410002000,9,2,10,140,27,5.0,1624458.5921325053
all,DNN,greedy,410002000,9,0,0,120,24,5.0,1624458.5921325053
all,DNN,greedy,410002000,9,1,10,130,26,5.0,1624458.5921325053
all,DNN,greedy,410002000,9,2,10,140,29,6.0,1624458.5921325053
all,DNN,guided,410002000,9,0,0,120,24,5.0,1624458.5921325053
all,DNN,guided,410002000,9,1,10,130,28,6.0,1624458.5921325053
all,DNN,guided,410002000,9,2,10,140,29,6.0,1624458.5921325053
all,DNN,AL,410002000,10,0,0,120,24,9.0,1781776.380153739
all,DNN,AL,410002000,10,1,10,130,26,9.0,1781776.380153739
all,DNN,AL,410002000,10,2,10,140,31,10.0,1781776.380153739
all,DNN,greedy,410002000,10,0,0,120,24,9.0,1781776.380153739
all,DNN,greedy,410002000,10,1,10,130,27,9.0,1781776.380153739
all,DNN,greedy,410002000,10,2,10,140,30,10.0,1781776.380153739
all,DNN,guided,410002000,10,0,0,120,24,9.0,1781776.380153739
all,DNN,guided,410002000,10,1,10,130,29,10.0,1781776.380153739
all,DNN,guided,410002000,10,2,10,140,32,10.0,1781776.380153739
all,DNN,AL,410002000,11,0,0,120,24,9.0,1741740.740740741
all,DNN,AL,410002000,11,1,10,130,27,9.0,1741740.740740741
all,DNN,AL,410002000,11,2,10,140,30,10.0,1741740.740740741
all,DNN,greedy,410002000,11,0,0,120,24,9.0,1741740.740740741
all,DNN,greedy,410002000,11,1,10,130,26,9.0,1741740.740740741
all,DNN,greedy,410002000,11,2,10,140,30,11.0,1741740.740740741
all,DNN,guided,410002000,11,0,0,120,24,9.0,1741740.740740741
all,DNN,guided,410002000,11,1,10,130,27,10.0,1741740.740740741
all,DNN,guided,410002000,11,2,10,140,32,11.0,1781776.380153739
all,DNN,AL,410002000,12,0,0,120,24,4.0,1568230.9482257126
all,DNN,AL,410002000,12,1,10,130,30,5.0,1781776.380153739
all,DNN,AL,410002000,12,2,10,140,31,6.0,1781776.380153739
all,DNN,greedy,410002000,12,0,0,120,24,4.0,1568230.9482257126
all,DNN,greedy,410002000,12,1,10,130,29,5.0,1781776.380153739
all,DNN,greedy,410002000,12,2,10,140,33,6.0,1781776.380153739
all,DNN,guided,410002000,12,0,0,120,24,4.0,1568230.9482257126
all,DNN,guided,410002000,12,1,10,130,28,5.0,1716200.0000000002
all,DNN,guided,410002000,12,2,10,140,34,6.0,1716200.0000000002
all,DNN,AL,410002000,13,0,0,120,24,6.0,1781776.380153739
all,DNN,AL,410002000,13,1,10,130,27,8.0,1787362.2572815537
all,DNN,AL,410002000,13,2,10,140,30,9.0,1787362.2572815537
all,DNN,greedy,410002000,13,0,0,120,24,6.0,1781776.380153739
all,DNN,greedy,410002000,13,1,10,130,27,6.0,1781776.380153739
all,DNN,greedy,410002000,13,2,10,140,31,7.0,1781776.380153739
all,DNN,guided,410002000,13,0,0,120,24,6.0,1781776.380153739
all,DNN,guided,410002000,13,1,10,130,28,6.0,1781776.380153739
all,DNN,guided,410002000,13,2,10,140,30,6.0,1781776.380153739
all,DNN,AL,410002000,14,0,0,120,24,6.0,1470439.1005621487
all,DNN,AL,410002000,14,1,10,130,26,6.0,1470439.1005621487
all,DNN,AL,410002000,14,2,10,140,30,7.0,1716200.0000000002
all,DNN,greedy,410002000,14,0,0,120,24,6.0,1470439.1005621487
all,DNN,greedy,410002000,14,1,10,130,27,7.0,1470439.1005621487
all,DNN,greedy,410002000,14,2,10,140,32,7.0,1470439.1005621487
all,DNN,guided,410002000,14,0,0,120,24,6.0,1470439.1005621487
all,DNN,guided,410002000,14,1,10,130,30,9.0,1781776.380153739
all,DNN,guided,410002000,14,2,10,140,33,9.0,1781776.380153739
all,DNN,AL,410003000,0,0,0,120,24,7.0,1781776.380153739
all,DNN,AL,410003000,0,1,10,130,28,7.0,1781776.380153739
all,DNN,AL,410003000,0,2,10,140,32,7.0,1781776.380153739
all,DNN,greedy,410003000,0,0,0,120,24,7.0,1781776.380153739
all,DNN,greedy,410003000,0,1,10,130,25,7.0,1781776.380153739
all,DNN,greedy,410003000,0,2,10,140,27,7.0,1781776.380153739
all,DNN,guided,410003000,0,0,0,120,24,7.0,1781776.380153739
all,DNN,guided,410003000,0,1,10,130,29,7.0,1781776.380153739
all,DNN,guided,410003000,0,2,10,140,32,7.0,1781776.380153739
all,DNN,AL,410003000,1,0,0,120,24,5.0,1741740.740740741
all,DNN,AL,410003000,1,1,10,130,24,5.0,1741740.740740741
all,DNN,AL,410003000,1,2,10,140,29,5.0,1741740.740740741
all,DNN,greedy,410003000,1,0,0,120,24,5.0,1741740.740740741
all,DNN,greedy,410003000,1,1,10,130,26,7.0,1741740.740740741
all,DNN,greedy,410003000,1,2,10,140,32,8.0,1741740.740740741
all,DNN,guided,410003000,1,0,0,120,24,5.0,1741740.740740741
all,DNN,guided,410003000,1,1,10,130,29,7.0,1741740.740740741
all,DNN,guided,410003000,1,2,10,140,30,7.0,1741740.740740741
all,DNN,AL,410003000,2,0,0,120,24,9.0,1787362.2572815537
all,DNN,AL,410003000,2,1,10,130,27,10.0,1787362.2572815537
all,DNN,AL,410003000,2,2,10,140,31,10.0,1787362.2572815537
all,DNN,greedy,410003000,2,0,0,120,24,9.0,1787362.2572815537
all,DNN,greedy,410003000,2,1,10,130,27,9.0,1787362.2572815537
all,DNN,greedy,410003000,2,2,10,140,32,11.0,1787362.2572815537
all,DNN,guided,410003000,2,0,0,120,24,9.0,1787362.2572815537
all,DNN,guided,410003000,2,1,10,130,29,9.0,1787362.2572815537
all,DNN,guided,410003000,2,2,10,140,32,10.0,1787362.2572815537
all,DNN,AL,410003000,3,0,0,120,24,4.0,1787362.2572815537
all,DNN,AL,410003000,3,1,10,130,26,4.0,1787362.2572815537
all,DNN,AL,410003000,3,2,10,140,30,5.0,1787362.2572815537
all,DNN,greedy,410003000,3,0,0,120,24,4.0,1787362.2572815537
all,DNN,greedy,410003000,3,1,10,130,27,4.0,1787362.2572815537
all,DNN,greedy,410003000,3,2,10,140,31,5.0,1787362.2572815537
all,DNN,guided,410003000,3,0,0,120,24,4.0,1787362.2572815537
all,DNN,guided,410003000,3,1,10,130,28,6.0,1787362.2572815537
all,DNN,guided,410003000,3,2,10,140,30,6.0,1787362.2572815537
all,DNN,AL,410003000,4,0,0,120,24,4.0,1534929.0322580645
all,DNN,AL,410003000,4,1,10,130,27,5.0,1568230.9482257126
all,DNN,AL,410003000,4,2,10,140,30,7.0,1643030.692362598
all,DNN,greedy,410003000,4,0,0,120,24,4.0,1534929.0322580645
all,DNN,greedy,410003000,4,1,10,130,28,4.0,1534929.0322580645
all,DNN,greedy,410003000,4,2,10,140,35,5.0,1781776.380153739
all,DNN,guided,410003000,4,0,0,120,24,4.0,1534929.0322580645
all,DNN,guided,410003000,4,1,10,130,30,5.0,1534929.0322580645
all,DNN,guided,410003000,4,2,10,140,36,6.0,1781776.380153739
all,DNN,AL,410003000,5,0,0,120,24,0.0,1356279.4029850746
all,DNN,AL,410003000,5,1,10,130,26,0.0,1356279.4029850746
all,DNN,AL,410003000,5,2,10,140,29,0.0,1356279.4029850746
all,DNN,greedy,410003000,5,0,0,120,24,0.0,1356279.4029850746
all,DNN,greedy,410003000,5,1,10,130,27,1.0,1781776.380153739
all,DNN,greedy,410003000,5,2,10,140,33,5.0,1781776.380153739
all,DNN,guided,410003000,5,0,0,120,24,0.0,1356279.4029850746
all,DNN,guided,410003000,5,1,10,130,30,2.0,1781776.380153739
all,DNN,guided,410003000,5,2,10,140,33,4.0,1781776.380153739
all,DNN,AL,410003000,6,0,0,120,24,5.0,1643030.692362598
all,DNN,AL,410003000,6,1,10,130,28,5.0,1643030.692362598
all,DNN,AL,410003000,6,2,10,140,31,5.0,1643030.692362598
all,DNN,greedy,410003000,6,0,0,120,24,5.0,1643030.692362598
all,DNN,greedy,410003000,6,1,10,130,30,6.0,1781776.380153739
all,DNN,greedy,410003000,6,2,10,140,33,7.0,1781776.380153739
all,DNN,guided,410003000,6,0,0,120,24,5.0,1643030.692362598
all,DNN,guided,410003000,6,1,10,130,32,7.0,1781776.380153739
all,DNN,guided,410003000,6,2,10,140,36,7.0,1781776.380153739
all,DNN,AL,410003000,7,0,0,120,24,7.0,1781776.380153739
all,DNN,AL,410003000,7,1,10,130,27,7.0,1781776.380153739
all,DNN,AL,410003000,7,2,10,140,29,7.0,1781776.380153739
all,DNN,greedy,410003000,7,0,0,120,24,7.0,1781776.380153739
all,DNN,greedy,410003000,7,1,10,130,28,7.0,1781776.380153739
all,DNN,greedy,410003000,7,2,10,140,33,10.0,1781776.380153739
all,DNN,guided,410003000,7,0,0,120,24,7.0,1781776.380153739
all,DNN,guided,410003000,7,1,10,130,29,7.0,1781776.380153739
all,DNN,guided,410003000,7,2,10,140,36,8.0,1781776.380153739
all,DNN,AL,410003000,8,0,0,120,24,8.0,1781776.380153739
all,DNN,AL,410003000,8,1,10,130,24,8.0,1781776.380153739
all,DNN,AL,410003000,8,2,10,140,26,8.0,1781776.380153739
all,DNN,greedy,410003000,8,0,0,120,24,8.0,1781776.380153739
all,DNN,greedy,410003000,8,1,10,130,25,8.0,1781776.380153739
all,DNN,greedy,410003000,8,2,10,140,27,9.0,1781776.380153739
all,DNN,guided,410003000,8,0,0,120,24,8.0,1781776.380153739
all,DNN,guided,410003000,8,1,10,130,29,10.0,1781776.380153739
all,DNN,guided,410003000,8,2,10,140,29,10.0,1781776.380153739
all,DNN,AL,410003000,9,0,0,120,24,4.0,1572010.7095046854
all,DNN,AL,410003000,9,1,10,130,25,5.0,1572010.7095046854
all,DNN,AL,410003000,9,2,10,140,29,7.0,1643030.692362598
all,DNN,greedy,410003000,9,0,0,120,24,4.0,1572010.7095046854
all,DNN,greedy,410003000,9,1,10,130,28,4.0,1572010.7095046854
all,DNN,greedy,410003000,9,2,10,140,32,5.0,1572010.7095046854
all,DNN,guided,410003000,9,0,0,120,24,4.0,1572010.7095046854
all,DNN,guided,410003000,9,1,10,130,29,5.0,1716200.0000000002
all,DNN,guided,410003000,9,2,10,140,32,5.0,1716200.0000000002
all,DNN,AL,410003000,10,0,0,120,24,5.0,1787362.2572815537
all,DNN,AL,410003000,10,1,10,130,26,5.0,1787362.2572815537
all,DNN,AL,410003000,10,2,10,140,31,6.0,1787362.2572815537
all,DNN,greedy,410003000,10,0,0,120,24,5.0,1787362.2572815537
all,DNN,greedy,410003000,10,1,10,130,28,5.0,1787362.2572815537
all,DNN,greedy,410003000,10,2,10,140,30,7.0,1787362.2572815537
all,DNN,guided,410003000,10,0,0,120,24,5.0,1787362.2572815537
all,DNN,guided,410003000,10,1,10,130,29,6.0,1787362.2572815537
all,DNN,guided,410003000,10,2,10,140,32,6.0,1787362.2572815537
all,DNN,AL,410003000,11,0,0,120,24,4.0,1534929.0322580645
all,DNN,AL,410003000,11,1,10,130,26,4.0,1534929.0322580645
all,DNN,AL,410003000,11,2,10,140,31,5.0,1568230.9482257126
all,DNN,greedy,410003000,11,0,0,120,24,4.0,1534929.0322580645
all,DNN,greedy,410003000,11,1,10,130,26,5.0,1534929.0322580645
all,DNN,greedy,410003000,11,2,10,140,29,5.0,1534929.0322580645
all,DNN,guided,410003000,11,0,0,120,24,4.0,1534929.0322580645
all,DNN,guided,410003000,11,1,10,130,27,5.0,1781776.380153739
all,DNN,guided,410003000,11,2,10,140,32,6.0,1781776.380153739
all,DNN,AL,410003000,12,0,0,120,24,6.0,1716200.0000000002
all,DNN,AL,410003000,12,1,10,130,26,8.0,1716200.0000000002
all,DNN,AL,410003000,12,2,10,140,27,9.0,1741740.740740741
all,DNN,greedy,410003000,12,0,0,120,24,6.0,1716200.0000000002
all,DNN,greedy,410003000,12,1,10,130,27,7.0,1716200.0000000002
all,DNN,greedy,410003000,12,2,10,140,30,7.0,1716200.0000000002
all,DNN,guided,410003000,12,0,0,120,24,6.0,1716200.0000000002
all,DNN,guided,410003000,12,1,10,130,29,6.0,1716200.0000000002
all,DNN,guided,410003000,12,2,10,140,32,7.0,1716200.0000000002
all,DNN,AL,410003000,13,0,0,120,24,3.0,1624458.5921325053
all,DNN,AL,410003000,13,1,10,130,27,3.0,1624458.5921325053
all,DNN,AL,410003000,13,2,10,140,29,4.0,1624458.5921325053
all,DNN,greedy,410003000,13,0,0,120,24,3.0,1624458.5921325053
all,DNN,greedy,410003000,13,1,10,130,27,3.0,1624458.5921325053
all,DNN,greedy,410003000,13,2,10,140,31,4.0,1624458.5921325053
all,DNN,guided,410003000,13,0,0,120,24,3.0,1624458.5921325053
all,DNN,guided,410003000,13,1,10,130,29,5.0,1716200.0000000002
all,DNN,guided,410003000,13,2,10,140,30,5.0,1716200.0000000002
all,DNN,AL,410003000,14,0,0,120,24,5.0,1781776.380153739
all,DNN,AL,410003000,14,1,10,130,26,5.0,1781776.380153739
all,DNN,AL,410003000,14,2,10,140,30,7.0,1781776.380153739
all,DNN,greedy,410003000,14,0,0,120,24,5.0,1781776.380153739
all,DNN,greedy,410003000,14,1,10,130,28,5.0,1781776.380153739
all,DNN,greedy,410003000,14,2,10,140,30,5.0,1781776.380153739
all,DNN,guided,410003000,14,0,0,120,24,5.0,1781776.380153739
all,DNN,guided,410003000,14,1,10,130,30,7.0,1781776.380153739
all,DNN,guided,410003000,14,2,10,140,31,7.0,1781776.380153739
all,DNN,AL,410004000,0,0,0,120,24,5.0,1716200.0000000002
all,DNN,AL,410004000,0,1,10,130,29,5.0,1716200.0000000002
all,DNN,AL,410004000,0,2,10,140,34,5.0,1716200.0000000002
all,DNN,greedy,410004000,0,0,0,120,24,5.0,1716200.0000000002
all,DNN,greedy,410004000,0,1,10,130,28,5.0,1716200.0000000002
all,DNN,greedy,410004000,0,2,10,140,32,5.0,1716200.0000000002
all,DNN,guided,410004000,0,0,0,120,24,5.0,1716200.0000000002
all,DNN,guided,410004000,0,1,10,130,28,5.0,1716200.0000000002
all,DNN,guided,410004000,0,2,10,140,34,5.0,1716200.0000000002
all,DNN,AL,410004000,1,0,0,120,24,5.0,1741740.740740741
all,DNN,AL,410004000,1,1,10,130,26,5.0,1741740.740740741
all,DNN,AL,410004000,1,2,10,140,28,5.0,1741740.740740741
all,DNN,greedy,410004000,1,0,0,120,24,5.0,1741740.740740741
all,DNN,greedy,410004000,1,1,10,130,28,6.0,1741740.740740741
all,DNN,greedy,410004000,1,2,10,140,28,6.0,1741740.740740741
all,DNN,guided,410004000,1,0,0,120,24,5.0,1741740.740740741
all,DNN,guided,410004000,1,1,10,130,30,8.0,1741740.740740741
all,DNN,guided,410004000,1,2,10,140,32,8.0,1741740.740740741
all,DNN,AL,410004000,2,0,0,120,24,8.0,1787362.2572815537
all,DNN,AL,410004000,2,1,10,130,25,9.0,1787362.2572815537
all,DNN,AL,410004000,2,2,10,140,28,11.0,1787362.2572815537
all,DNN,greedy,410004000,2,0,0,120,24,8.0,1787362.2572815537
all,DNN,greedy,410004000,2,1,10,130,27,9.0,1787362.2572815537
all,DNN,greedy,410004000,2,2,10,140,30,10.0,1787362.2572815537
all,DNN,guided,410004000,2,0,0,120,24,8.0,1787362.2572815537
all,DNN,guided,410004000,2,1,10,130,28,9.0,1787362.2572815537
all,DNN,guided,410004000,2,2,10,140,30,9.0,1787362.2572815537
all,DNN,AL,410004000,3,0,0,120,24,4.0,1624458.5921325053
all,DNN,AL,410004000,3,1,10,130,27,4.0,1624458.5921325053
all,DNN,AL,410004000,3,2,10,140,29,4.0,1624458.5921325053
all,DNN,greedy,410004000,3,0,0,120,24,4.0,1624458.5921325053
all,DNN,greedy,410004000,3,1,10,130,30,5.0,1624458.5921325053
all,DNN,greedy,410004000,3,2,10,140,34,7.0,1741740.740740741
all,DNN,guided,410004000,3,0,0,120,24,4.0,1624458.5921325053
all,DNN,guided,410004000,3,1,10,130,31,6.0,1624458.5921325053
all,DNN,guided,410004000,3,2,10,140,35,6.0,1624458.5921325053
all,DNN,AL,410004000,4,0,0,120,24,5.0,1716200.0000000002
all,DNN,AL,410004000,4,1,10,130,26,6.0,1716200.0000000002
all,DNN,AL,410004000,4,2,10,140,28,7.0,1716200.0000000002
all,DNN,greedy,410004000,4,0,0,120,24,5.0,1716200.0000000002
all,DNN,greedy,410004000,4,1,10,130,25,5.0,1716200.0000000002
all,DNN,greedy,410004000,4,2,10,140,30,5.0,1716200.0000000002
all,DNN,guided,410004000,4,0,0,120,24,5.0,1716200.0000000002
all,DNN,guided,410004000,4,1,10,130,28,6.0,1716200.0000000002
all,DNN,guided,410004000,4,2,10,140,32,8.0,1716200.0000000002
all,DNN,AL,410004000,5,0,0,120,24,8.0,1787362.2572815537
all,DNN,AL,410004000,5,1,10,130,25,8.0,1787362.2572815537
all,DNN,AL,410004000,5,2,10,140,27,8.0,1787362.2572815537
all,DNN,greedy,410004000,5,0,0,120,24,8.0,1787362.2572815537
all,DNN,greedy,410004000,5,1,10,130,29,10.0,1787362.2572815537
all,DNN,greedy,410004000,5,2,10,140,31,10.0,1787362.2572815537
all,DNN,guided,410004000,5,0,0,120,24,8.0,1787362.2572815537
all,DNN,guided,410004000,5,1,10,130,28,9.0,1787362.2572815537
all,DNN,guided,410004000,5,2,10,140,31,10.0,1787362.2572815537
all,DNN,AL,410004000,6,0,0,120,24,3.0,1781776.380153739
all,DNN,AL,410004000,6,1,10,130,27,4.0,1781776.380153739
all,DNN,AL,410004000,6,2,10,140,32,5.0,1781776.380153739
all,DNN,greedy,410004000,6,0,0,120,24,3.0,1781776.380153739
all,DNN,greedy,410004000,6,1,10,130,29,4.0,1781776.380153739
all,DNN,greedy,410004000,6,2,10,140,33,5.0,1781776.380153739
all,DNN,guided,410004000,6,0,0,120,24,3.0,1781776.380153739
all,DNN,guided,410004000,6,1,10,130,29,4.0,1781776.380153739
all,DNN,guided,410004000,6,2,10,140,32,6.0,1781776.380153739
all,DNN,AL,410004000,7,0,0,120,24,5.0,1787362.2572815537
all,DNN,AL,410004000,7,1,10,130,27,5.0,1787362.2572815537
all,DNN,AL,410004000,7,2,10,140,30,6.0,1787362.2572815537
all,DNN,greedy,410004000,7,0,0,120,24,5.0,1787362.2572815537
all,DNN,greedy,410004000,7,1,10,130,27,5.0,1787362.2572815537
all,DNN,greedy,410004000,7,2,10,140,29,6.0,1787362.2572815537
all,DNN,guided,410004000,7,0,0,120,24,5.0,1787362.2572815537
all,DNN,guided,410004000,7,1,10,130,29,7.0,1787362.2572815537
all,DNN,guided,410004000,7,2,10,140,31,7.0,1787362.2572815537
all,DNN,AL,410004000,8,0,0,120,24,6.0,1646742.3208191127
all,DNN,AL,410004000,8,1,10,130,27,8.0,1646742.3208191127
all,DNN,AL,410004000,8,2,10,140,33,8.0,1646742.3208191127
all,DNN,greedy,410004000,8,0,0,120,24,6.0,1646742.3208191127
all,DNN,greedy,410004000,8,1,10,130,30,8.0,1781776.380153739
all,DNN,greedy,410004000,8,2,10,140,36,8.0,1781776.380153739
all,DNN,guided,410004000,8,0,0,120,24,6.0,1646742.3208191127
all,DNN,guided,410004000,8,1,10,130,31,9.0,1781776.380153739
all,DNN,guided,410004000,8,2,10,140,38,9.0,1781776.380153739
all,DNN,AL,410004000,9,0,0,120,24,4.0,1781776.380153739
all,DNN,AL,410004000,9,1,10,130,28,4.0,1781776.380153739
all,DNN,AL,410004000,9,2,10,140,31,4.0,1781776.380153739
all,DNN,greedy,410004000,9,0,0,120,24,4.0,1781776.380153739
all,DNN,greedy,410004000,9,1,10,130,28,5.0,1781776.380153739
all,DNN,greedy,410004000,9,2,10,140,29,5.0,1781776.380153739
all,DNN,guided,410004000,9,0,0,120,24,4.0,1781776.380153739
all,DNN,guided,410004000,9,1,10,130,28,4.0,1781776.380153739
all,DNN,guided,410004000,9,2,10,140,30,4.0,1781776.380153739
all,DNN,AL,410004000,10,0,0,120,24,6.0,1572010.7095046854
all,DNN,AL,410004000,10,1,10,130,26,6.0,1572010.7095046854
all,DNN,AL,410004000,10,2,10,140,28,7.0,1572010.7095046854
all,DNN,greedy,410004000,10,0,0,120,24,6.0,1572010.7095046854
all,DNN,greedy,410004000,10,1,10,130,26,7.0,1572010.7095046854
all,DNN,greedy,410004000,10,2,10,140,29,7.0,1572010.7095046854
all,DNN,guided,410004000,10,0,0,120,24,6.0,1572010.7095046854
all,DNN,guided,410004000,10,1,10,130,27,7.0,1572010.7095046854
all,DNN,guided,410004000,10,2,10,140,30,8.0,1572010.7095046854
all,DNN,AL,410004000,11,0,0,120,24,8.0,1787362.2572815537
all,DNN,AL,410004000,11,1,10,130,26,8.0,1787362.2572815537
all,DNN,AL,410004000,11,2,10,140,27,8.0,1787362.2572815537
all,DNN,greedy,410004000,11,0,0,120,24,8.0,1787362.2572815537
all,DNN,greedy,410004000,11,1,10,130,25,8.0,1787362.2572815537
all,DNN,greedy,410004000,11,2,10,140,30,8.0,1787362.2572815537
all,DNN,guided,410004000,11,0,0,120,24,8.0,1787362.2572815537
all,DNN,guided,410004000,11,1,10,130,28,9.0,1787362.2572815537
all,DNN,guided,410004000,11,2,10,140,32,9.0,1787362.2572815537
all,DNN,AL,410004000,12,0,0,120,24,6.0,1781776.380153739
all,DNN,AL,410004000,12,1,10,130,27,6.0,1781776.380153739
all,DNN,AL,410004000,12,2,10,140,28,6.0,1781776.380153739
all,DNN,greedy,410004000,12,0,0,120,24,6.0,1781776.380153739
all,DNN,greedy,410004000,12,1,10,130,28,6.0,1781776.380153739
all,DNN,greedy,410004000,12,2,10,140,30,6.0,1781776.380153739
all,DNN,guided,410004000,12,0,0,120,24,6.0,1781776.380153739
all,DNN,guided,410004000,12,1,10,130,27,6.0,1781776.380153739
all,DNN,guided,410004000,12,2,10,140,31,6.0,1781776.380153739
all,DNN,AL,410004000,13,0,0,120,24,6.0,1646742.3208191127
all,DNN,AL,410004000,13,1,10,130,28,8.0,1741740.740740741
all,DNN,AL,410004000,13,2,10,140,31,8.0,1741740.740740741
all,DNN,greedy,410004000,13,0,0,120,24,6.0,1646742.3208191127
all,DNN,greedy,410004000,13,1,10,130,26,7.0,1646742.3208191127
all,DNN,greedy,410004000,13,2,10,140,31,8.0,1741740.740740741
all,DNN,guided,410004000,13,0,0,120,24,6.0,1646742.3208191127
all,DNN,guided,410004000,13,1,10,130,29,8.0,1741740.740740741
all,DNN,guided,410004000,13,2,10,140,34,8.0,1741740.740740741
all,DNN,AL,410004000,14,0,0,120,24,6.0,1716200.0000000002
all,DNN,AL,410004000,14,1,10,130,25,6.0,1716200.0000000002
all,DNN,AL,410004000,14,2,10,140,27,6.0,1716200.0000000002
all,DNN,greedy,410004000,14,0,0,120,24,6.0,1716200.0000000002
all,DNN,greedy,410004000,14,1,10,130,30,7.0,1781776.380153739
all,DNN,greedy,410004000,14,2,10,140,34,9.0,1781776.380153739
all,DNN,guided,410004000,14,0,0,120,24,6.0,1716200.0000000002
all,DNN,guided,410004000,14,1,10,130,31,8.0,1781776.380153739
all,DNN,guided,410004000,14,2,10,140,38,8.0,1781776.380153739
all,DNN,AL,410005000,0,0,0,120,24,5.0,1787362.2572815537
all,DNN,AL,410005000,0,1,10,130,26,5.0,1787362.2572815537
all,DNN,AL,410005000,0,2,10,140,28,5.0,1787362.2572815537
all,DNN,greedy,410005000,0,0,0,120,24,5.0,1787362.2572815537
all,DNN,greedy,410005000,0,1,10,130,26,6.0,1787362.2572815537
all,DNN,greedy,410005000,0,2,10,140,28,6.0,1787362.2572815537
all,DNN,guided,410005000,0,0,0,120,24,5.0,1787362.2572815537
all,DNN,guided,410005000,0,1,10,130,27,6.0,1787362.2572815537
all,DNN,guided,410005000,0,2,10,140,29,7.0,1787362.2572815537
all,DNN,AL,410005000,1,0,0,120,24,6.0,1787362.2572815537
all,DNN,AL,410005000,1,1,10,130,25,7.0,1787362.2572815537
all,DNN,AL,410005000,1,2,10,140,25,7.0,1787362.2572815537
all,DNN,greedy,410005000,1,0,0,120,24,6.0,1787362.2572815537
all,DNN,greedy,410005000,1,1,10,130,28,7.0,1787362.2572815537
all,DNN,greedy,410005000,1,2,10,140,28,7.0,1787362.2572815537
all,DNN,guided,410005000,1,0,0,120,24,6.0,1787362.2572815537
all,DNN,guided,410005000,1,1,10,130,29,7.0,1787362.2572815537
all,DNN,guided,410005000,1,2,10,140,29,7.0,1787362.2572815537
all,DNN,AL,410005000,2,0,0,120,24,2.0,1470439.1005621487
all,DNN,AL,410005000,2,1,10,130,28,3.0,1643030.692362598
all,DNN,AL,410005000,2,2,10,140,30,4.0,1643030.692362598
all,DNN,greedy,410005000,2,0,0,120,24,2.0,1470439.1005621487
all,DNN,greedy,410005000,2,1,10,130,28,2.0,1470439.1005621487
all,DNN,greedy,410005000,2,2,10,140,32,4.0,1470439.1005621487
all,DNN,guided,410005000,2,0,0,120,24,2.0,1470439.1005621487
all,DNN,guided,410005000,2,1,10,130,28,3.0,1716200.0000000002
all,DNN,guided,410005000,2,2,10,140,29,3.0,1716200.0000000002
all,DNN,AL,410005000,3,0,0,120,24,5.0,1787362.2572815537
all,DNN,AL,410005000,3,1,10,130,26,5.0,1787362.2572815537
all,DNN,AL,410005000,3,2,10,140,29,6.0,1787362.2572815537
all,DNN,greedy,410005000,3,0,0,120,24,5.0,1787362.2572815537
all,DNN,greedy,410005000,3,1,10,130,28,5.0,1787362.2572815537
all,DNN,greedy,410005000,3,2,10,140,30,7.0,1787362.2572815537
all,DNN,guided,410005000,3,0,0,120,24,5.0,1787362.2572815537
all,DNN,guided,410005000,3,1,10,130,28,6.0,1787362.2572815537
all,DNN,guided,410005000,3,2,10,140,32,7.0,1787362.2572815537
all,DNN,AL,410005000,4,0,0,120,24,7.0,1787362.2572815537
all,DNN,AL,410005000,4,1,10,130,26,8.0,1787362.2572815537
all,DNN,AL,410005000,4,2,10,140,30,9.0,1787362.2572815537
all,DNN,greedy,410005000,4,0,0,120,24,7.0,1787362.2572815537
all,DNN,greedy,410005000,4,1,10,130,26,7.0,1787362.2572815537
all,DNN,greedy,410005000,4,2,10,140,28,8.0,1787362.2572815537
all,DNN,guided,410005000,4,0,0,120,24,7.0,1787362.2572815537
all,DNN,guided,410005000,4,1,10,130,30,8.0,1787362.2572815537
all,DNN,guided,410005000,4,2,10,140,31,8.0,1787362.2572815537
all,DNN,AL,410005000,5,0,0,120,24,8.0,1781776.380153739
all,DNN,AL,410005000,5,1,10,130,27,8.0,1781776.380153739
all,DNN,AL,410005000,5,2,10,140,29,8.0,1781776.380153739
all,DNN,greedy,410005000,5,0,0,120,24,8.0,1781776.380153739
all,DNN,greedy,410005000,5,1,10,130,28,8.0,1781776.380153739
all,DNN,greedy,410005000,5,2,10,140,30,8.0,1781776.380153739
all,DNN,guided,410005000,5,0,0,120,24,8.0,1781776.380153739
all,DNN,guided,410005000,5,1,10,130,29,8.0,1781776.380153739
all,DNN,guided,410005000,5,2,10,140,30,8.0,1781776.380153739
all,DNN,AL,410005000,6,0,0,120,24,4.0,1741740.740740741
all,DNN,AL,410005000,6,1,10,130,28,5.0,1741740.740740741
all,DNN,AL,410005000,6,2,10,140,29,5.0,1741740.740740741
all,DNN,greedy,410005000,6,0,0,120,24,4.0,1741740.740740741
all,DNN,greedy,410005000,6,1,10,130,30,7.0,1781776.380153739
all,DNN,greedy,410005000,6,2,10,140,32,7.0,1781776.380153739
all,DNN,guided,410005000,6,0,0,120,24,4.0,1741740.740740741
all,DNN,guided,410005000,6,1,10,130,30,6.0,1781776.380153739
all,DNN,guided,410005000,6,2,10,140,31,6.0,1781776.380153739
all,DNN,AL,410005000,7,0,0,120,24,7.0,1716200.0000000002
all,DNN,AL,410005000,7,1,10,130,25,7.0,1716200.0000000002
all,DNN,AL,410005000,7,2,10,140,26,8.0,1741740.740740741
all,DNN,greedy,410005000,7,0,0,120,24,7.0,1716200.0000000002
all,DNN,greedy,410005000,7,1,10,130,25,7.0,1716200.0000000002
all,DNN,greedy,410005000,7,2,10,140,28,8.0,1716200.0000000002
all,DNN,guided,410005000,7,0,0,120,24,7.0,1716200.0000000002
all,DNN,guided,410005000,7,1,10,130,28,7.0,1716200.0000000002
all,DNN,guided,410005000,7,2,10,140,30,7.0,1716200.0000000002
all,DNN,AL,410005000,8,0,0,120,24,10.0,1787362.2572815537
all,DNN,AL,410005000,8,1,10,130,25,10.0,1787362.2572815537
all,DNN,AL,410005000,8,2,10,140,28,11.0,1787362.2572815537
all,DNN,greedy,410005000,8,0,0,120,24,10.0,1787362.2572815537
all,DNN,greedy,410005000,8,1,10,130,27,11.0,1787362.2572815537
all,DNN,greedy,410005000,8,2,10,140,29,11.0,1787362.2572815537
all,DNN,guided,410005000,8,0,0,120,24,10.0,1787362.2572815537
all,DNN,guided,410005000,8,1,10,130,28,11.0,1787362.2572815537
all,DNN,guided,410005000,8,2,10,140,28,11.0,1787362.2572815537
all,DNN,AL,410005000,9,0,0,120,24,3.0,1716200.0000000002
all,DNN,AL,410005000,9,1,10,130,28,5.0,1716200.0000000002
all,DNN,AL,410005000,9,2,10,140,30,5.0,1716200.0000000002
all,DNN,greedy,410005000,9,0,0,120,24,3.0,1716200.0000000002
all,DNN,greedy,410005000,9,1,10,130,28,5.0,1716200.0000000002
all,DNN,greedy,410005000,9,2,10,140,32,5.0,1716200.0000000002
all,DNN,guided,410005000,9,0,0,120,24,3.0,1716200.0000000002
all,DNN,guided,410005000,9,1,10,130,31,4.0,1716200.0000000002
all,DNN,guided,410005000,9,2,10,140,33,4.0,1716200.0000000002
all,DNN,AL,410005000,10,0,0,120,24,5.0,1787362.2572815537
all,DNN,AL,410005000,10,1,10,130,26,5.0,1787362.2572815537
all,DNN,AL,410005000,10,2,10,140,28,5.0,1787362.2572815537
all,DNN,greedy,410005000,10,0,0,120,24,5.0,1787362.2572815537
all,DNN,greedy,410005000,10,1,10,130,27,5.0,1787362.2572815537
all,DNN,greedy,410005000,10,2,10,140,32,7.0,1787362.2572815537
all,DNN,guided,410005000,10,0,0,120,24,5.0,1787362.2572815537
all,DNN,guided,410005000,10,1,10,130,29,6.0,1787362.2572815537
all,DNN,guided,410005000,10,2,10,140,32,6.0,1787362.2572815537
all,DNN,AL,410005000,11,0,0,120,24,8.0,1787362.2572815537
all,DNN,AL,410005000,11,1,10,130,26,8.0,1787362.2572815537
all,DNN,AL,410005000,11,2,10,140,26,8.0,1787362.2572815537
all,DNN,greedy,410005000,11,0,0,120,24,8.0,1787362.2572815537
all,DNN,greedy,410005000,11,1,10,130,24,8.0,1787362.2572815537
all,DNN,greedy,410005000,11,2,10,140,27,9.0,1787362.2572815537
all,DNN,guided,410005000,11,0,0,120,24,8.0,1787362.2572815537
all,DNN,guided,410005000,11,1,10,130,26,8.0,1787362.2572815537
all,DNN,guided,410005000,11,2,10,140,26,8.0,1787362.2572815537
all,DNN,AL,410005000,12,0,0,120,24,6.0,1572010.7095046854
all,DNN,AL,410005000,12,1,10,130,24,6.0,1572010.7095046854
all,DNN,AL,410005000,12,2,10,140,25,6.0,1572010.7095046854
all,DNN,greedy,410005000,12,0,0,120,24,6.0,1572010.7095046854
all,DNN,greedy,410005000,12,1,10,130,27,8.0,1781776.380153739
all,DNN,greedy,410005000,12,2,10,140,29,8.0,1781776.380153739
all,DNN,guided,410005000,12,0,0,120,24,6.0,1572010.7095046854
all,DNN,guided,410005000,12,1,10,130,28,8.0,1781776.380153739
all,DNN,guided,410005000,12,2,10,140,33,9.0,1781776.380153739
all,DNN,AL,410005000,13,0,0,120,24,5.0,1787362.2572815537
all,DNN,AL,410005000,13,1,10,130,25,5.0,1787362.2572815537
all,DNN,AL,410005000,13,2,10,140,29,8.0,1787362.2572815537
all,DNN,greedy,410005000,13,0,0,120,24,5.0,1787362.2572815537
all,DNN,greedy,410005000,13,1,10,130,30,6.0,1787362.2572815537
all,DNN,greedy,410005000,13,2,10,140,33,7.0,1787362.2572815537
all,DNN,guided,410005000,13,0,0,120,24,5.0,1787362.2572815537
all,DNN,guided,410005000,13,1,10,130,31,8.0,1787362.2572815537
all,DNN,guided,410005000,13,2,10,140,34,9.0,1787362.2572815537
all,DNN,AL,410005000,14,0,0,120,24,4.0,1572010.7095046854
all,DNN,AL,410005000,14,1,10,130,27,6.0,1643030.692362598
all,DNN,AL,410005000,14,2,10,140,29,6.0,1643030.692362598
all,DNN,greedy,410005000,14,0,0,120,24,4.0,1572010.7095046854
all,DNN,greedy,410005000,14,1,10,130,29,4.0,1572010.7095046854
all,DNN,greedy,410005000,14,2,10,140,33,4.0,1572010.7095046854
all,DNN,guided,410005000,14,0,0,120,24,4.0,1572010.7095046854
all,DNN,guided,410005000,14,1,10,130,29,4.0,1572010.7095046854
all,DNN,guided,410005000,14,2,10,140,34,5.0,1572010.7095046854
