features,learner,arm,block,trial,stage,n_measured,n_hits,topk
kmer,XGB,AL,410001000,0,0,120,24,5
kmer,XGB,AL,410001000,0,1,130,24,5
kmer,XGB,AL,410001000,0,2,140,25,5
kmer,XGB,guided,410001000,0,0,120,24,5
kmer,XGB,guided,410001000,0,1,130,26,6
kmer,XGB,guided,410001000,0,2,140,28,6
kmer,XGB,AL,410001000,1,0,120,24,9
kmer,XGB,AL,410001000,1,1,130,25,9
kmer,XGB,AL,410001000,1,2,140,25,9
kmer,XGB,guided,410001000,1,0,120,24,9
kmer,XGB,guided,410001000,1,1,130,25,9
kmer,XGB,guided,410001000,1,2,140,29,10
kmer,XGB,AL,410001000,2,0,120,24,8
kmer,XGB,AL,410001000,2,1,130,24,8
kmer,XGB,AL,410001000,2,2,140,26,9
kmer,XGB,guided,410001000,2,0,120,24,8
kmer,XGB,guided,410001000,2,1,130,25,8
kmer,XGB,guided,410001000,2,2,140,25,8
kmer,XGB,AL,410001000,3,0,120,24,9
kmer,XGB,AL,410001000,3,1,130,25,9
kmer,XGB,AL,410001000,3,2,140,27,10
kmer,XGB,guided,410001000,3,0,120,24,9
kmer,XGB,guided,410001000,3,1,130,27,10
kmer,XGB,guided,410001000,3,2,140,29,10
kmer,XGB,AL,410001000,4,0,120,24,7
kmer,XGB,AL,410001000,4,1,130,26,7
kmer,XGB,AL,410001000,4,2,140,27,7
kmer,XGB,guided,410001000,4,0,120,24,7
kmer,XGB,guided,410001000,4,1,130,26,9
kmer,XGB,guided,410001000,4,2,140,28,10
kmer,XGB,AL,410001000,5,0,120,24,3
kmer,XGB,AL,410001000,5,1,130,25,3
kmer,XGB,AL,410001000,5,2,140,25,3
kmer,XGB,guided,410001000,5,0,120,24,3
kmer,XGB,guided,410001000,5,1,130,25,3
kmer,XGB,guided,410001000,5,2,140,29,4
kmer,XGB,AL,410001000,6,0,120,24,8
kmer,XGB,AL,410001000,6,1,130,25,8
kmer,XGB,AL,410001000,6,2,140,27,10
kmer,XGB,guided,410001000,6,0,120,24,8
kmer,XGB,guided,410001000,6,1,130,27,8
kmer,XGB,guided,410001000,6,2,140,31,9
kmer,XGB,AL,410001000,7,0,120,24,9
kmer,XGB,AL,410001000,7,1,130,26,9
kmer,XGB,AL,410001000,7,2,140,27,9
kmer,XGB,guided,410001000,7,0,120,24,9
kmer,XGB,guided,410001000,7,1,130,26,9
kmer,XGB,guided,410001000,7,2,140,27,9
kmer,XGB,AL,410001000,8,0,120,24,8
kmer,XGB,AL,410001000,8,1,130,24,8
kmer,XGB,AL,410001000,8,2,140,26,8
kmer,XGB,guided,410001000,8,0,120,24,8
kmer,XGB,guided,410001000,8,1,130,29,10
kmer,XGB,guided,410001000,8,2,140,33,10
kmer,XGB,AL,410001000,9,0,120,24,2
kmer,XGB,AL,410001000,9,1,130,24,2
kmer,XGB,AL,410001000,9,2,140,26,2
kmer,XGB,guided,410001000,9,0,120,24,2
kmer,XGB,guided,410001000,9,1,130,29,4
kmer,XGB,guided,410001000,9,2,140,33,4
kmer,XGB,AL,410001000,10,0,120,24,5
kmer,XGB,AL,410001000,10,1,130,25,5
kmer,XGB,AL,410001000,10,2,140,26,5
kmer,XGB,guided,410001000,10,0,120,24,5
kmer,XGB,guided,410001000,10,1,130,27,7
kmer,XGB,guided,410001000,10,2,140,28,8
kmer,XGB,AL,410001000,11,0,120,24,5
kmer,XGB,AL,410001000,11,1,130,26,6
kmer,XGB,AL,410001000,11,2,140,26,6
kmer,XGB,guided,410001000,11,0,120,24,5
kmer,XGB,guided,410001000,11,1,130,29,7
kmer,XGB,guided,410001000,11,2,140,33,7
kmer,XGB,AL,410001000,12,0,120,24,8
kmer,XGB,AL,410001000,12,1,130,26,9
kmer,XGB,AL,410001000,12,2,140,26,9
kmer,XGB,guided,410001000,12,0,120,24,8
kmer,XGB,guided,410001000,12,1,130,27,8
kmer,XGB,guided,410001000,12,2,140,28,9
kmer,XGB,AL,410001000,13,0,120,24,5
kmer,XGB,AL,410001000,13,1,130,26,5
kmer,XGB,AL,410001000,13,2,140,26,5
kmer,XGB,guided,410001000,13,0,120,24,5
kmer,XGB,guided,410001000,13,1,130,29,5
kmer,XGB,guided,410001000,13,2,140,31,5
kmer,XGB,AL,410001000,14,0,120,24,2
kmer,XGB,AL,410001000,14,1,130,26,2
kmer,XGB,AL,410001000,14,2,140,28,2
kmer,XGB,guided,410001000,14,0,120,24,2
kmer,XGB,guided,410001000,14,1,130,26,2
kmer,XGB,guided,410001000,14,2,140,28,3
kmer,XGB,AL,410002000,0,0,120,24,5
kmer,XGB,AL,410002000,0,1,130,25,5
kmer,XGB,AL,410002000,0,2,140,27,5
kmer,XGB,guided,410002000,0,0,120,24,5
kmer,XGB,guided,410002000,0,1,130,29,5
kmer,XGB,guided,410002000,0,2,140,30,5
kmer,XGB,AL,410002000,1,0,120,24,5
kmer,XGB,AL,410002000,1,1,130,25,5
kmer,XGB,AL,410002000,1,2,140,27,5
kmer,XGB,guided,410002000,1,0,120,24,5
kmer,XGB,guided,410002000,1,1,130,30,6
kmer,XGB,guided,410002000,1,2,140,30,6
kmer,XGB,AL,410002000,2,0,120,24,2
kmer,XGB,AL,410002000,2,1,130,27,2
kmer,XGB,AL,410002000,2,2,140,29,3
kmer,XGB,guided,410002000,2,0,120,24,2
kmer,XGB,guided,410002000,2,1,130,27,3
kmer,XGB,guided,410002000,2,2,140,32,4
kmer,XGB,AL,410002000,3,0,120,24,5
kmer,XGB,AL,410002000,3,1,130,25,5
kmer,XGB,AL,410002000,3,2,140,28,6
kmer,XGB,guided,410002000,3,0,120,24,5
kmer,XGB,guided,410002000,3,1,130,30,6
kmer,XGB,guided,410002000,3,2,140,32,6
kmer,XGB,AL,410002000,4,0,120,24,9
kmer,XGB,AL,410002000,4,1,130,26,9
kmer,XGB,AL,410002000,4,2,140,28,9
kmer,XGB,guided,410002000,4,0,120,24,9
kmer,XGB,guided,410002000,4,1,130,31,9
kmer,XGB,guided,410002000,4,2,140,35,10
kmer,XGB,AL,410002000,5,0,120,24,10
kmer,XGB,AL,410002000,5,1,130,26,10
kmer,XGB,AL,410002000,5,2,140,27,11
kmer,XGB,guided,410002000,5,0,120,24,10
kmer,XGB,guided,410002000,5,1,130,30,11
kmer,XGB,guided,410002000,5,2,140,33,11
kmer,XGB,AL,410002000,6,0,120,24,5
kmer,XGB,AL,410002000,6,1,130,26,5
kmer,XGB,AL,410002000,6,2,140,30,7
kmer,XGB,guided,410002000,6,0,120,24,5
kmer,XGB,guided,410002000,6,1,130,29,6
kmer,XGB,guided,410002000,6,2,140,32,6
kmer,XGB,AL,410002000,7,0,120,24,3
kmer,XGB,AL,410002000,7,1,130,26,3
kmer,XGB,AL,410002000,7,2,140,27,3
kmer,XGB,guided,410002000,7,0,120,24,3
kmer,XGB,guided,410002000,7,1,130,29,4
kmer,XGB,guided,410002000,7,2,140,31,4
kmer,XGB,AL,410002000,8,0,120,24,5
kmer,XGB,AL,410002000,8,1,130,24,5
kmer,XGB,AL,410002000,8,2,140,24,5
kmer,XGB,guided,410002000,8,0,120,24,5
kmer,XGB,guided,410002000,8,1,130,27,5
kmer,XGB,guided,410002000,8,2,140,30,5
kmer,XGB,AL,410002000,9,0,120,24,6
kmer,XGB,AL,410002000,9,1,130,25,6
kmer,XGB,AL,410002000,9,2,140,27,6
kmer,XGB,guided,410002000,9,0,120,24,6
kmer,XGB,guided,410002000,9,1,130,31,6
kmer,XGB,guided,410002000,9,2,140,34,6
kmer,XGB,AL,410002000,10,0,120,24,3
kmer,XGB,AL,410002000,10,1,130,24,3
kmer,XGB,AL,410002000,10,2,140,24,3
kmer,XGB,guided,410002000,10,0,120,24,3
kmer,XGB,guided,410002000,10,1,130,29,4
kmer,XGB,guided,410002000,10,2,140,33,5
kmer,XGB,AL,410002000,11,0,120,24,7
kmer,XGB,AL,410002000,11,1,130,25,8
kmer,XGB,AL,410002000,11,2,140,25,8
kmer,XGB,guided,410002000,11,0,120,24,7
kmer,XGB,guided,410002000,11,1,130,28,8
kmer,XGB,guided,410002000,11,2,140,31,8
kmer,XGB,AL,410002000,12,0,120,24,4
kmer,XGB,AL,410002000,12,1,130,26,4
kmer,XGB,AL,410002000,12,2,140,26,4
kmer,XGB,guided,410002000,12,0,120,24,4
kmer,XGB,guided,410002000,12,1,130,27,4
kmer,XGB,guided,410002000,12,2,140,30,5
kmer,XGB,AL,410002000,13,0,120,24,9
kmer,XGB,AL,410002000,13,1,130,24,9
kmer,XGB,AL,410002000,13,2,140,25,9
kmer,XGB,guided,410002000,13,0,120,24,9
kmer,XGB,guided,410002000,13,1,130,27,11
kmer,XGB,guided,410002000,13,2,140,29,11
kmer,XGB,AL,410002000,14,0,120,24,13
kmer,XGB,AL,410002000,14,1,130,24,13
kmer,XGB,AL,410002000,14,2,140,27,13
kmer,XGB,guided,410002000,14,0,120,24,13
kmer,XGB,guided,410002000,14,1,130,27,13
kmer,XGB,guided,410002000,14,2,140,31,13
kmer,XGB,AL,410003000,0,0,120,24,3
kmer,XGB,AL,410003000,0,1,130,25,3
kmer,XGB,AL,410003000,0,2,140,27,3
kmer,XGB,guided,410003000,0,0,120,24,3
kmer,XGB,guided,410003000,0,1,130,29,3
kmer,XGB,guided,410003000,0,2,140,32,3
kmer,XGB,AL,410003000,1,0,120,24,5
kmer,XGB,AL,410003000,1,1,130,24,5
kmer,XGB,AL,410003000,1,2,140,26,6
kmer,XGB,guided,410003000,1,0,120,24,5
kmer,XGB,guided,410003000,1,1,130,27,7
kmer,XGB,guided,410003000,1,2,140,28,7
kmer,XGB,AL,410003000,2,0,120,24,2
kmer,XGB,AL,410003000,2,1,130,24,2
kmer,XGB,AL,410003000,2,2,140,26,3
kmer,XGB,guided,410003000,2,0,120,24,2
kmer,XGB,guided,410003000,2,1,130,29,5
kmer,XGB,guided,410003000,2,2,140,31,6
kmer,XGB,AL,410003000,3,0,120,24,5
kmer,XGB,AL,410003000,3,1,130,26,5
kmer,XGB,AL,410003000,3,2,140,29,6
kmer,XGB,guided,410003000,3,0,120,24,5
kmer,XGB,guided,410003000,3,1,130,30,6
kmer,XGB,guided,410003000,3,2,140,36,6
kmer,XGB,AL,410003000,4,0,120,24,4
kmer,XGB,AL,410003000,4,1,130,25,4
kmer,XGB,AL,410003000,4,2,140,26,4
kmer,XGB,guided,410003000,4,0,120,24,4
kmer,XGB,guided,410003000,4,1,130,29,6
kmer,XGB,guided,410003000,4,2,140,32,6
kmer,XGB,AL,410003000,5,0,120,24,4
kmer,XGB,AL,410003000,5,1,130,24,4
kmer,XGB,AL,410003000,5,2,140,25,4
kmer,XGB,guided,410003000,5,0,120,24,4
kmer,XGB,guided,410003000,5,1,130,28,4
kmer,XGB,guided,410003000,5,2,140,30,5
kmer,XGB,AL,410003000,6,0,120,24,8
kmer,XGB,AL,410003000,6,1,130,27,8
kmer,XGB,AL,410003000,6,2,140,28,8
kmer,XGB,guided,410003000,6,0,120,24,8
kmer,XGB,guided,410003000,6,1,130,27,8
kmer,XGB,guided,410003000,6,2,140,29,9
kmer,XGB,AL,410003000,7,0,120,24,7
kmer,XGB,AL,410003000,7,1,130,24,7
kmer,XGB,AL,410003000,7,2,140,25,7
kmer,XGB,guided,410003000,7,0,120,24,7
kmer,XGB,guided,410003000,7,1,130,28,8
kmer,XGB,guided,410003000,7,2,140,30,8
kmer,XGB,AL,410003000,8,0,120,24,9
kmer,XGB,AL,410003000,8,1,130,25,9
kmer,XGB,AL,410003000,8,2,140,26,9
kmer,XGB,guided,410003000,8,0,120,24,9
kmer,XGB,guided,410003000,8,1,130,26,9
kmer,XGB,guided,410003000,8,2,140,28,9
kmer,XGB,AL,410003000,9,0,120,24,5
kmer,XGB,AL,410003000,9,1,130,25,5
kmer,XGB,AL,410003000,9,2,140,25,5
kmer,XGB,guided,410003000,9,0,120,24,5
kmer,XGB,guided,410003000,9,1,130,29,7
kmer,XGB,guided,410003000,9,2,140,30,8
kmer,XGB,AL,410003000,10,0,120,24,6
kmer,XGB,AL,410003000,10,1,130,26,6
kmer,XGB,AL,410003000,10,2,140,26,6
kmer,XGB,guided,410003000,10,0,120,24,6
kmer,XGB,guided,410003000,10,1,130,25,6
kmer,XGB,guided,410003000,10,2,140,26,7
kmer,XGB,AL,410003000,11,0,120,24,6
kmer,XGB,AL,410003000,11,1,130,24,6
kmer,XGB,AL,410003000,11,2,140,24,6
kmer,XGB,guided,410003000,11,0,120,24,6
kmer,XGB,guided,410003000,11,1,130,31,9
kmer,XGB,guided,410003000,11,2,140,31,9
kmer,XGB,AL,410003000,12,0,120,24,6
kmer,XGB,AL,410003000,12,1,130,26,7
kmer,XGB,AL,410003000,12,2,140,26,7
kmer,XGB,guided,410003000,12,0,120,24,6
kmer,XGB,guided,410003000,12,1,130,25,6
kmer,XGB,guided,410003000,12,2,140,27,7
kmer,XGB,AL,410003000,13,0,120,24,6
kmer,XGB,AL,410003000,13,1,130,24,6
kmer,XGB,AL,410003000,13,2,140,25,7
kmer,XGB,guided,410003000,13,0,120,24,6
kmer,XGB,guided,410003000,13,1,130,26,8
kmer,XGB,guided,410003000,13,2,140,27,8
kmer,XGB,AL,410003000,14,0,120,24,6
kmer,XGB,AL,410003000,14,1,130,25,6
kmer,XGB,AL,410003000,14,2,140,25,6
kmer,XGB,guided,410003000,14,0,120,24,6
kmer,XGB,guided,410003000,14,1,130,27,7
kmer,XGB,guided,410003000,14,2,140,28,7
kmer,XGB,AL,410004000,0,0,120,24,7
kmer,XGB,AL,410004000,0,1,130,24,7
kmer,XGB,AL,410004000,0,2,140,25,7
kmer,XGB,guided,410004000,0,0,120,24,7
kmer,XGB,guided,410004000,0,1,130,27,8
kmer,XGB,guided,410004000,0,2,140,29,9
kmer,XGB,AL,410004000,1,0,120,24,4
kmer,XGB,AL,410004000,1,1,130,24,4
kmer,XGB,AL,410004000,1,2,140,24,4
kmer,XGB,guided,410004000,1,0,120,24,4
kmer,XGB,guided,410004000,1,1,130,28,6
kmer,XGB,guided,410004000,1,2,140,33,8
kmer,XGB,AL,410004000,2,0,120,24,7
kmer,XGB,AL,410004000,2,1,130,24,7
kmer,XGB,AL,410004000,2,2,140,24,7
kmer,XGB,guided,410004000,2,0,120,24,7
kmer,XGB,guided,410004000,2,1,130,30,9
kmer,XGB,guided,410004000,2,2,140,35,10
kmer,XGB,AL,410004000,3,0,120,24,3
kmer,XGB,AL,410004000,3,1,130,28,4
kmer,XGB,AL,410004000,3,2,140,29,5
kmer,XGB,guided,410004000,3,0,120,24,3
kmer,XGB,guided,410004000,3,1,130,29,3
kmer,XGB,guided,410004000,3,2,140,32,4
kmer,XGB,AL,410004000,4,0,120,24,7
kmer,XGB,AL,410004000,4,1,130,24,7
kmer,XGB,AL,410004000,4,2,140,25,8
kmer,XGB,guided,410004000,4,0,120,24,7
kmer,XGB,guided,410004000,4,1,130,26,7
kmer,XGB,guided,410004000,4,2,140,30,7
kmer,XGB,AL,410004000,5,0,120,24,5
kmer,XGB,AL,410004000,5,1,130,24,5
kmer,XGB,AL,410004000,5,2,140,26,5
kmer,XGB,guided,410004000,5,0,120,24,5
kmer,XGB,guided,410004000,5,1,130,29,5
kmer,XGB,guided,410004000,5,2,140,31,5
kmer,XGB,AL,410004000,6,0,120,24,9
kmer,XGB,AL,410004000,6,1,130,25,9
kmer,XGB,AL,410004000,6,2,140,25,9
kmer,XGB,guided,410004000,6,0,120,24,9
kmer,XGB,guided,410004000,6,1,130,28,12
kmer,XGB,guided,410004000,6,2,140,30,12
kmer,XGB,AL,410004000,7,0,120,24,8
kmer,XGB,AL,410004000,7,1,130,25,8
kmer,XGB,AL,410004000,7,2,140,26,8
kmer,XGB,guided,410004000,7,0,120,24,8
kmer,XGB,guided,410004000,7,1,130,29,9
kmer,XGB,guided,410004000,7,2,140,33,9
kmer,XGB,AL,410004000,8,0,120,24,5
kmer,XGB,AL,410004000,8,1,130,26,5
kmer,XGB,AL,410004000,8,2,140,29,6
kmer,XGB,guided,410004000,8,0,120,24,5
kmer,XGB,guided,410004000,8,1,130,29,7
kmer,XGB,guided,410004000,8,2,140,30,7
kmer,XGB,AL,410004000,9,0,120,24,6
kmer,XGB,AL,410004000,9,1,130,24,6
kmer,XGB,AL,410004000,9,2,140,26,6
kmer,XGB,guided,410004000,9,0,120,24,6
kmer,XGB,guided,410004000,9,1,130,28,7
kmer,XGB,guided,410004000,9,2,140,30,8
kmer,XGB,AL,410004000,10,0,120,24,5
kmer,XGB,AL,410004000,10,1,130,25,5
kmer,XGB,AL,410004000,10,2,140,27,5
kmer,XGB,guided,410004000,10,0,120,24,5
kmer,XGB,guided,410004000,10,1,130,28,5
kmer,XGB,guided,410004000,10,2,140,29,5
kmer,XGB,AL,410004000,11,0,120,24,4
kmer,XGB,AL,410004000,11,1,130,26,5
kmer,XGB,AL,410004000,11,2,140,27,5
kmer,XGB,guided,410004000,11,0,120,24,4
kmer,XGB,guided,410004000,11,1,130,31,4
kmer,XGB,guided,410004000,11,2,140,36,5
kmer,XGB,AL,410004000,12,0,120,24,4
kmer,XGB,AL,410004000,12,1,130,24,4
kmer,XGB,AL,410004000,12,2,140,25,4
kmer,XGB,guided,410004000,12,0,120,24,4
kmer,XGB,guided,410004000,12,1,130,28,4
kmer,XGB,guided,410004000,12,2,140,29,4
kmer,XGB,AL,410004000,13,0,120,24,10
kmer,XGB,AL,410004000,13,1,130,24,10
kmer,XGB,AL,410004000,13,2,140,27,11
kmer,XGB,guided,410004000,13,0,120,24,10
kmer,XGB,guided,410004000,13,1,130,25,11
kmer,XGB,guided,410004000,13,2,140,27,11
kmer,XGB,AL,410004000,14,0,120,24,5
kmer,XGB,AL,410004000,14,1,130,24,5
kmer,XGB,AL,410004000,14,2,140,24,5
kmer,XGB,guided,410004000,14,0,120,24,5
kmer,XGB,guided,410004000,14,1,130,30,7
kmer,XGB,guided,410004000,14,2,140,32,7
kmer,XGB,AL,410005000,0,0,120,24,4
kmer,XGB,AL,410005000,0,1,130,28,5
kmer,XGB,AL,410005000,0,2,140,30,5
kmer,XGB,guided,410005000,0,0,120,24,4
kmer,XGB,guided,410005000,0,1,130,30,6
kmer,XGB,guided,410005000,0,2,140,34,6
kmer,XGB,AL,410005000,1,0,120,24,4
kmer,XGB,AL,410005000,1,1,130,25,4
kmer,XGB,AL,410005000,1,2,140,27,5
kmer,XGB,guided,410005000,1,0,120,24,4
kmer,XGB,guided,410005000,1,1,130,30,6
kmer,XGB,guided,410005000,1,2,140,32,7
kmer,XGB,AL,410005000,2,0,120,24,3
kmer,XGB,AL,410005000,2,1,130,24,3
kmer,XGB,AL,410005000,2,2,140,26,3
kmer,XGB,guided,410005000,2,0,120,24,3
kmer,XGB,guided,410005000,2,1,130,31,5
kmer,XGB,guided,410005000,2,2,140,34,5
kmer,XGB,AL,410005000,3,0,120,24,4
kmer,XGB,AL,410005000,3,1,130,25,4
kmer,XGB,AL,410005000,3,2,140,27,4
kmer,XGB,guided,410005000,3,0,120,24,4
kmer,XGB,guided,410005000,3,1,130,26,5
kmer,XGB,guided,410005000,3,2,140,29,7
kmer,XGB,AL,410005000,4,0,120,24,6
kmer,XGB,AL,410005000,4,1,130,24,6
kmer,XGB,AL,410005000,4,2,140,24,6
kmer,XGB,guided,410005000,4,0,120,24,6
kmer,XGB,guided,410005000,4,1,130,32,6
kmer,XGB,guided,410005000,4,2,140,33,6
kmer,XGB,AL,410005000,5,0,120,24,7
kmer,XGB,AL,410005000,5,1,130,24,7
kmer,XGB,AL,410005000,5,2,140,27,7
kmer,XGB,guided,410005000,5,0,120,24,7
kmer,XGB,guided,410005000,5,1,130,27,7
kmer,XGB,guided,410005000,5,2,140,29,7
kmer,XGB,AL,410005000,6,0,120,24,5
kmer,XGB,AL,410005000,6,1,130,25,5
kmer,XGB,AL,410005000,6,2,140,25,5
kmer,XGB,guided,410005000,6,0,120,24,5
kmer,XGB,guided,410005000,6,1,130,27,6
kmer,XGB,guided,410005000,6,2,140,28,6
kmer,XGB,AL,410005000,7,0,120,24,4
kmer,XGB,AL,410005000,7,1,130,27,5
kmer,XGB,AL,410005000,7,2,140,28,6
kmer,XGB,guided,410005000,7,0,120,24,4
kmer,XGB,guided,410005000,7,1,130,31,5
kmer,XGB,guided,410005000,7,2,140,35,5
kmer,XGB,AL,410005000,8,0,120,24,5
kmer,XGB,AL,410005000,8,1,130,26,6
kmer,XGB,AL,410005000,8,2,140,27,7
kmer,XGB,guided,410005000,8,0,120,24,5
kmer,XGB,guided,410005000,8,1,130,30,6
kmer,XGB,guided,410005000,8,2,140,33,6
kmer,XGB,AL,410005000,9,0,120,24,5
kmer,XGB,AL,410005000,9,1,130,25,5
kmer,XGB,AL,410005000,9,2,140,27,6
kmer,XGB,guided,410005000,9,0,120,24,5
kmer,XGB,guided,410005000,9,1,130,30,6
kmer,XGB,guided,410005000,9,2,140,30,6
kmer,XGB,AL,410005000,10,0,120,24,5
kmer,XGB,AL,410005000,10,1,130,25,5
kmer,XGB,AL,410005000,10,2,140,28,5
kmer,XGB,guided,410005000,10,0,120,24,5
kmer,XGB,guided,410005000,10,1,130,28,5
kmer,XGB,guided,410005000,10,2,140,32,5
kmer,XGB,AL,410005000,11,0,120,24,8
kmer,XGB,AL,410005000,11,1,130,25,8
kmer,XGB,AL,410005000,11,2,140,28,8
kmer,XGB,guided,410005000,11,0,120,24,8
kmer,XGB,guided,410005000,11,1,130,28,8
kmer,XGB,guided,410005000,11,2,140,31,8
kmer,XGB,AL,410005000,12,0,120,24,5
kmer,XGB,AL,410005000,12,1,130,25,5
kmer,XGB,AL,410005000,12,2,140,28,6
kmer,XGB,guided,410005000,12,0,120,24,5
kmer,XGB,guided,410005000,12,1,130,27,5
kmer,XGB,guided,410005000,12,2,140,30,6
kmer,XGB,AL,410005000,13,0,120,24,7
kmer,XGB,AL,410005000,13,1,130,26,9
kmer,XGB,AL,410005000,13,2,140,27,9
kmer,XGB,guided,410005000,13,0,120,24,7
kmer,XGB,guided,410005000,13,1,130,26,7
kmer,XGB,guided,410005000,13,2,140,29,8
kmer,XGB,AL,410005000,14,0,120,24,5
kmer,XGB,AL,410005000,14,1,130,24,5
kmer,XGB,AL,410005000,14,2,140,25,5
kmer,XGB,guided,410005000,14,0,120,24,5
kmer,XGB,guided,410005000,14,1,130,27,7
kmer,XGB,guided,410005000,14,2,140,29,7
kmer,GPR,AL,410001000,0,0,120,24,5
kmer,GPR,AL,410001000,0,1,130,26,6
kmer,GPR,AL,410001000,0,2,140,31,6
kmer,GPR,guided,410001000,0,0,120,24,5
kmer,GPR,guided,410001000,0,1,130,26,6
kmer,GPR,guided,410001000,0,2,140,27,6
kmer,GPR,AL,410001000,1,0,120,24,9
kmer,GPR,AL,410001000,1,1,130,27,10
kmer,GPR,AL,410001000,1,2,140,29,11
kmer,GPR,guided,410001000,1,0,120,24,9
kmer,GPR,guided,410001000,1,1,130,27,9
kmer,GPR,guided,410001000,1,2,140,27,9
kmer,GPR,AL,410001000,2,0,120,24,8
kmer,GPR,AL,410001000,2,1,130,25,8
kmer,GPR,AL,410001000,2,2,140,28,10
kmer,GPR,guided,410001000,2,0,120,24,8
kmer,GPR,guided,410001000,2,1,130,26,8
kmer,GPR,guided,410001000,2,2,140,27,8
kmer,GPR,AL,410001000,3,0,120,24,9
kmer,GPR,AL,410001000,3,1,130,28,9
kmer,GPR,AL,410001000,3,2,140,31,12
kmer,GPR,guided,410001000,3,0,120,24,9
kmer,GPR,guided,410001000,3,1,130,26,10
kmer,GPR,guided,410001000,3,2,140,28,10
kmer,GPR,AL,410001000,4,0,120,24,7
kmer,GPR,AL,410001000,4,1,130,26,7
kmer,GPR,AL,410001000,4,2,140,28,8
kmer,GPR,guided,410001000,4,0,120,24,7
kmer,GPR,guided,410001000,4,1,130,27,9
kmer,GPR,guided,410001000,4,2,140,28,9
kmer,GPR,AL,410001000,5,0,120,24,3
kmer,GPR,AL,410001000,5,1,130,27,3
kmer,GPR,AL,410001000,5,2,140,31,4
kmer,GPR,guided,410001000,5,0,120,24,3
kmer,GPR,guided,410001000,5,1,130,28,3
kmer,GPR,guided,410001000,5,2,140,33,5
kmer,GPR,AL,410001000,6,0,120,24,8
kmer,GPR,AL,410001000,6,1,130,26,8
kmer,GPR,AL,410001000,6,2,140,30,8
kmer,GPR,guided,410001000,6,0,120,24,8
kmer,GPR,guided,410001000,6,1,130,29,8
kmer,GPR,guided,410001000,6,2,140,31,8
kmer,GPR,AL,410001000,7,0,120,24,9
kmer,GPR,AL,410001000,7,1,130,24,9
kmer,GPR,AL,410001000,7,2,140,25,10
kmer,GPR,guided,410001000,7,0,120,24,9
kmer,GPR,guided,410001000,7,1,130,27,10
kmer,GPR,guided,410001000,7,2,140,28,10
kmer,GPR,AL,410001000,8,0,120,24,8
kmer,GPR,AL,410001000,8,1,130,27,9
kmer,GPR,AL,410001000,8,2,140,30,10
kmer,GPR,guided,410001000,8,0,120,24,8
kmer,GPR,guided,410001000,8,1,130,29,10
kmer,GPR,guided,410001000,8,2,140,32,10
kmer,GPR,AL,410001000,9,0,120,24,2
kmer,GPR,AL,410001000,9,1,130,27,3
kmer,GPR,AL,410001000,9,2,140,29,4
kmer,GPR,guided,410001000,9,0,120,24,2
kmer,GPR,guided,410001000,9,1,130,31,4
kmer,GPR,guided,410001000,9,2,140,31,4
kmer,GPR,AL,410001000,10,0,120,24,5
kmer,GPR,AL,410001000,10,1,130,28,5
kmer,GPR,AL,410001000,10,2,140,32,6
kmer,GPR,guided,410001000,10,0,120,24,5
kmer,GPR,guided,410001000,10,1,130,30,7
kmer,GPR,guided,410001000,10,2,140,32,8
kmer,GPR,AL,410001000,11,0,120,24,5
kmer,GPR,AL,410001000,11,1,130,27,5
kmer,GPR,AL,410001000,11,2,140,28,5
kmer,GPR,guided,410001000,11,0,120,24,5
kmer,GPR,guided,410001000,11,1,130,29,7
kmer,GPR,guided,410001000,11,2,140,32,7
kmer,GPR,AL,410001000,12,0,120,24,8
kmer,GPR,AL,410001000,12,1,130,25,9
kmer,GPR,AL,410001000,12,2,140,28,10
kmer,GPR,guided,410001000,12,0,120,24,8
kmer,GPR,guided,410001000,12,1,130,27,8
kmer,GPR,guided,410001000,12,2,140,28,9
kmer,GPR,AL,410001000,13,0,120,24,5
kmer,GPR,AL,410001000,13,1,130,29,6
kmer,GPR,AL,410001000,13,2,140,31,6
kmer,GPR,guided,410001000,13,0,120,24,5
kmer,GPR,guided,410001000,13,1,130,30,5
kmer,GPR,guided,410001000,13,2,140,35,5
kmer,GPR,AL,410001000,14,0,120,24,2
kmer,GPR,AL,410001000,14,1,130,27,4
kmer,GPR,AL,410001000,14,2,140,32,4
kmer,GPR,guided,410001000,14,0,120,24,2
kmer,GPR,guided,410001000,14,1,130,28,2
kmer,GPR,guided,410001000,14,2,140,30,2
kmer,GPR,AL,410002000,0,0,120,24,5
kmer,GPR,AL,410002000,0,1,130,26,5
kmer,GPR,AL,410002000,0,2,140,32,5
kmer,GPR,guided,410002000,0,0,120,24,5
kmer,GPR,guided,410002000,0,1,130,30,5
kmer,GPR,guided,410002000,0,2,140,33,5
kmer,GPR,AL,410002000,1,0,120,24,5
kmer,GPR,AL,410002000,1,1,130,31,6
kmer,GPR,AL,410002000,1,2,140,32,6
kmer,GPR,guided,410002000,1,0,120,24,5
kmer,GPR,guided,410002000,1,1,130,30,5
kmer,GPR,guided,410002000,1,2,140,32,6
kmer,GPR,AL,410002000,2,0,120,24,2
kmer,GPR,AL,410002000,2,1,130,29,2
kmer,GPR,AL,410002000,2,2,140,34,2
kmer,GPR,guided,410002000,2,0,120,24,2
kmer,GPR,guided,410002000,2,1,130,29,3
kmer,GPR,guided,410002000,2,2,140,36,5
kmer,GPR,AL,410002000,3,0,120,24,5
kmer,GPR,AL,410002000,3,1,130,27,5
kmer,GPR,AL,410002000,3,2,140,30,5
kmer,GPR,guided,410002000,3,0,120,24,5
kmer,GPR,guided,410002000,3,1,130,30,6
kmer,GPR,guided,410002000,3,2,140,34,7
kmer,GPR,AL,410002000,4,0,120,24,9
kmer,GPR,AL,410002000,4,1,130,27,9
kmer,GPR,AL,410002000,4,2,140,28,9
kmer,GPR,guided,410002000,4,0,120,24,9
kmer,GPR,guided,410002000,4,1,130,32,9
kmer,GPR,guided,410002000,4,2,140,33,9
kmer,GPR,AL,410002000,5,0,120,24,10
kmer,GPR,AL,410002000,5,1,130,27,10
kmer,GPR,AL,410002000,5,2,140,28,10
kmer,GPR,guided,410002000,5,0,120,24,10
kmer,GPR,guided,410002000,5,1,130,30,10
kmer,GPR,guided,410002000,5,2,140,30,10
kmer,GPR,AL,410002000,6,0,120,24,5
kmer,GPR,AL,410002000,6,1,130,27,5
kmer,GPR,AL,410002000,6,2,140,30,6
kmer,GPR,guided,410002000,6,0,120,24,5
kmer,GPR,guided,410002000,6,1,130,30,5
kmer,GPR,guided,410002000,6,2,140,33,6
kmer,GPR,AL,410002000,7,0,120,24,3
kmer,GPR,AL,410002000,7,1,130,27,5
kmer,GPR,AL,410002000,7,2,140,27,5
kmer,GPR,guided,410002000,7,0,120,24,3
kmer,GPR,guided,410002000,7,1,130,27,4
kmer,GPR,guided,410002000,7,2,140,30,5
kmer,GPR,AL,410002000,8,0,120,24,5
kmer,GPR,AL,410002000,8,1,130,25,5
kmer,GPR,AL,410002000,8,2,140,27,6
kmer,GPR,guided,410002000,8,0,120,24,5
kmer,GPR,guided,410002000,8,1,130,27,5
kmer,GPR,guided,410002000,8,2,140,30,6
kmer,GPR,AL,410002000,9,0,120,24,6
kmer,GPR,AL,410002000,9,1,130,26,6
kmer,GPR,AL,410002000,9,2,140,29,6
kmer,GPR,guided,410002000,9,0,120,24,6
kmer,GPR,guided,410002000,9,1,130,29,6
kmer,GPR,guided,410002000,9,2,140,34,7
kmer,GPR,AL,410002000,10,0,120,24,3
kmer,GPR,AL,410002000,10,1,130,25,3
kmer,GPR,AL,410002000,10,2,140,30,4
kmer,GPR,guided,410002000,10,0,120,24,3
kmer,GPR,guided,410002000,10,1,130,29,4
kmer,GPR,guided,410002000,10,2,140,33,5
kmer,GPR,AL,410002000,11,0,120,24,7
kmer,GPR,AL,410002000,11,1,130,27,8
kmer,GPR,AL,410002000,11,2,140,28,9
kmer,GPR,guided,410002000,11,0,120,24,7
kmer,GPR,guided,410002000,11,1,130,28,8
kmer,GPR,guided,410002000,11,2,140,33,9
kmer,GPR,AL,410002000,12,0,120,24,4
kmer,GPR,AL,410002000,12,1,130,26,5
kmer,GPR,AL,410002000,12,2,140,30,6
kmer,GPR,guided,410002000,12,0,120,24,4
kmer,GPR,guided,410002000,12,1,130,27,4
kmer,GPR,guided,410002000,12,2,140,32,5
kmer,GPR,AL,410002000,13,0,120,24,9
kmer,GPR,AL,410002000,13,1,130,24,9
kmer,GPR,AL,410002000,13,2,140,24,9
kmer,GPR,guided,410002000,13,0,120,24,9
kmer,GPR,guided,410002000,13,1,130,26,10
kmer,GPR,guided,410002000,13,2,140,28,10
kmer,GPR,AL,410002000,14,0,120,24,13
kmer,GPR,AL,410002000,14,1,130,27,13
kmer,GPR,AL,410002000,14,2,140,28,13
kmer,GPR,guided,410002000,14,0,120,24,13
kmer,GPR,guided,410002000,14,1,130,27,13
kmer,GPR,guided,410002000,14,2,140,33,13
kmer,GPR,AL,410003000,0,0,120,24,3
kmer,GPR,AL,410003000,0,1,130,29,6
kmer,GPR,AL,410003000,0,2,140,31,6
kmer,GPR,guided,410003000,0,0,120,24,3
kmer,GPR,guided,410003000,0,1,130,28,3
kmer,GPR,guided,410003000,0,2,140,30,3
kmer,GPR,AL,410003000,1,0,120,24,5
kmer,GPR,AL,410003000,1,1,130,24,5
kmer,GPR,AL,410003000,1,2,140,27,6
kmer,GPR,guided,410003000,1,0,120,24,5
kmer,GPR,guided,410003000,1,1,130,29,7
kmer,GPR,guided,410003000,1,2,140,31,8
kmer,GPR,AL,410003000,2,0,120,24,2
kmer,GPR,AL,410003000,2,1,130,27,2
kmer,GPR,AL,410003000,2,2,140,29,2
kmer,GPR,guided,410003000,2,0,120,24,2
kmer,GPR,guided,410003000,2,1,130,29,5
kmer,GPR,guided,410003000,2,2,140,32,6
kmer,GPR,AL,410003000,3,0,120,24,5
kmer,GPR,AL,410003000,3,1,130,27,5
kmer,GPR,AL,410003000,3,2,140,32,6
kmer,GPR,guided,410003000,3,0,120,24,5
kmer,GPR,guided,410003000,3,1,130,30,6
kmer,GPR,guided,410003000,3,2,140,35,6
kmer,GPR,AL,410003000,4,0,120,24,4
kmer,GPR,AL,410003000,4,1,130,28,5
kmer,GPR,AL,410003000,4,2,140,30,5
kmer,GPR,guided,410003000,4,0,120,24,4
kmer,GPR,guided,410003000,4,1,130,29,6
kmer,GPR,guided,410003000,4,2,140,34,7
kmer,GPR,AL,410003000,5,0,120,24,4
kmer,GPR,AL,410003000,5,1,130,27,5
kmer,GPR,AL,410003000,5,2,140,30,5
kmer,GPR,guided,410003000,5,0,120,24,4
kmer,GPR,guided,410003000,5,1,130,27,4
kmer,GPR,guided,410003000,5,2,140,29,4
kmer,GPR,AL,410003000,6,0,120,24,8
kmer,GPR,AL,410003000,6,1,130,27,8
kmer,GPR,AL,410003000,6,2,140,30,8
kmer,GPR,guided,410003000,6,0,120,24,8
kmer,GPR,guided,410003000,6,1,130,28,8
kmer,GPR,guided,410003000,6,2,140,32,9
kmer,GPR,AL,410003000,7,0,120,24,7
kmer,GPR,AL,410003000,7,1,130,26,7
kmer,GPR,AL,410003000,7,2,140,28,7
kmer,GPR,guided,410003000,7,0,120,24,7
kmer,GPR,guided,410003000,7,1,130,29,8
kmer,GPR,guided,410003000,7,2,140,30,8
kmer,GPR,AL,410003000,8,0,120,24,9
kmer,GPR,AL,410003000,8,1,130,25,9
kmer,GPR,AL,410003000,8,2,140,28,9
kmer,GPR,guided,410003000,8,0,120,24,9
kmer,GPR,guided,410003000,8,1,130,28,9
kmer,GPR,guided,410003000,8,2,140,30,9
kmer,GPR,AL,410003000,9,0,120,24,5
kmer,GPR,AL,410003000,9,1,130,25,5
kmer,GPR,AL,410003000,9,2,140,27,5
kmer,GPR,guided,410003000,9,0,120,24,5
kmer,GPR,guided,410003000,9,1,130,29,7
kmer,GPR,guided,410003000,9,2,140,33,8
kmer,GPR,AL,410003000,10,0,120,24,6
kmer,GPR,AL,410003000,10,1,130,28,7
kmer,GPR,AL,410003000,10,2,140,30,7
kmer,GPR,guided,410003000,10,0,120,24,6
kmer,GPR,guided,410003000,10,1,130,25,6
kmer,GPR,guided,410003000,10,2,140,29,8
kmer,GPR,AL,410003000,11,0,120,24,6
kmer,GPR,AL,410003000,11,1,130,24,6
kmer,GPR,AL,410003000,11,2,140,25,6
kmer,GPR,guided,410003000,11,0,120,24,6
kmer,GPR,guided,410003000,11,1,130,28,8
kmer,GPR,guided,410003000,11,2,140,28,8
kmer,GPR,AL,410003000,12,0,120,24,6
kmer,GPR,AL,410003000,12,1,130,26,6
kmer,GPR,AL,410003000,12,2,140,28,7
kmer,GPR,guided,410003000,12,0,120,24,6
kmer,GPR,guided,410003000,12,1,130,26,6
kmer,GPR,guided,410003000,12,2,140,28,8
kmer,GPR,AL,410003000,13,0,120,24,6
kmer,GPR,AL,410003000,13,1,130,26,7
kmer,GPR,AL,410003000,13,2,140,32,8
kmer,GPR,guided,410003000,13,0,120,24,6
kmer,GPR,guided,410003000,13,1,130,28,8
kmer,GPR,guided,410003000,13,2,140,29,8
kmer,GPR,AL,410003000,14,0,120,24,6
kmer,GPR,AL,410003000,14,1,130,26,7
kmer,GPR,AL,410003000,14,2,140,30,7
kmer,GPR,guided,410003000,14,0,120,24,6
kmer,GPR,guided,410003000,14,1,130,29,7
kmer,GPR,guided,410003000,14,2,140,34,7
kmer,GPR,AL,410004000,0,0,120,24,7
kmer,GPR,AL,410004000,0,1,130,25,7
kmer,GPR,AL,410004000,0,2,140,25,7
kmer,GPR,guided,410004000,0,0,120,24,7
kmer,GPR,guided,410004000,0,1,130,27,9
kmer,GPR,guided,410004000,0,2,140,28,10
kmer,GPR,AL,410004000,1,0,120,24,4
kmer,GPR,AL,410004000,1,1,130,29,4
kmer,GPR,AL,410004000,1,2,140,32,6
kmer,GPR,guided,410004000,1,0,120,24,4
kmer,GPR,guided,410004000,1,1,130,30,6
kmer,GPR,guided,410004000,1,2,140,34,6
kmer,GPR,AL,410004000,2,0,120,24,7
kmer,GPR,AL,410004000,2,1,130,25,7
kmer,GPR,AL,410004000,2,2,140,30,7
kmer,GPR,guided,410004000,2,0,120,24,7
kmer,GPR,guided,410004000,2,1,130,31,9
kmer,GPR,guided,410004000,2,2,140,36,10
kmer,GPR,AL,410004000,3,0,120,24,3
kmer,GPR,AL,410004000,3,1,130,26,3
kmer,GPR,AL,410004000,3,2,140,29,3
kmer,GPR,guided,410004000,3,0,120,24,3
kmer,GPR,guided,410004000,3,1,130,29,3
kmer,GPR,guided,410004000,3,2,140,34,5
kmer,GPR,AL,410004000,4,0,120,24,7
kmer,GPR,AL,410004000,4,1,130,26,7
kmer,GPR,AL,410004000,4,2,140,28,8
kmer,GPR,guided,410004000,4,0,120,24,7
kmer,GPR,guided,410004000,4,1,130,27,7
kmer,GPR,guided,410004000,4,2,140,29,7
kmer,GPR,AL,410004000,5,0,120,24,5
kmer,GPR,AL,410004000,5,1,130,27,6
kmer,GPR,AL,410004000,5,2,140,29,6
kmer,GPR,guided,410004000,5,0,120,24,5
kmer,GPR,guided,410004000,5,1,130,29,6
kmer,GPR,guided,410004000,5,2,140,30,6
kmer,GPR,AL,410004000,6,0,120,24,9
kmer,GPR,AL,410004000,6,1,130,26,10
kmer,GPR,AL,410004000,6,2,140,29,10
kmer,GPR,guided,410004000,6,0,120,24,9
kmer,GPR,guided,410004000,6,1,130,28,12
kmer,GPR,guided,410004000,6,2,140,28,12
kmer,GPR,AL,410004000,7,0,120,24,8
kmer,GPR,AL,410004000,7,1,130,28,8
kmer,GPR,AL,410004000,7,2,140,30,8
kmer,GPR,guided,410004000,7,0,120,24,8
kmer,GPR,guided,410004000,7,1,130,29,8
kmer,GPR,guided,410004000,7,2,140,32,9
kmer,GPR,AL,410004000,8,0,120,24,5
kmer,GPR,AL,410004000,8,1,130,29,5
kmer,GPR,AL,410004000,8,2,140,32,6
kmer,GPR,guided,410004000,8,0,120,24,5
kmer,GPR,guided,410004000,8,1,130,29,6
kmer,GPR,guided,410004000,8,2,140,31,7
kmer,GPR,AL,410004000,9,0,120,24,6
kmer,GPR,AL,410004000,9,1,130,25,6
kmer,GPR,AL,410004000,9,2,140,25,6
kmer,GPR,guided,410004000,9,0,120,24,6
kmer,GPR,guided,410004000,9,1,130,26,7
kmer,GPR,guided,410004000,9,2,140,28,7
kmer,GPR,AL,410004000,10,0,120,24,5
kmer,GPR,AL,410004000,10,1,130,28,7
kmer,GPR,AL,410004000,10,2,140,28,7
kmer,GPR,guided,410004000,10,0,120,24,5
kmer,GPR,guided,410004000,10,1,130,28,5
kmer,GPR,guided,410004000,10,2,140,32,7
kmer,GPR,AL,410004000,11,0,120,24,4
kmer,GPR,AL,410004000,11,1,130,28,4
kmer,GPR,AL,410004000,11,2,140,33,5
kmer,GPR,guided,410004000,11,0,120,24,4
kmer,GPR,guided,410004000,11,1,130,30,4
kmer,GPR,guided,410004000,11,2,140,34,6
kmer,GPR,AL,410004000,12,0,120,24,4
kmer,GPR,AL,410004000,12,1,130,26,4
kmer,GPR,AL,410004000,12,2,140,29,6
kmer,GPR,guided,410004000,12,0,120,24,4
kmer,GPR,guided,410004000,12,1,130,27,4
kmer,GPR,guided,410004000,12,2,140,30,5
kmer,GPR,AL,410004000,13,0,120,24,10
kmer,GPR,AL,410004000,13,1,130,24,10
kmer,GPR,AL,410004000,13,2,140,25,10
kmer,GPR,guided,410004000,13,0,120,24,10
kmer,GPR,guided,410004000,13,1,130,25,11
kmer,GPR,guided,410004000,13,2,140,26,11
kmer,GPR,AL,410004000,14,0,120,24,5
kmer,GPR,AL,410004000,14,1,130,29,6
kmer,GPR,AL,410004000,14,2,140,34,9
kmer,GPR,guided,410004000,14,0,120,24,5
kmer,GPR,guided,410004000,14,1,130,30,7
kmer,GPR,guided,410004000,14,2,140,31,7
kmer,GPR,AL,410005000,0,0,120,24,4
kmer,GPR,AL,410005000,0,1,130,27,4
kmer,GPR,AL,410005000,0,2,140,29,5
kmer,GPR,guided,410005000,0,0,120,24,4
kmer,GPR,guided,410005000,0,1,130,27,6
kmer,GPR,guided,410005000,0,2,140,32,7
kmer,GPR,AL,410005000,1,0,120,24,4
kmer,GPR,AL,410005000,1,1,130,27,4
kmer,GPR,AL,410005000,1,2,140,29,4
kmer,GPR,guided,410005000,1,0,120,24,4
kmer,GPR,guided,410005000,1,1,130,30,6
kmer,GPR,guided,410005000,1,2,140,32,6
kmer,GPR,AL,410005000,2,0,120,24,3
kmer,GPR,AL,410005000,2,1,130,27,3
kmer,GPR,AL,410005000,2,2,140,29,4
kmer,GPR,guided,410005000,2,0,120,24,3
kmer,GPR,guided,410005000,2,1,130,30,4
kmer,GPR,guided,410005000,2,2,140,35,5
kmer,GPR,AL,410005000,3,0,120,24,4
kmer,GPR,AL,410005000,3,1,130,27,4
kmer,GPR,AL,410005000,3,2,140,30,4
kmer,GPR,guided,410005000,3,0,120,24,4
kmer,GPR,guided,410005000,3,1,130,26,5
kmer,GPR,guided,410005000,3,2,140,31,8
kmer,GPR,AL,410005000,4,0,120,24,6
kmer,GPR,AL,410005000,4,1,130,25,6
kmer,GPR,AL,410005000,4,2,140,30,6
kmer,GPR,guided,410005000,4,0,120,24,6
kmer,GPR,guided,410005000,4,1,130,30,6
kmer,GPR,guided,410005000,4,2,140,33,6
kmer,GPR,AL,410005000,5,0,120,24,7
kmer,GPR,AL,410005000,5,1,130,26,7
kmer,GPR,AL,410005000,5,2,140,28,8
kmer,GPR,guided,410005000,5,0,120,24,7
kmer,GPR,guided,410005000,5,1,130,28,9
kmer,GPR,guided,410005000,5,2,140,30,10
kmer,GPR,AL,410005000,6,0,120,24,5
kmer,GPR,AL,410005000,6,1,130,26,5
kmer,GPR,AL,410005000,6,2,140,27,5
kmer,GPR,guided,410005000,6,0,120,24,5
kmer,GPR,guided,410005000,6,1,130,27,6
kmer,GPR,guided,410005000,6,2,140,30,6
kmer,GPR,AL,410005000,7,0,120,24,4
kmer,GPR,AL,410005000,7,1,130,27,5
kmer,GPR,AL,410005000,7,2,140,31,5
kmer,GPR,guided,410005000,7,0,120,24,4
kmer,GPR,guided,410005000,7,1,130,31,6
kmer,GPR,guided,410005000,7,2,140,35,7
kmer,GPR,AL,410005000,8,0,120,24,5
kmer,GPR,AL,410005000,8,1,130,26,5
kmer,GPR,AL,410005000,8,2,140,28,6
kmer,GPR,guided,410005000,8,0,120,24,5
kmer,GPR,guided,410005000,8,1,130,29,6
kmer,GPR,guided,410005000,8,2,140,30,6
kmer,GPR,AL,410005000,9,0,120,24,5
kmer,GPR,AL,410005000,9,1,130,29,5
kmer,GPR,AL,410005000,9,2,140,33,6
kmer,GPR,guided,410005000,9,0,120,24,5
kmer,GPR,guided,410005000,9,1,130,28,7
kmer,GPR,guided,410005000,9,2,140,33,7
kmer,GPR,AL,410005000,10,0,120,24,5
kmer,GPR,AL,410005000,10,1,130,29,6
kmer,GPR,AL,410005000,10,2,140,30,6
kmer,GPR,guided,410005000,10,0,120,24,5
kmer,GPR,guided,410005000,10,1,130,28,6
kmer,GPR,guided,410005000,10,2,140,34,7
kmer,GPR,AL,410005000,11,0,120,24,8
kmer,GPR,AL,410005000,11,1,130,26,8
kmer,GPR,AL,410005000,11,2,140,31,10
kmer,GPR,guided,410005000,11,0,120,24,8
kmer,GPR,guided,410005000,11,1,130,28,8
kmer,GPR,guided,410005000,11,2,140,30,9
kmer,GPR,AL,410005000,12,0,120,24,5
kmer,GPR,AL,410005000,12,1,130,25,5
kmer,GPR,AL,410005000,12,2,140,30,5
kmer,GPR,guided,410005000,12,0,120,24,5
kmer,GPR,guided,410005000,12,1,130,28,6
kmer,GPR,guided,410005000,12,2,140,30,6
kmer,GPR,AL,410005000,13,0,120,24,7
kmer,GPR,AL,410005000,13,1,130,25,7
kmer,GPR,AL,410005000,13,2,140,27,7
kmer,GPR,guided,410005000,13,0,120,24,7
kmer,GPR,guided,410005000,13,1,130,27,8
kmer,GPR,guided,410005000,13,2,140,27,8
kmer,GPR,AL,410005000,14,0,120,24,5
kmer,GPR,AL,410005000,14,1,130,30,6
kmer,GPR,AL,410005000,14,2,140,31,6
kmer,GPR,guided,410005000,14,0,120,24,5
kmer,GPR,guided,410005000,14,1,130,29,8
kmer,GPR,guided,410005000,14,2,140,31,8
kmer,DNN,AL,410001000,0,0,120,24,5
kmer,DNN,AL,410001000,0,1,130,26,6
kmer,DNN,AL,410001000,0,2,140,27,6
kmer,DNN,guided,410001000,0,0,120,24,5
kmer,DNN,guided,410001000,0,1,130,26,6
kmer,DNN,guided,410001000,0,2,140,31,7
kmer,DNN,AL,410001000,1,0,120,24,9
kmer,DNN,AL,410001000,1,1,130,28,9
kmer,DNN,AL,410001000,1,2,140,30,9
kmer,DNN,guided,410001000,1,0,120,24,9
kmer,DNN,guided,410001000,1,1,130,26,9
kmer,DNN,guided,410001000,1,2,140,31,9
kmer,DNN,AL,410001000,2,0,120,24,8
kmer,DNN,AL,410001000,2,1,130,25,8
kmer,DNN,AL,410001000,2,2,140,27,9
kmer,DNN,guided,410001000,2,0,120,24,8
kmer,DNN,guided,410001000,2,1,130,26,8
kmer,DNN,guided,410001000,2,2,140,28,8
kmer,DNN,AL,410001000,3,0,120,24,9
kmer,DNN,AL,410001000,3,1,130,25,9
kmer,DNN,AL,410001000,3,2,140,29,11
kmer,DNN,guided,410001000,3,0,120,24,9
kmer,DNN,guided,410001000,3,1,130,29,11
kmer,DNN,guided,410001000,3,2,140,30,11
kmer,DNN,AL,410001000,4,0,120,24,7
kmer,DNN,AL,410001000,4,1,130,27,8
kmer,DNN,AL,410001000,4,2,140,28,8
kmer,DNN,guided,410001000,4,0,120,24,7
kmer,DNN,guided,410001000,4,1,130,27,9
kmer,DNN,guided,410001000,4,2,140,29,9
kmer,DNN,AL,410001000,5,0,120,24,3
kmer,DNN,AL,410001000,5,1,130,25,3
kmer,DNN,AL,410001000,5,2,140,27,4
kmer,DNN,guided,410001000,5,0,120,24,3
kmer,DNN,guided,410001000,5,1,130,26,3
kmer,DNN,guided,410001000,5,2,140,29,3
kmer,DNN,AL,410001000,6,0,120,24,8
kmer,DNN,AL,410001000,6,1,130,26,8
kmer,DNN,AL,410001000,6,2,140,30,8
kmer,DNN,guided,410001000,6,0,120,24,8
kmer,DNN,guided,410001000,6,1,130,28,8
kmer,DNN,guided,410001000,6,2,140,32,8
kmer,DNN,AL,410001000,7,0,120,24,9
kmer,DNN,AL,410001000,7,1,130,24,9
kmer,DNN,AL,410001000,7,2,140,26,10
kmer,DNN,guided,410001000,7,0,120,24,9
kmer,DNN,guided,410001000,7,1,130,26,9
kmer,DNN,guided,410001000,7,2,140,28,9
kmer,DNN,AL,410001000,8,0,120,24,8
kmer,DNN,AL,410001000,8,1,130,26,8
kmer,DNN,AL,410001000,8,2,140,29,9
kmer,DNN,guided,410001000,8,0,120,24,8
kmer,DNN,guided,410001000,8,1,130,30,9
kmer,DNN,guided,410001000,8,2,140,32,9
kmer,DNN,AL,410001000,9,0,120,24,2
kmer,DNN,AL,410001000,9,1,130,27,4
kmer,DNN,AL,410001000,9,2,140,32,4
kmer,DNN,guided,410001000,9,0,120,24,2
kmer,DNN,guided,410001000,9,1,130,31,4
kmer,DNN,guided,410001000,9,2,140,32,4
kmer,DNN,AL,410001000,10,0,120,24,5
kmer,DNN,AL,410001000,10,1,130,27,5
kmer,DNN,AL,410001000,10,2,140,29,5
kmer,DNN,guided,410001000,10,0,120,24,5
kmer,DNN,guided,410001000,10,1,130,28,7
kmer,DNN,guided,410001000,10,2,140,32,8
kmer,DNN,AL,410001000,11,0,120,24,5
kmer,DNN,AL,410001000,11,1,130,27,5
kmer,DNN,AL,410001000,11,2,140,31,6
kmer,DNN,guided,410001000,11,0,120,24,5
kmer,DNN,guided,410001000,11,1,130,28,7
kmer,DNN,guided,410001000,11,2,140,34,7
kmer,DNN,AL,410001000,12,0,120,24,8
kmer,DNN,AL,410001000,12,1,130,26,9
kmer,DNN,AL,410001000,12,2,140,29,9
kmer,DNN,guided,410001000,12,0,120,24,8
kmer,DNN,guided,410001000,12,1,130,27,8
kmer,DNN,guided,410001000,12,2,140,29,9
kmer,DNN,AL,410001000,13,0,120,24,5
kmer,DNN,AL,410001000,13,1,130,29,7
kmer,DNN,AL,410001000,13,2,140,30,7
kmer,DNN,guided,410001000,13,0,120,24,5
kmer,DNN,guided,410001000,13,1,130,28,5
kmer,DNN,guided,410001000,13,2,140,33,6
kmer,DNN,AL,410001000,14,0,120,24,2
kmer,DNN,AL,410001000,14,1,130,26,2
kmer,DNN,AL,410001000,14,2,140,29,2
kmer,DNN,guided,410001000,14,0,120,24,2
kmer,DNN,guided,410001000,14,1,130,26,2
kmer,DNN,guided,410001000,14,2,140,30,4
kmer,DNN,AL,410002000,0,0,120,24,5
kmer,DNN,AL,410002000,0,1,130,27,5
kmer,DNN,AL,410002000,0,2,140,28,6
kmer,DNN,guided,410002000,0,0,120,24,5
kmer,DNN,guided,410002000,0,1,130,32,5
kmer,DNN,guided,410002000,0,2,140,37,7
kmer,DNN,AL,410002000,1,0,120,24,5
kmer,DNN,AL,410002000,1,1,130,27,6
kmer,DNN,AL,410002000,1,2,140,28,6
kmer,DNN,guided,410002000,1,0,120,24,5
kmer,DNN,guided,410002000,1,1,130,27,5
kmer,DNN,guided,410002000,1,2,140,32,5
kmer,DNN,AL,410002000,2,0,120,24,2
kmer,DNN,AL,410002000,2,1,130,27,2
kmer,DNN,AL,410002000,2,2,140,32,3
kmer,DNN,guided,410002000,2,0,120,24,2
kmer,DNN,guided,410002000,2,1,130,29,3
kmer,DNN,guided,410002000,2,2,140,34,4
kmer,DNN,AL,410002000,3,0,120,24,5
kmer,DNN,AL,410002000,3,1,130,28,5
kmer,DNN,AL,410002000,3,2,140,30,5
kmer,DNN,guided,410002000,3,0,120,24,5
kmer,DNN,guided,410002000,3,1,130,28,6
kmer,DNN,guided,410002000,3,2,140,33,6
kmer,DNN,AL,410002000,4,0,120,24,9
kmer,DNN,AL,410002000,4,1,130,29,9
kmer,DNN,AL,410002000,4,2,140,30,9
kmer,DNN,guided,410002000,4,0,120,24,9
kmer,DNN,guided,410002000,4,1,130,29,9
kmer,DNN,guided,410002000,4,2,140,29,9
kmer,DNN,AL,410002000,5,0,120,24,10
kmer,DNN,AL,410002000,5,1,130,26,10
kmer,DNN,AL,410002000,5,2,140,27,10
kmer,DNN,guided,410002000,5,0,120,24,10
kmer,DNN,guided,410002000,5,1,130,30,10
kmer,DNN,guided,410002000,5,2,140,30,10
kmer,DNN,AL,410002000,6,0,120,24,5
kmer,DNN,AL,410002000,6,1,130,27,5
kmer,DNN,AL,410002000,6,2,140,30,5
kmer,DNN,guided,410002000,6,0,120,24,5
kmer,DNN,guided,410002000,6,1,130,28,5
kmer,DNN,guided,410002000,6,2,140,31,5
kmer,DNN,AL,410002000,7,0,120,24,3
kmer,DNN,AL,410002000,7,1,130,26,3
kmer,DNN,AL,410002000,7,2,140,28,3
kmer,DNN,guided,410002000,7,0,120,24,3
kmer,DNN,guided,410002000,7,1,130,27,4
kmer,DNN,guided,410002000,7,2,140,32,5
kmer,DNN,AL,410002000,8,0,120,24,5
kmer,DNN,AL,410002000,8,1,130,26,5
kmer,DNN,AL,410002000,8,2,140,27,6
kmer,DNN,guided,410002000,8,0,120,24,5
kmer,DNN,guided,410002000,8,1,130,27,5
kmer,DNN,guided,410002000,8,2,140,29,6
kmer,DNN,AL,410002000,9,0,120,24,6
kmer,DNN,AL,410002000,9,1,130,28,6
kmer,DNN,AL,410002000,9,2,140,29,6
kmer,DNN,guided,410002000,9,0,120,24,6
kmer,DNN,guided,410002000,9,1,130,29,7
kmer,DNN,guided,410002000,9,2,140,34,7
kmer,DNN,AL,410002000,10,0,120,24,3
kmer,DNN,AL,410002000,10,1,130,28,3
kmer,DNN,AL,410002000,10,2,140,28,3
kmer,DNN,guided,410002000,10,0,120,24,3
kmer,DNN,guided,410002000,10,1,130,29,4
kmer,DNN,guided,410002000,10,2,140,31,5
kmer,DNN,AL,410002000,11,0,120,24,7
kmer,DNN,AL,410002000,11,1,130,26,7
kmer,DNN,AL,410002000,11,2,140,27,7
kmer,DNN,guided,410002000,11,0,120,24,7
kmer,DNN,guided,410002000,11,1,130,27,8
kmer,DNN,guided,410002000,11,2,140,29,8
kmer,DNN,AL,410002000,12,0,120,24,4
kmer,DNN,AL,410002000,12,1,130,27,4
kmer,DNN,AL,410002000,12,2,140,31,4
kmer,DNN,guided,410002000,12,0,120,24,4
kmer,DNN,guided,410002000,12,1,130,28,4
kmer,DNN,guided,410002000,12,2,140,31,5
kmer,DNN,AL,410002000,13,0,120,24,9
kmer,DNN,AL,410002000,13,1,130,25,10
kmer,DNN,AL,410002000,13,2,140,26,10
kmer,DNN,guided,410002000,13,0,120,24,9
kmer,DNN,guided,410002000,13,1,130,26,9
kmer,DNN,guided,410002000,13,2,140,27,10
kmer,DNN,AL,410002000,14,0,120,24,13
kmer,DNN,AL,410002000,14,1,130,25,14
kmer,DNN,AL,410002000,14,2,140,25,14
kmer,DNN,guided,410002000,14,0,120,24,13
kmer,DNN,guided,410002000,14,1,130,27,13
kmer,DNN,guided,410002000,14,2,140,29,13
kmer,DNN,AL,410003000,0,0,120,24,3
kmer,DNN,AL,410003000,0,1,130,27,5
kmer,DNN,AL,410003000,0,2,140,28,6
kmer,DNN,guided,410003000,0,0,120,24,3
kmer,DNN,guided,410003000,0,1,130,30,3
kmer,DNN,guided,410003000,0,2,140,31,4
kmer,DNN,AL,410003000,1,0,120,24,5
kmer,DNN,AL,410003000,1,1,130,25,6
kmer,DNN,AL,410003000,1,2,140,26,6
kmer,DNN,guided,410003000,1,0,120,24,5
kmer,DNN,guided,410003000,1,1,130,29,8
kmer,DNN,guided,410003000,1,2,140,30,8
kmer,DNN,AL,410003000,2,0,120,24,2
kmer,DNN,AL,410003000,2,1,130,26,2
kmer,DNN,AL,410003000,2,2,140,30,3
kmer,DNN,guided,410003000,2,0,120,24,2
kmer,DNN,guided,410003000,2,1,130,30,5
kmer,DNN,guided,410003000,2,2,140,33,6
kmer,DNN,AL,410003000,3,0,120,24,5
kmer,DNN,AL,410003000,3,1,130,27,6
kmer,DNN,AL,410003000,3,2,140,28,6
kmer,DNN,guided,410003000,3,0,120,24,5
kmer,DNN,guided,410003000,3,1,130,29,6
kmer,DNN,guided,410003000,3,2,140,34,6
kmer,DNN,AL,410003000,4,0,120,24,4
kmer,DNN,AL,410003000,4,1,130,30,7
kmer,DNN,AL,410003000,4,2,140,31,7
kmer,DNN,guided,410003000,4,0,120,24,4
kmer,DNN,guided,410003000,4,1,130,31,7
kmer,DNN,guided,410003000,4,2,140,35,7
kmer,DNN,AL,410003000,5,0,120,24,4
kmer,DNN,AL,410003000,5,1,130,29,4
kmer,DNN,AL,410003000,5,2,140,30,5
kmer,DNN,guided,410003000,5,0,120,24,4
kmer,DNN,guided,410003000,5,1,130,28,4
kmer,DNN,guided,410003000,5,2,140,33,5
kmer,DNN,AL,410003000,6,0,120,24,8
kmer,DNN,AL,410003000,6,1,130,26,8
kmer,DNN,AL,410003000,6,2,140,30,9
kmer,DNN,guided,410003000,6,0,120,24,8
kmer,DNN,guided,410003000,6,1,130,27,9
kmer,DNN,guided,410003000,6,2,140,31,9
kmer,DNN,AL,410003000,7,0,120,24,7
kmer,DNN,AL,410003000,7,1,130,24,7
kmer,DNN,AL,410003000,7,2,140,27,7
kmer,DNN,guided,410003000,7,0,120,24,7
kmer,DNN,guided,410003000,7,1,130,27,8
kmer,DNN,guided,410003000,7,2,140,29,8
kmer,DNN,AL,410003000,8,0,120,24,9
kmer,DNN,AL,410003000,8,1,130,25,9
kmer,DNN,AL,410003000,8,2,140,27,10
kmer,DNN,guided,410003000,8,0,120,24,9
kmer,DNN,guided,410003000,8,1,130,26,9
kmer,DNN,guided,410003000,8,2,140,31,9
kmer,DNN,AL,410003000,9,0,120,24,5
kmer,DNN,AL,410003000,9,1,130,28,7
kmer,DNN,AL,410003000,9,2,140,29,7
kmer,DNN,guided,410003000,9,0,120,24,5
kmer,DNN,guided,410003000,9,1,130,30,7
kmer,DNN,guided,410003000,9,2,140,35,8
kmer,DNN,AL,410003000,10,0,120,24,6
kmer,DNN,AL,410003000,10,1,130,27,6
kmer,DNN,AL,410003000,10,2,140,28,6
kmer,DNN,guided,410003000,10,0,120,24,6
kmer,DNN,guided,410003000,10,1,130,26,7
kmer,DNN,guided,410003000,10,2,140,30,7
kmer,DNN,AL,410003000,11,0,120,24,6
kmer,DNN,AL,410003000,11,1,130,24,6
kmer,DNN,AL,410003000,11,2,140,24,6
kmer,DNN,guided,410003000,11,0,120,24,6
kmer,DNN,guided,410003000,11,1,130,28,8
kmer,DNN,guided,410003000,11,2,140,28,8
kmer,DNN,AL,410003000,12,0,120,24,6
kmer,DNN,AL,410003000,12,1,130,26,6
kmer,DNN,AL,410003000,12,2,140,28,7
kmer,DNN,guided,410003000,12,0,120,24,6
kmer,DNN,guided,410003000,12,1,130,28,6
kmer,DNN,guided,410003000,12,2,140,29,6
kmer,DNN,AL,410003000,13,0,120,24,6
kmer,DNN,AL,410003000,13,1,130,25,6
kmer,DNN,AL,410003000,13,2,140,27,7
kmer,DNN,guided,410003000,13,0,120,24,6
kmer,DNN,guided,410003000,13,1,130,26,8
kmer,DNN,guided,410003000,13,2,140,27,8
kmer,DNN,AL,410003000,14,0,120,24,6
kmer,DNN,AL,410003000,14,1,130,26,6
kmer,DNN,AL,410003000,14,2,140,28,6
kmer,DNN,guided,410003000,14,0,120,24,6
kmer,DNN,guided,410003000,14,1,130,26,7
kmer,DNN,guided,410003000,14,2,140,29,7
kmer,DNN,AL,410004000,0,0,120,24,7
kmer,DNN,AL,410004000,0,1,130,25,8
kmer,DNN,AL,410004000,0,2,140,26,8
kmer,DNN,guided,410004000,0,0,120,24,7
kmer,DNN,guided,410004000,0,1,130,26,8
kmer,DNN,guided,410004000,0,2,140,29,8
kmer,DNN,AL,410004000,1,0,120,24,4
kmer,DNN,AL,410004000,1,1,130,28,5
kmer,DNN,AL,410004000,1,2,140,30,6
kmer,DNN,guided,410004000,1,0,120,24,4
kmer,DNN,guided,410004000,1,1,130,28,6
kmer,DNN,guided,410004000,1,2,140,34,6
kmer,DNN,AL,410004000,2,0,120,24,7
kmer,DNN,AL,410004000,2,1,130,25,7
kmer,DNN,AL,410004000,2,2,140,30,7
kmer,DNN,guided,410004000,2,0,120,24,7
kmer,DNN,guided,410004000,2,1,130,29,8
kmer,DNN,guided,410004000,2,2,140,33,10
kmer,DNN,AL,410004000,3,0,120,24,3
kmer,DNN,AL,410004000,3,1,130,25,3
kmer,DNN,AL,410004000,3,2,140,29,3
kmer,DNN,guided,410004000,3,0,120,24,3
kmer,DNN,guided,410004000,3,1,130,28,4
kmer,DNN,guided,410004000,3,2,140,31,4
kmer,DNN,AL,410004000,4,0,120,24,7
kmer,DNN,AL,410004000,4,1,130,27,7
kmer,DNN,AL,410004000,4,2,140,28,7
kmer,DNN,guided,410004000,4,0,120,24,7
kmer,DNN,guided,410004000,4,1,130,28,8
kmer,DNN,guided,410004000,4,2,140,30,8
kmer,DNN,AL,410004000,5,0,120,24,5
kmer,DNN,AL,410004000,5,1,130,27,5
kmer,DNN,AL,410004000,5,2,140,28,5
kmer,DNN,guided,410004000,5,0,120,24,5
kmer,DNN,guided,410004000,5,1,130,29,6
kmer,DNN,guided,410004000,5,2,140,29,6
kmer,DNN,AL,410004000,6,0,120,24,9
kmer,DNN,AL,410004000,6,1,130,26,10
kmer,DNN,AL,410004000,6,2,140,27,10
kmer,DNN,guided,410004000,6,0,120,24,9
kmer,DNN,guided,410004000,6,1,130,30,13
kmer,DNN,guided,410004000,6,2,140,31,13
kmer,DNN,AL,410004000,7,0,120,24,8
kmer,DNN,AL,410004000,7,1,130,29,9
kmer,DNN,AL,410004000,7,2,140,31,10
kmer,DNN,guided,410004000,7,0,120,24,8
kmer,DNN,guided,410004000,7,1,130,32,9
kmer,DNN,guided,410004000,7,2,140,34,9
kmer,DNN,AL,410004000,8,0,120,24,5
kmer,DNN,AL,410004000,8,1,130,25,5
kmer,DNN,AL,410004000,8,2,140,27,5
kmer,DNN,guided,410004000,8,0,120,24,5
kmer,DNN,guided,410004000,8,1,130,29,6
kmer,DNN,guided,410004000,8,2,140,31,7
kmer,DNN,AL,410004000,9,0,120,24,6
kmer,DNN,AL,410004000,9,1,130,25,6
kmer,DNN,AL,410004000,9,2,140,25,6
kmer,DNN,guided,410004000,9,0,120,24,6
kmer,DNN,guided,410004000,9,1,130,26,7
kmer,DNN,guided,410004000,9,2,140,29,8
kmer,DNN,AL,410004000,10,0,120,24,5
kmer,DNN,AL,410004000,10,1,130,29,7
kmer,DNN,AL,410004000,10,2,140,29,7
kmer,DNN,guided,410004000,10,0,120,24,5
kmer,DNN,guided,410004000,10,1,130,30,6
kmer,DNN,guided,410004000,10,2,140,33,8
kmer,DNN,AL,410004000,11,0,120,24,4
kmer,DNN,AL,410004000,11,1,130,29,6
kmer,DNN,AL,410004000,11,2,140,32,6
kmer,DNN,guided,410004000,11,0,120,24,4
kmer,DNN,guided,410004000,11,1,130,31,4
kmer,DNN,guided,410004000,11,2,140,33,5
kmer,DNN,AL,410004000,12,0,120,24,4
kmer,DNN,AL,410004000,12,1,130,26,4
kmer,DNN,AL,410004000,12,2,140,26,4
kmer,DNN,guided,410004000,12,0,120,24,4
kmer,DNN,guided,410004000,12,1,130,27,4
kmer,DNN,guided,410004000,12,2,140,29,5
kmer,DNN,AL,410004000,13,0,120,24,10
kmer,DNN,AL,410004000,13,1,130,24,10
kmer,DNN,AL,410004000,13,2,140,24,10
kmer,DNN,guided,410004000,13,0,120,24,10
kmer,DNN,guided,410004000,13,1,130,26,11
kmer,DNN,guided,410004000,13,2,140,27,11
kmer,DNN,AL,410004000,14,0,120,24,5
kmer,DNN,AL,410004000,14,1,130,28,6
kmer,DNN,AL,410004000,14,2,140,29,7
kmer,DNN,guided,410004000,14,0,120,24,5
kmer,DNN,guided,410004000,14,1,130,29,7
kmer,DNN,guided,410004000,14,2,140,31,7
kmer,DNN,AL,410005000,0,0,120,24,4
kmer,DNN,AL,410005000,0,1,130,26,4
kmer,DNN,AL,410005000,0,2,140,27,4
kmer,DNN,guided,410005000,0,0,120,24,4
kmer,DNN,guided,410005000,0,1,130,29,5
kmer,DNN,guided,410005000,0,2,140,31,6
kmer,DNN,AL,410005000,1,0,120,24,4
kmer,DNN,AL,410005000,1,1,130,28,5
kmer,DNN,AL,410005000,1,2,140,29,5
kmer,DNN,guided,410005000,1,0,120,24,4
kmer,DNN,guided,410005000,1,1,130,30,6
kmer,DNN,guided,410005000,1,2,140,34,8
kmer,DNN,AL,410005000,2,0,120,24,3
kmer,DNN,AL,410005000,2,1,130,25,3
kmer,DNN,AL,410005000,2,2,140,28,4
kmer,DNN,guided,410005000,2,0,120,24,3
kmer,DNN,guided,410005000,2,1,130,30,4
kmer,DNN,guided,410005000,2,2,140,35,5
kmer,DNN,AL,410005000,3,0,120,24,4
kmer,DNN,AL,410005000,3,1,130,26,4
kmer,DNN,AL,410005000,3,2,140,27,4
kmer,DNN,guided,410005000,3,0,120,24,4
kmer,DNN,guided,410005000,3,1,130,28,5
kmer,DNN,guided,410005000,3,2,140,31,7
kmer,DNN,AL,410005000,4,0,120,24,6
kmer,DNN,AL,410005000,4,1,130,25,6
kmer,DNN,AL,410005000,4,2,140,28,6
kmer,DNN,guided,410005000,4,0,120,24,6
kmer,DNN,guided,410005000,4,1,130,31,6
kmer,DNN,guided,410005000,4,2,140,35,6
kmer,DNN,AL,410005000,5,0,120,24,7
kmer,DNN,AL,410005000,5,1,130,24,7
kmer,DNN,AL,410005000,5,2,140,24,7
kmer,DNN,guided,410005000,5,0,120,24,7
kmer,DNN,guided,410005000,5,1,130,26,7
kmer,DNN,guided,410005000,5,2,140,30,8
kmer,DNN,AL,410005000,6,0,120,24,5
kmer,DNN,AL,410005000,6,1,130,24,5
kmer,DNN,AL,410005000,6,2,140,27,5
kmer,DNN,guided,410005000,6,0,120,24,5
kmer,DNN,guided,410005000,6,1,130,28,6
kmer,DNN,guided,410005000,6,2,140,32,6
kmer,DNN,AL,410005000,7,0,120,24,4
kmer,DNN,AL,410005000,7,1,130,25,4
kmer,DNN,AL,410005000,7,2,140,26,5
kmer,DNN,guided,410005000,7,0,120,24,4
kmer,DNN,guided,410005000,7,1,130,30,6
kmer,DNN,guided,410005000,7,2,140,34,7
kmer,DNN,AL,410005000,8,0,120,24,5
kmer,DNN,AL,410005000,8,1,130,26,5
kmer,DNN,AL,410005000,8,2,140,27,6
kmer,DNN,guided,410005000,8,0,120,24,5
kmer,DNN,guided,410005000,8,1,130,29,6
kmer,DNN,guided,410005000,8,2,140,32,6
kmer,DNN,AL,410005000,9,0,120,24,5
kmer,DNN,AL,410005000,9,1,130,26,5
kmer,DNN,AL,410005000,9,2,140,27,5
kmer,DNN,guided,410005000,9,0,120,24,5
kmer,DNN,guided,410005000,9,1,130,28,7
kmer,DNN,guided,410005000,9,2,140,31,8
kmer,DNN,AL,410005000,10,0,120,24,5
kmer,DNN,AL,410005000,10,1,130,29,7
kmer,DNN,AL,410005000,10,2,140,33,7
kmer,DNN,guided,410005000,10,0,120,24,5
kmer,DNN,guided,410005000,10,1,130,30,6
kmer,DNN,guided,410005000,10,2,140,33,7
kmer,DNN,AL,410005000,11,0,120,24,8
kmer,DNN,AL,410005000,11,1,130,25,8
kmer,DNN,AL,410005000,11,2,140,28,8
kmer,DNN,guided,410005000,11,0,120,24,8
kmer,DNN,guided,410005000,11,1,130,30,9
kmer,DNN,guided,410005000,11,2,140,32,10
kmer,DNN,AL,410005000,12,0,120,24,5
kmer,DNN,AL,410005000,12,1,130,25,5
kmer,DNN,AL,410005000,12,2,140,29,6
kmer,DNN,guided,410005000,12,0,120,24,5
kmer,DNN,guided,410005000,12,1,130,28,5
kmer,DNN,guided,410005000,12,2,140,29,6
kmer,DNN,AL,410005000,13,0,120,24,7
kmer,DNN,AL,410005000,13,1,130,26,7
kmer,DNN,AL,410005000,13,2,140,29,8
kmer,DNN,guided,410005000,13,0,120,24,7
kmer,DNN,guided,410005000,13,1,130,25,7
kmer,DNN,guided,410005000,13,2,140,28,7
kmer,DNN,AL,410005000,14,0,120,24,5
kmer,DNN,AL,410005000,14,1,130,26,5
kmer,DNN,AL,410005000,14,2,140,28,5
kmer,DNN,guided,410005000,14,0,120,24,5
kmer,DNN,guided,410005000,14,1,130,29,8
kmer,DNN,guided,410005000,14,2,140,33,8
vienna,XGB,AL,410001000,0,0,120,24,5
vienna,XGB,AL,410001000,0,1,130,24,5
vienna,XGB,AL,410001000,0,2,140,28,6
vienna,XGB,guided,410001000,0,0,120,24,5
vienna,XGB,guided,410001000,0,1,130,27,7
vienna,XGB,guided,410001000,0,2,140,28,7
vienna,XGB,AL,410001000,1,0,120,24,9
vienna,XGB,AL,410001000,1,1,130,29,10
vienna,XGB,AL,410001000,1,2,140,31,10
vienna,XGB,guided,410001000,1,0,120,24,9
vienna,XGB,guided,410001000,1,1,130,24,9
vienna,XGB,guided,410001000,1,2,140,24,9
vienna,XGB,AL,410001000,2,0,120,24,8
vienna,XGB,AL,410001000,2,1,130,24,8
vienna,XGB,AL,410001000,2,2,140,29,8
vienna,XGB,guided,410001000,2,0,120,24,8
vienna,XGB,guided,410001000,2,1,130,25,8
vienna,XGB,guided,410001000,2,2,140,27,9
vienna,XGB,AL,410001000,3,0,120,24,9
vienna,XGB,AL,410001000,3,1,130,26,9
vienna,XGB,AL,410001000,3,2,140,29,9
vienna,XGB,guided,410001000,3,0,120,24,9
vienna,XGB,guided,410001000,3,1,130,26,10
vienna,XGB,guided,410001000,3,2,140,28,11
vienna,XGB,AL,410001000,4,0,120,24,7
vienna,XGB,AL,410001000,4,1,130,27,8
vienna,XGB,AL,410001000,4,2,140,29,9
vienna,XGB,guided,410001000,4,0,120,24,7
vienna,XGB,guided,410001000,4,1,130,27,10
vienna,XGB,guided,410001000,4,2,140,29,11
vienna,XGB,AL,410001000,5,0,120,24,3
vienna,XGB,AL,410001000,5,1,130,28,4
vienna,XGB,AL,410001000,5,2,140,30,5
vienna,XGB,guided,410001000,5,0,120,24,3
vienna,XGB,guided,410001000,5,1,130,27,5
vienna,XGB,guided,410001000,5,2,140,28,6
vienna,XGB,AL,410001000,6,0,120,24,8
vienna,XGB,AL,410001000,6,1,130,26,8
vienna,XGB,AL,410001000,6,2,140,28,8
vienna,XGB,guided,410001000,6,0,120,24,8
vienna,XGB,guided,410001000,6,1,130,27,8
vienna,XGB,guided,410001000,6,2,140,31,10
vienna,XGB,AL,410001000,7,0,120,24,9
vienna,XGB,AL,410001000,7,1,130,24,9
vienna,XGB,AL,410001000,7,2,140,25,9
vienna,XGB,guided,410001000,7,0,120,24,9
vienna,XGB,guided,410001000,7,1,130,27,10
vienna,XGB,guided,410001000,7,2,140,30,11
vienna,XGB,AL,410001000,8,0,120,24,8
vienna,XGB,AL,410001000,8,1,130,27,10
vienna,XGB,AL,410001000,8,2,140,29,10
vienna,XGB,guided,410001000,8,0,120,24,8
vienna,XGB,guided,410001000,8,1,130,27,9
vienna,XGB,guided,410001000,8,2,140,30,10
vienna,XGB,AL,410001000,9,0,120,24,2
vienna,XGB,AL,410001000,9,1,130,25,3
vienna,XGB,AL,410001000,9,2,140,29,4
vienna,XGB,guided,410001000,9,0,120,24,2
vienna,XGB,guided,410001000,9,1,130,29,4
vienna,XGB,guided,410001000,9,2,140,32,5
vienna,XGB,AL,410001000,10,0,120,24,5
vienna,XGB,AL,410001000,10,1,130,27,6
vienna,XGB,AL,410001000,10,2,140,28,6
vienna,XGB,guided,410001000,10,0,120,24,5
vienna,XGB,guided,410001000,10,1,130,27,8
vienna,XGB,guided,410001000,10,2,140,30,11
vienna,XGB,AL,410001000,11,0,120,24,5
vienna,XGB,AL,410001000,11,1,130,27,5
vienna,XGB,AL,410001000,11,2,140,28,5
vienna,XGB,guided,410001000,11,0,120,24,5
vienna,XGB,guided,410001000,11,1,130,28,7
vienna,XGB,guided,410001000,11,2,140,30,8
vienna,XGB,AL,410001000,12,0,120,24,8
vienna,XGB,AL,410001000,12,1,130,25,9
vienna,XGB,AL,410001000,12,2,140,25,9
vienna,XGB,guided,410001000,12,0,120,24,8
vienna,XGB,guided,410001000,12,1,130,27,8
vienna,XGB,guided,410001000,12,2,140,30,11
vienna,XGB,AL,410001000,13,0,120,24,5
vienna,XGB,AL,410001000,13,1,130,26,6
vienna,XGB,AL,410001000,13,2,140,27,6
vienna,XGB,guided,410001000,13,0,120,24,5
vienna,XGB,guided,410001000,13,1,130,27,5
vienna,XGB,guided,410001000,13,2,140,33,6
vienna,XGB,AL,410001000,14,0,120,24,2
vienna,XGB,AL,410001000,14,1,130,26,2
vienna,XGB,AL,410001000,14,2,140,27,2
vienna,XGB,guided,410001000,14,0,120,24,2
vienna,XGB,guided,410001000,14,1,130,27,2
vienna,XGB,guided,410001000,14,2,140,31,4
vienna,XGB,AL,410002000,0,0,120,24,5
vienna,XGB,AL,410002000,0,1,130,26,5
vienna,XGB,AL,410002000,0,2,140,28,5
vienna,XGB,guided,410002000,0,0,120,24,5
vienna,XGB,guided,410002000,0,1,130,31,7
vienna,XGB,guided,410002000,0,2,140,34,8
vienna,XGB,AL,410002000,1,0,120,24,5
vienna,XGB,AL,410002000,1,1,130,25,5
vienna,XGB,AL,410002000,1,2,140,26,5
vienna,XGB,guided,410002000,1,0,120,24,5
vienna,XGB,guided,410002000,1,1,130,25,5
vienna,XGB,guided,410002000,1,2,140,27,6
vienna,XGB,AL,410002000,2,0,120,24,2
vienna,XGB,AL,410002000,2,1,130,27,2
vienna,XGB,AL,410002000,2,2,140,28,2
vienna,XGB,guided,410002000,2,0,120,24,2
vienna,XGB,guided,410002000,2,1,130,30,4
vienna,XGB,guided,410002000,2,2,140,36,7
vienna,XGB,AL,410002000,3,0,120,24,5
vienna,XGB,AL,410002000,3,1,130,26,5
vienna,XGB,AL,410002000,3,2,140,27,5
vienna,XGB,guided,410002000,3,0,120,24,5
vienna,XGB,guided,410002000,3,1,130,29,7
vienna,XGB,guided,410002000,3,2,140,33,9
vienna,XGB,AL,410002000,4,0,120,24,9
vienna,XGB,AL,410002000,4,1,130,26,9
vienna,XGB,AL,410002000,4,2,140,27,9
vienna,XGB,guided,410002000,4,0,120,24,9
vienna,XGB,guided,410002000,4,1,130,28,9
vienna,XGB,guided,410002000,4,2,140,32,10
vienna,XGB,AL,410002000,5,0,120,24,10
vienna,XGB,AL,410002000,5,1,130,26,10
vienna,XGB,AL,410002000,5,2,140,27,10
vienna,XGB,guided,410002000,5,0,120,24,10
vienna,XGB,guided,410002000,5,1,130,27,10
vienna,XGB,guided,410002000,5,2,140,28,10
vienna,XGB,AL,410002000,6,0,120,24,5
vienna,XGB,AL,410002000,6,1,130,24,5
vienna,XGB,AL,410002000,6,2,140,28,6
vienna,XGB,guided,410002000,6,0,120,24,5
vienna,XGB,guided,410002000,6,1,130,27,5
vienna,XGB,guided,410002000,6,2,140,31,7
vienna,XGB,AL,410002000,7,0,120,24,3
vienna,XGB,AL,410002000,7,1,130,27,4
vienna,XGB,AL,410002000,7,2,140,30,4
vienna,XGB,guided,410002000,7,0,120,24,3
vienna,XGB,guided,410002000,7,1,130,28,5
vienna,XGB,guided,410002000,7,2,140,31,5
vienna,XGB,AL,410002000,8,0,120,24,5
vienna,XGB,AL,410002000,8,1,130,24,5
vienna,XGB,AL,410002000,8,2,140,24,5
vienna,XGB,guided,410002000,8,0,120,24,5
vienna,XGB,guided,410002000,8,1,130,27,5
vienna,XGB,guided,410002000,8,2,140,29,6
vienna,XGB,AL,410002000,9,0,120,24,6
vienna,XGB,AL,410002000,9,1,130,25,6
vienna,XGB,AL,410002000,9,2,140,31,6
vienna,XGB,guided,410002000,9,0,120,24,6
vienna,XGB,guided,410002000,9,1,130,30,6
vienna,XGB,guided,410002000,9,2,140,33,7
vienna,XGB,AL,410002000,10,0,120,24,3
vienna,XGB,AL,410002000,10,1,130,26,4
vienna,XGB,AL,410002000,10,2,140,29,5
vienna,XGB,guided,410002000,10,0,120,24,3
vienna,XGB,guided,410002000,10,1,130,29,5
vienna,XGB,guided,410002000,10,2,140,32,6
vienna,XGB,AL,410002000,11,0,120,24,7
vienna,XGB,AL,410002000,11,1,130,26,7
vienna,XGB,AL,410002000,11,2,140,26,7
vienna,XGB,guided,410002000,11,0,120,24,7
vienna,XGB,guided,410002000,11,1,130,28,8
vienna,XGB,guided,410002000,11,2,140,30,8
vienna,XGB,AL,410002000,12,0,120,24,4
vienna,XGB,AL,410002000,12,1,130,26,5
vienna,XGB,AL,410002000,12,2,140,30,5
vienna,XGB,guided,410002000,12,0,120,24,4
vienna,XGB,guided,410002000,12,1,130,27,6
vienna,XGB,guided,410002000,12,2,140,30,8
vienna,XGB,AL,410002000,13,0,120,24,9
vienna,XGB,AL,410002000,13,1,130,25,9
vienna,XGB,AL,410002000,13,2,140,26,9
vienna,XGB,guided,410002000,13,0,120,24,9
vienna,XGB,guided,410002000,13,1,130,25,9
vienna,XGB,guided,410002000,13,2,140,30,11
vienna,XGB,AL,410002000,14,0,120,24,13
vienna,XGB,AL,410002000,14,1,130,25,13
vienna,XGB,AL,410002000,14,2,140,27,13
vienna,XGB,guided,410002000,14,0,120,24,13
vienna,XGB,guided,410002000,14,1,130,27,14
vienna,XGB,guided,410002000,14,2,140,29,14
vienna,XGB,AL,410003000,0,0,120,24,3
vienna,XGB,AL,410003000,0,1,130,26,3
vienna,XGB,AL,410003000,0,2,140,28,4
vienna,XGB,guided,410003000,0,0,120,24,3
vienna,XGB,guided,410003000,0,1,130,27,3
vienna,XGB,guided,410003000,0,2,140,30,4
vienna,XGB,AL,410003000,1,0,120,24,5
vienna,XGB,AL,410003000,1,1,130,27,5
vienna,XGB,AL,410003000,1,2,140,28,5
vienna,XGB,guided,410003000,1,0,120,24,5
vienna,XGB,guided,410003000,1,1,130,28,7
vienna,XGB,guided,410003000,1,2,140,30,8
vienna,XGB,AL,410003000,2,0,120,24,2
vienna,XGB,AL,410003000,2,1,130,29,2
vienna,XGB,AL,410003000,2,2,140,32,2
vienna,XGB,guided,410003000,2,0,120,24,2
vienna,XGB,guided,410003000,2,1,130,28,5
vienna,XGB,guided,410003000,2,2,140,31,7
vienna,XGB,AL,410003000,3,0,120,24,5
vienna,XGB,AL,410003000,3,1,130,25,5
vienna,XGB,AL,410003000,3,2,140,28,6
vienna,XGB,guided,410003000,3,0,120,24,5
vienna,XGB,guided,410003000,3,1,130,29,7
vienna,XGB,guided,410003000,3,2,140,31,7
vienna,XGB,AL,410003000,4,0,120,24,4
vienna,XGB,AL,410003000,4,1,130,26,5
vienna,XGB,AL,410003000,4,2,140,29,6
vienna,XGB,guided,410003000,4,0,120,24,4
vienna,XGB,guided,410003000,4,1,130,28,6
vienna,XGB,guided,410003000,4,2,140,31,7
vienna,XGB,AL,410003000,5,0,120,24,4
vienna,XGB,AL,410003000,5,1,130,26,4
vienna,XGB,AL,410003000,5,2,140,30,7
vienna,XGB,guided,410003000,5,0,120,24,4
vienna,XGB,guided,410003000,5,1,130,26,4
vienna,XGB,guided,410003000,5,2,140,28,6
vienna,XGB,AL,410003000,6,0,120,24,8
vienna,XGB,AL,410003000,6,1,130,27,8
vienna,XGB,AL,410003000,6,2,140,30,10
vienna,XGB,guided,410003000,6,0,120,24,8
vienna,XGB,guided,410003000,6,1,130,28,9
vienna,XGB,guided,410003000,6,2,140,29,9
vienna,XGB,AL,410003000,7,0,120,24,7
vienna,XGB,AL,410003000,7,1,130,24,7
vienna,XGB,AL,410003000,7,2,140,26,7
vienna,XGB,guided,410003000,7,0,120,24,7
vienna,XGB,guided,410003000,7,1,130,28,10
vienna,XGB,guided,410003000,7,2,140,30,11
vienna,XGB,AL,410003000,8,0,120,24,9
vienna,XGB,AL,410003000,8,1,130,27,9
vienna,XGB,AL,410003000,8,2,140,30,9
vienna,XGB,guided,410003000,8,0,120,24,9
vienna,XGB,guided,410003000,8,1,130,28,9
vienna,XGB,guided,410003000,8,2,140,28,9
vienna,XGB,AL,410003000,9,0,120,24,5
vienna,XGB,AL,410003000,9,1,130,28,5
vienna,XGB,AL,410003000,9,2,140,28,5
vienna,XGB,guided,410003000,9,0,120,24,5
vienna,XGB,guided,410003000,9,1,130,28,7
vienna,XGB,guided,410003000,9,2,140,32,9
vienna,XGB,AL,410003000,10,0,120,24,6
vienna,XGB,AL,410003000,10,1,130,26,7
vienna,XGB,AL,410003000,10,2,140,28,7
vienna,XGB,guided,410003000,10,0,120,24,6
vienna,XGB,guided,410003000,10,1,130,25,6
vienna,XGB,guided,410003000,10,2,140,27,6
vienna,XGB,AL,410003000,11,0,120,24,6
vienna,XGB,AL,410003000,11,1,130,24,6
vienna,XGB,AL,410003000,11,2,140,27,7
vienna,XGB,guided,410003000,11,0,120,24,6
vienna,XGB,guided,410003000,11,1,130,28,8
vienna,XGB,guided,410003000,11,2,140,28,8
vienna,XGB,AL,410003000,12,0,120,24,6
vienna,XGB,AL,410003000,12,1,130,25,6
vienna,XGB,AL,410003000,12,2,140,27,6
vienna,XGB,guided,410003000,12,0,120,24,6
vienna,XGB,guided,410003000,12,1,130,26,7
vienna,XGB,guided,410003000,12,2,140,27,7
vienna,XGB,AL,410003000,13,0,120,24,6
vienna,XGB,AL,410003000,13,1,130,25,6
vienna,XGB,AL,410003000,13,2,140,26,6
vienna,XGB,guided,410003000,13,0,120,24,6
vienna,XGB,guided,410003000,13,1,130,26,8
vienna,XGB,guided,410003000,13,2,140,27,9
vienna,XGB,AL,410003000,14,0,120,24,6
vienna,XGB,AL,410003000,14,1,130,27,7
vienna,XGB,AL,410003000,14,2,140,29,7
vienna,XGB,guided,410003000,14,0,120,24,6
vienna,XGB,guided,410003000,14,1,130,28,7
vienna,XGB,guided,410003000,14,2,140,34,8
vienna,XGB,AL,410004000,0,0,120,24,7
vienna,XGB,AL,410004000,0,1,130,24,7
vienna,XGB,AL,410004000,0,2,140,28,7
vienna,XGB,guided,410004000,0,0,120,24,7
vienna,XGB,guided,410004000,0,1,130,26,8
vienna,XGB,guided,410004000,0,2,140,26,8
vienna,XGB,AL,410004000,1,0,120,24,4
vienna,XGB,AL,410004000,1,1,130,26,5
vienna,XGB,AL,410004000,1,2,140,28,5
vienna,XGB,guided,410004000,1,0,120,24,4
vienna,XGB,guided,410004000,1,1,130,30,6
vienna,XGB,guided,410004000,1,2,140,32,7
vienna,XGB,AL,410004000,2,0,120,24,7
vienna,XGB,AL,410004000,2,1,130,30,9
vienna,XGB,AL,410004000,2,2,140,32,9
vienna,XGB,guided,410004000,2,0,120,24,7
vienna,XGB,guided,410004000,2,1,130,27,8
vienna,XGB,guided,410004000,2,2,140,28,8
vienna,XGB,AL,410004000,3,0,120,24,3
vienna,XGB,AL,410004000,3,1,130,26,3
vienna,XGB,AL,410004000,3,2,140,30,4
vienna,XGB,guided,410004000,3,0,120,24,3
vienna,XGB,guided,410004000,3,1,130,27,4
vienna,XGB,guided,410004000,3,2,140,30,5
vienna,XGB,AL,410004000,4,0,120,24,7
vienna,XGB,AL,410004000,4,1,130,26,7
vienna,XGB,AL,410004000,4,2,140,29,7
vienna,XGB,guided,410004000,4,0,120,24,7
vienna,XGB,guided,410004000,4,1,130,26,7
vienna,XGB,guided,410004000,4,2,140,29,8
vienna,XGB,AL,410004000,5,0,120,24,5
vienna,XGB,AL,410004000,5,1,130,25,5
vienna,XGB,AL,410004000,5,2,140,28,7
vienna,XGB,guided,410004000,5,0,120,24,5
vienna,XGB,guided,410004000,5,1,130,27,5
vienna,XGB,guided,410004000,5,2,140,31,5
vienna,XGB,AL,410004000,6,0,120,24,9
vienna,XGB,AL,410004000,6,1,130,25,9
vienna,XGB,AL,410004000,6,2,140,28,10
vienna,XGB,guided,410004000,6,0,120,24,9
vienna,XGB,guided,410004000,6,1,130,27,12
vienna,XGB,guided,410004000,6,2,140,29,13
vienna,XGB,AL,410004000,7,0,120,24,8
vienna,XGB,AL,410004000,7,1,130,28,8
vienna,XGB,AL,410004000,7,2,140,30,8
vienna,XGB,guided,410004000,7,0,120,24,8
vienna,XGB,guided,410004000,7,1,130,29,8
vienna,XGB,guided,410004000,7,2,140,34,9
vienna,XGB,AL,410004000,8,0,120,24,5
vienna,XGB,AL,410004000,8,1,130,25,5
vienna,XGB,AL,410004000,8,2,140,28,6
vienna,XGB,guided,410004000,8,0,120,24,5
vienna,XGB,guided,410004000,8,1,130,27,6
vienna,XGB,guided,410004000,8,2,140,30,6
vienna,XGB,AL,410004000,9,0,120,24,6
vienna,XGB,AL,410004000,9,1,130,25,6
vienna,XGB,AL,410004000,9,2,140,28,6
vienna,XGB,guided,410004000,9,0,120,24,6
vienna,XGB,guided,410004000,9,1,130,27,8
vienna,XGB,guided,410004000,9,2,140,27,8
vienna,XGB,AL,410004000,10,0,120,24,5
vienna,XGB,AL,410004000,10,1,130,25,5
vienna,XGB,AL,410004000,10,2,140,27,5
vienna,XGB,guided,410004000,10,0,120,24,5
vienna,XGB,guided,410004000,10,1,130,27,5
vienna,XGB,guided,410004000,10,2,140,30,7
vienna,XGB,AL,410004000,11,0,120,24,4
vienna,XGB,AL,410004000,11,1,130,24,4
vienna,XGB,AL,410004000,11,2,140,27,4
vienna,XGB,guided,410004000,11,0,120,24,4
vienna,XGB,guided,410004000,11,1,130,29,5
vienna,XGB,guided,410004000,11,2,140,32,5
vienna,XGB,AL,410004000,12,0,120,24,4
vienna,XGB,AL,410004000,12,1,130,28,5
vienna,XGB,AL,410004000,12,2,140,29,5
vienna,XGB,guided,410004000,12,0,120,24,4
vienna,XGB,guided,410004000,12,1,130,27,4
vienna,XGB,guided,410004000,12,2,140,30,5
vienna,XGB,AL,410004000,13,0,120,24,10
vienna,XGB,AL,410004000,13,1,130,25,10
vienna,XGB,AL,410004000,13,2,140,26,10
vienna,XGB,guided,410004000,13,0,120,24,10
vienna,XGB,guided,410004000,13,1,130,25,11
vienna,XGB,guided,410004000,13,2,140,25,11
vienna,XGB,AL,410004000,14,0,120,24,5
vienna,XGB,AL,410004000,14,1,130,26,5
vienna,XGB,AL,410004000,14,2,140,29,5
vienna,XGB,guided,410004000,14,0,120,24,5
vienna,XGB,guided,410004000,14,1,130,28,7
vienna,XGB,guided,410004000,14,2,140,33,10
vienna,XGB,AL,410005000,0,0,120,24,4
vienna,XGB,AL,410005000,0,1,130,27,5
vienna,XGB,AL,410005000,0,2,140,30,5
vienna,XGB,guided,410005000,0,0,120,24,4
vienna,XGB,guided,410005000,0,1,130,27,6
vienna,XGB,guided,410005000,0,2,140,30,6
vienna,XGB,AL,410005000,1,0,120,24,4
vienna,XGB,AL,410005000,1,1,130,27,5
vienna,XGB,AL,410005000,1,2,140,30,5
vienna,XGB,guided,410005000,1,0,120,24,4
vienna,XGB,guided,410005000,1,1,130,32,7
vienna,XGB,guided,410005000,1,2,140,35,7
vienna,XGB,AL,410005000,2,0,120,24,3
vienna,XGB,AL,410005000,2,1,130,25,3
vienna,XGB,AL,410005000,2,2,140,27,4
vienna,XGB,guided,410005000,2,0,120,24,3
vienna,XGB,guided,410005000,2,1,130,29,4
vienna,XGB,guided,410005000,2,2,140,33,5
vienna,XGB,AL,410005000,3,0,120,24,4
vienna,XGB,AL,410005000,3,1,130,27,5
vienna,XGB,AL,410005000,3,2,140,28,5
vienna,XGB,guided,410005000,3,0,120,24,4
vienna,XGB,guided,410005000,3,1,130,27,5
vienna,XGB,guided,410005000,3,2,140,30,7
vienna,XGB,AL,410005000,4,0,120,24,6
vienna,XGB,AL,410005000,4,1,130,24,6
vienna,XGB,AL,410005000,4,2,140,27,6
vienna,XGB,guided,410005000,4,0,120,24,6
vienna,XGB,guided,410005000,4,1,130,28,6
vienna,XGB,guided,410005000,4,2,140,32,7
vienna,XGB,AL,410005000,5,0,120,24,7
vienna,XGB,AL,410005000,5,1,130,26,8
vienna,XGB,AL,410005000,5,2,140,26,8
vienna,XGB,guided,410005000,5,0,120,24,7
vienna,XGB,guided,410005000,5,1,130,28,9
vienna,XGB,guided,410005000,5,2,140,31,9
vienna,XGB,AL,410005000,6,0,120,24,5
vienna,XGB,AL,410005000,6,1,130,29,8
vienna,XGB,AL,410005000,6,2,140,32,8
vienna,XGB,guided,410005000,6,0,120,24,5
vienna,XGB,guided,410005000,6,1,130,28,7
vienna,XGB,guided,410005000,6,2,140,29,8
vienna,XGB,AL,410005000,7,0,120,24,4
vienna,XGB,AL,410005000,7,1,130,26,5
vienna,XGB,AL,410005000,7,2,140,28,5
vienna,XGB,guided,410005000,7,0,120,24,4
vienna,XGB,guided,410005000,7,1,130,28,5
vienna,XGB,guided,410005000,7,2,140,31,6
vienna,XGB,AL,410005000,8,0,120,24,5
vienna,XGB,AL,410005000,8,1,130,28,5
vienna,XGB,AL,410005000,8,2,140,29,5
vienna,XGB,guided,410005000,8,0,120,24,5
vienna,XGB,guided,410005000,8,1,130,30,7
vienna,XGB,guided,410005000,8,2,140,33,8
vienna,XGB,AL,410005000,9,0,120,24,5
vienna,XGB,AL,410005000,9,1,130,27,5
vienna,XGB,AL,410005000,9,2,140,27,5
vienna,XGB,guided,410005000,9,0,120,24,5
vienna,XGB,guided,410005000,9,1,130,27,7
vienna,XGB,guided,410005000,9,2,140,30,8
vienna,XGB,AL,410005000,10,0,120,24,5
vienna,XGB,AL,410005000,10,1,130,28,6
vienna,XGB,AL,410005000,10,2,140,32,7
vienna,XGB,guided,410005000,10,0,120,24,5
vienna,XGB,guided,410005000,10,1,130,27,5
vienna,XGB,guided,410005000,10,2,140,29,5
vienna,XGB,AL,410005000,11,0,120,24,8
vienna,XGB,AL,410005000,11,1,130,26,8
vienna,XGB,AL,410005000,11,2,140,28,8
vienna,XGB,guided,410005000,11,0,120,24,8
vienna,XGB,guided,410005000,11,1,130,29,9
vienna,XGB,guided,410005000,11,2,140,33,11
vienna,XGB,AL,410005000,12,0,120,24,5
vienna,XGB,AL,410005000,12,1,130,25,5
vienna,XGB,AL,410005000,12,2,140,26,5
vienna,XGB,guided,410005000,12,0,120,24,5
vienna,XGB,guided,410005000,12,1,130,26,5
vienna,XGB,guided,410005000,12,2,140,28,6
vienna,XGB,AL,410005000,13,0,120,24,7
vienna,XGB,AL,410005000,13,1,130,26,7
vienna,XGB,AL,410005000,13,2,140,26,7
vienna,XGB,guided,410005000,13,0,120,24,7
vienna,XGB,guided,410005000,13,1,130,24,7
vienna,XGB,guided,410005000,13,2,140,27,8
vienna,XGB,AL,410005000,14,0,120,24,5
vienna,XGB,AL,410005000,14,1,130,26,6
vienna,XGB,AL,410005000,14,2,140,27,6
vienna,XGB,guided,410005000,14,0,120,24,5
vienna,XGB,guided,410005000,14,1,130,26,7
vienna,XGB,guided,410005000,14,2,140,28,8
vienna,GPR,AL,410001000,0,0,120,24,5
vienna,GPR,AL,410001000,0,1,130,26,5
vienna,GPR,AL,410001000,0,2,140,28,6
vienna,GPR,guided,410001000,0,0,120,24,5
vienna,GPR,guided,410001000,0,1,130,26,6
vienna,GPR,guided,410001000,0,2,140,29,6
vienna,GPR,AL,410001000,1,0,120,24,9
vienna,GPR,AL,410001000,1,1,130,27,9
vienna,GPR,AL,410001000,1,2,140,28,9
vienna,GPR,guided,410001000,1,0,120,24,9
vienna,GPR,guided,410001000,1,1,130,24,9
vienna,GPR,guided,410001000,1,2,140,25,10
vienna,GPR,AL,410001000,2,0,120,24,8
vienna,GPR,AL,410001000,2,1,130,27,8
vienna,GPR,AL,410001000,2,2,140,27,8
vienna,GPR,guided,410001000,2,0,120,24,8
vienna,GPR,guided,410001000,2,1,130,25,8
vienna,GPR,guided,410001000,2,2,140,26,9
vienna,GPR,AL,410001000,3,0,120,24,9
vienna,GPR,AL,410001000,3,1,130,29,10
vienna,GPR,AL,410001000,3,2,140,29,10
vienna,GPR,guided,410001000,3,0,120,24,9
vienna,GPR,guided,410001000,3,1,130,27,10
vienna,GPR,guided,410001000,3,2,140,28,11
vienna,GPR,AL,410001000,4,0,120,24,7
vienna,GPR,AL,410001000,4,1,130,26,7
vienna,GPR,AL,410001000,4,2,140,29,7
vienna,GPR,guided,410001000,4,0,120,24,7
vienna,GPR,guided,410001000,4,1,130,26,9
vienna,GPR,guided,410001000,4,2,140,30,11
vienna,GPR,AL,410001000,5,0,120,24,3
vienna,GPR,AL,410001000,5,1,130,28,4
vienna,GPR,AL,410001000,5,2,140,29,4
vienna,GPR,guided,410001000,5,0,120,24,3
vienna,GPR,guided,410001000,5,1,130,25,3
vienna,GPR,guided,410001000,5,2,140,28,4
vienna,GPR,AL,410001000,6,0,120,24,8
vienna,GPR,AL,410001000,6,1,130,27,8
vienna,GPR,AL,410001000,6,2,140,29,8
vienna,GPR,guided,410001000,6,0,120,24,8
vienna,GPR,guided,410001000,6,1,130,28,8
vienna,GPR,guided,410001000,6,2,140,30,9
vienna,GPR,AL,410001000,7,0,120,24,9
vienna,GPR,AL,410001000,7,1,130,28,10
vienna,GPR,AL,410001000,7,2,140,29,10
vienna,GPR,guided,410001000,7,0,120,24,9
vienna,GPR,guided,410001000,7,1,130,26,9
vienna,GPR,guided,410001000,7,2,140,28,10
vienna,GPR,AL,410001000,8,0,120,24,8
vienna,GPR,AL,410001000,8,1,130,25,8
vienna,GPR,AL,410001000,8,2,140,29,8
vienna,GPR,guided,410001000,8,0,120,24,8
vienna,GPR,guided,410001000,8,1,130,28,10
vienna,GPR,guided,410001000,8,2,140,29,10
vienna,GPR,AL,410001000,9,0,120,24,2
vienna,GPR,AL,410001000,9,1,130,27,3
vienna,GPR,AL,410001000,9,2,140,29,3
vienna,GPR,guided,410001000,9,0,120,24,2
vienna,GPR,guided,410001000,9,1,130,29,4
vienna,GPR,guided,410001000,9,2,140,32,5
vienna,GPR,AL,410001000,10,0,120,24,5
vienna,GPR,AL,410001000,10,1,130,27,6
vienna,GPR,AL,410001000,10,2,140,30,6
vienna,GPR,guided,410001000,10,0,120,24,5
vienna,GPR,guided,410001000,10,1,130,27,8
vienna,GPR,guided,410001000,10,2,140,30,9
vienna,GPR,AL,410001000,11,0,120,24,5
vienna,GPR,AL,410001000,11,1,130,26,5
vienna,GPR,AL,410001000,11,2,140,28,5
vienna,GPR,guided,410001000,11,0,120,24,5
vienna,GPR,guided,410001000,11,1,130,28,6
vienna,GPR,guided,410001000,11,2,140,30,7
vienna,GPR,AL,410001000,12,0,120,24,8
vienna,GPR,AL,410001000,12,1,130,26,8
vienna,GPR,AL,410001000,12,2,140,29,9
vienna,GPR,guided,410001000,12,0,120,24,8
vienna,GPR,guided,410001000,12,1,130,28,10
vienna,GPR,guided,410001000,12,2,140,30,11
vienna,GPR,AL,410001000,13,0,120,24,5
vienna,GPR,AL,410001000,13,1,130,29,5
vienna,GPR,AL,410001000,13,2,140,33,6
vienna,GPR,guided,410001000,13,0,120,24,5
vienna,GPR,guided,410001000,13,1,130,28,5
vienna,GPR,guided,410001000,13,2,140,30,6
vienna,GPR,AL,410001000,14,0,120,24,2
vienna,GPR,AL,410001000,14,1,130,26,2
vienna,GPR,AL,410001000,14,2,140,28,2
vienna,GPR,guided,410001000,14,0,120,24,2
vienna,GPR,guided,410001000,14,1,130,27,2
vienna,GPR,guided,410001000,14,2,140,32,4
vienna,GPR,AL,410002000,0,0,120,24,5
vienna,GPR,AL,410002000,0,1,130,28,5
vienna,GPR,AL,410002000,0,2,140,31,6
vienna,GPR,guided,410002000,0,0,120,24,5
vienna,GPR,guided,410002000,0,1,130,31,6
vienna,GPR,guided,410002000,0,2,140,34,7
vienna,GPR,AL,410002000,1,0,120,24,5
vienna,GPR,AL,410002000,1,1,130,30,5
vienna,GPR,AL,410002000,1,2,140,31,5
vienna,GPR,guided,410002000,1,0,120,24,5
vienna,GPR,guided,410002000,1,1,130,27,6
vienna,GPR,guided,410002000,1,2,140,30,7
vienna,GPR,AL,410002000,2,0,120,24,2
vienna,GPR,AL,410002000,2,1,130,31,2
vienna,GPR,AL,410002000,2,2,140,35,2
vienna,GPR,guided,410002000,2,0,120,24,2
vienna,GPR,guided,410002000,2,1,130,30,3
vienna,GPR,guided,410002000,2,2,140,36,5
vienna,GPR,AL,410002000,3,0,120,24,5
vienna,GPR,AL,410002000,3,1,130,30,5
vienna,GPR,AL,410002000,3,2,140,33,5
vienna,GPR,guided,410002000,3,0,120,24,5
vienna,GPR,guided,410002000,3,1,130,30,7
vienna,GPR,guided,410002000,3,2,140,33,8
vienna,GPR,AL,410002000,4,0,120,24,9
vienna,GPR,AL,410002000,4,1,130,29,9
vienna,GPR,AL,410002000,4,2,140,31,9
vienna,GPR,guided,410002000,4,0,120,24,9
vienna,GPR,guided,410002000,4,1,130,29,9
vienna,GPR,guided,410002000,4,2,140,35,12
vienna,GPR,AL,410002000,5,0,120,24,10
vienna,GPR,AL,410002000,5,1,130,27,11
vienna,GPR,AL,410002000,5,2,140,30,11
vienna,GPR,guided,410002000,5,0,120,24,10
vienna,GPR,guided,410002000,5,1,130,29,11
vienna,GPR,guided,410002000,5,2,140,30,11
vienna,GPR,AL,410002000,6,0,120,24,5
vienna,GPR,AL,410002000,6,1,130,28,5
vienna,GPR,AL,410002000,6,2,140,31,6
vienna,GPR,guided,410002000,6,0,120,24,5
vienna,GPR,guided,410002000,6,1,130,30,7
vienna,GPR,guided,410002000,6,2,140,32,7
vienna,GPR,AL,410002000,7,0,120,24,3
vienna,GPR,AL,410002000,7,1,130,26,4
vienna,GPR,AL,410002000,7,2,140,28,4
vienna,GPR,guided,410002000,7,0,120,24,3
vienna,GPR,guided,410002000,7,1,130,27,4
vienna,GPR,guided,410002000,7,2,140,32,5
vienna,GPR,AL,410002000,8,0,120,24,5
vienna,GPR,AL,410002000,8,1,130,28,5
vienna,GPR,AL,410002000,8,2,140,31,6
vienna,GPR,guided,410002000,8,0,120,24,5
vienna,GPR,guided,410002000,8,1,130,27,5
vienna,GPR,guided,410002000,8,2,140,29,5
vienna,GPR,AL,410002000,9,0,120,24,6
vienna,GPR,AL,410002000,9,1,130,30,6
vienna,GPR,AL,410002000,9,2,140,34,6
vienna,GPR,guided,410002000,9,0,120,24,6
vienna,GPR,guided,410002000,9,1,130,30,7
vienna,GPR,guided,410002000,9,2,140,34,7
vienna,GPR,AL,410002000,10,0,120,24,3
vienna,GPR,AL,410002000,10,1,130,25,3
vienna,GPR,AL,410002000,10,2,140,27,4
vienna,GPR,guided,410002000,10,0,120,24,3
vienna,GPR,guided,410002000,10,1,130,28,5
vienna,GPR,guided,410002000,10,2,140,32,7
vienna,GPR,AL,410002000,11,0,120,24,7
vienna,GPR,AL,410002000,11,1,130,27,8
vienna,GPR,AL,410002000,11,2,140,30,8
vienna,GPR,guided,410002000,11,0,120,24,7
vienna,GPR,guided,410002000,11,1,130,27,8
vienna,GPR,guided,410002000,11,2,140,29,8
vienna,GPR,AL,410002000,12,0,120,24,4
vienna,GPR,AL,410002000,12,1,130,27,4
vienna,GPR,AL,410002000,12,2,140,27,4
vienna,GPR,guided,410002000,12,0,120,24,4
vienna,GPR,guided,410002000,12,1,130,27,4
vienna,GPR,guided,410002000,12,2,140,31,7
vienna,GPR,AL,410002000,13,0,120,24,9
vienna,GPR,AL,410002000,13,1,130,25,9
vienna,GPR,AL,410002000,13,2,140,26,9
vienna,GPR,guided,410002000,13,0,120,24,9
vienna,GPR,guided,410002000,13,1,130,25,9
vienna,GPR,guided,410002000,13,2,140,28,11
vienna,GPR,AL,410002000,14,0,120,24,13
vienna,GPR,AL,410002000,14,1,130,26,13
vienna,GPR,AL,410002000,14,2,140,28,13
vienna,GPR,guided,410002000,14,0,120,24,13
vienna,GPR,guided,410002000,14,1,130,26,13
vienna,GPR,guided,410002000,14,2,140,28,14
vienna,GPR,AL,410003000,0,0,120,24,3
vienna,GPR,AL,410003000,0,1,130,31,3
vienna,GPR,AL,410003000,0,2,140,33,4
vienna,GPR,guided,410003000,0,0,120,24,3
vienna,GPR,guided,410003000,0,1,130,28,4
vienna,GPR,guided,410003000,0,2,140,29,4
vienna,GPR,AL,410003000,1,0,120,24,5
vienna,GPR,AL,410003000,1,1,130,25,5
vienna,GPR,AL,410003000,1,2,140,26,5
vienna,GPR,guided,410003000,1,0,120,24,5
vienna,GPR,guided,410003000,1,1,130,28,7
vienna,GPR,guided,410003000,1,2,140,30,8
vienna,GPR,AL,410003000,2,0,120,24,2
vienna,GPR,AL,410003000,2,1,130,29,3
vienna,GPR,AL,410003000,2,2,140,32,3
vienna,GPR,guided,410003000,2,0,120,24,2
vienna,GPR,guided,410003000,2,1,130,28,5
vienna,GPR,guided,410003000,2,2,140,31,7
vienna,GPR,AL,410003000,3,0,120,24,5
vienna,GPR,AL,410003000,3,1,130,30,5
vienna,GPR,AL,410003000,3,2,140,33,5
vienna,GPR,guided,410003000,3,0,120,24,5
vienna,GPR,guided,410003000,3,1,130,30,6
vienna,GPR,guided,410003000,3,2,140,34,6
vienna,GPR,AL,410003000,4,0,120,24,4
vienna,GPR,AL,410003000,4,1,130,26,4
vienna,GPR,AL,410003000,4,2,140,29,5
vienna,GPR,guided,410003000,4,0,120,24,4
vienna,GPR,guided,410003000,4,1,130,28,6
vienna,GPR,guided,410003000,4,2,140,30,7
vienna,GPR,AL,410003000,5,0,120,24,4
vienna,GPR,AL,410003000,5,1,130,26,4
vienna,GPR,AL,410003000,5,2,140,27,4
vienna,GPR,guided,410003000,5,0,120,24,4
vienna,GPR,guided,410003000,5,1,130,27,5
vienna,GPR,guided,410003000,5,2,140,28,6
vienna,GPR,AL,410003000,6,0,120,24,8
vienna,GPR,AL,410003000,6,1,130,26,8
vienna,GPR,AL,410003000,6,2,140,30,8
vienna,GPR,guided,410003000,6,0,120,24,8
vienna,GPR,guided,410003000,6,1,130,27,8
vienna,GPR,guided,410003000,6,2,140,30,8
vienna,GPR,AL,410003000,7,0,120,24,7
vienna,GPR,AL,410003000,7,1,130,27,7
vienna,GPR,AL,410003000,7,2,140,28,7
vienna,GPR,guided,410003000,7,0,120,24,7
vienna,GPR,guided,410003000,7,1,130,27,9
vienna,GPR,guided,410003000,7,2,140,29,9
vienna,GPR,AL,410003000,8,0,120,24,9
vienna,GPR,AL,410003000,8,1,130,26,10
vienna,GPR,AL,410003000,8,2,140,28,10
vienna,GPR,guided,410003000,8,0,120,24,9
vienna,GPR,guided,410003000,8,1,130,28,10
vienna,GPR,guided,410003000,8,2,140,30,10
vienna,GPR,AL,410003000,9,0,120,24,5
vienna,GPR,AL,410003000,9,1,130,28,6
vienna,GPR,AL,410003000,9,2,140,31,6
vienna,GPR,guided,410003000,9,0,120,24,5
vienna,GPR,guided,410003000,9,1,130,28,7
vienna,GPR,guided,410003000,9,2,140,34,9
vienna,GPR,AL,410003000,10,0,120,24,6
vienna,GPR,AL,410003000,10,1,130,26,6
vienna,GPR,AL,410003000,10,2,140,28,7
vienna,GPR,guided,410003000,10,0,120,24,6
vienna,GPR,guided,410003000,10,1,130,27,6
vienna,GPR,guided,410003000,10,2,140,29,6
vienna,GPR,AL,410003000,11,0,120,24,6
vienna,GPR,AL,410003000,11,1,130,26,6
vienna,GPR,AL,410003000,11,2,140,26,6
vienna,GPR,guided,410003000,11,0,120,24,6
vienna,GPR,guided,410003000,11,1,130,28,8
vienna,GPR,guided,410003000,11,2,140,29,8
vienna,GPR,AL,410003000,12,0,120,24,6
vienna,GPR,AL,410003000,12,1,130,27,6
vienna,GPR,AL,410003000,12,2,140,30,7
vienna,GPR,guided,410003000,12,0,120,24,6
vienna,GPR,guided,410003000,12,1,130,25,6
vienna,GPR,guided,410003000,12,2,140,28,6
vienna,GPR,AL,410003000,13,0,120,24,6
vienna,GPR,AL,410003000,13,1,130,26,6
vienna,GPR,AL,410003000,13,2,140,31,6
vienna,GPR,guided,410003000,13,0,120,24,6
vienna,GPR,guided,410003000,13,1,130,26,8
vienna,GPR,guided,410003000,13,2,140,28,8
vienna,GPR,AL,410003000,14,0,120,24,6
vienna,GPR,AL,410003000,14,1,130,30,6
vienna,GPR,AL,410003000,14,2,140,32,6
vienna,GPR,guided,410003000,14,0,120,24,6
vienna,GPR,guided,410003000,14,1,130,29,7
vienna,GPR,guided,410003000,14,2,140,33,8
vienna,GPR,AL,410004000,0,0,120,24,7
vienna,GPR,AL,410004000,0,1,130,26,7
vienna,GPR,AL,410004000,0,2,140,27,7
vienna,GPR,guided,410004000,0,0,120,24,7
vienna,GPR,guided,410004000,0,1,130,26,8
vienna,GPR,guided,410004000,0,2,140,28,10
vienna,GPR,AL,410004000,1,0,120,24,4
vienna,GPR,AL,410004000,1,1,130,30,4
vienna,GPR,AL,410004000,1,2,140,32,4
vienna,GPR,guided,410004000,1,0,120,24,4
vienna,GPR,guided,410004000,1,1,130,28,6
vienna,GPR,guided,410004000,1,2,140,31,7
vienna,GPR,AL,410004000,2,0,120,24,7
vienna,GPR,AL,410004000,2,1,130,28,7
vienna,GPR,AL,410004000,2,2,140,31,7
vienna,GPR,guided,410004000,2,0,120,24,7
vienna,GPR,guided,410004000,2,1,130,27,8
vienna,GPR,guided,410004000,2,2,140,29,9
vienna,GPR,AL,410004000,3,0,120,24,3
vienna,GPR,AL,410004000,3,1,130,28,4
vienna,GPR,AL,410004000,3,2,140,30,4
vienna,GPR,guided,410004000,3,0,120,24,3
vienna,GPR,guided,410004000,3,1,130,27,3
vienna,GPR,guided,410004000,3,2,140,32,5
vienna,GPR,AL,410004000,4,0,120,24,7
vienna,GPR,AL,410004000,4,1,130,27,7
vienna,GPR,AL,410004000,4,2,140,28,7
vienna,GPR,guided,410004000,4,0,120,24,7
vienna,GPR,guided,410004000,4,1,130,28,7
vienna,GPR,guided,410004000,4,2,140,29,7
vienna,GPR,AL,410004000,5,0,120,24,5
vienna,GPR,AL,410004000,5,1,130,29,6
vienna,GPR,AL,410004000,5,2,140,31,6
vienna,GPR,guided,410004000,5,0,120,24,5
vienna,GPR,guided,410004000,5,1,130,27,5
vienna,GPR,guided,410004000,5,2,140,31,5
vienna,GPR,AL,410004000,6,0,120,24,9
vienna,GPR,AL,410004000,6,1,130,27,9
vienna,GPR,AL,410004000,6,2,140,28,9
vienna,GPR,guided,410004000,6,0,120,24,9
vienna,GPR,guided,410004000,6,1,130,28,12
vienna,GPR,guided,410004000,6,2,140,31,13
vienna,GPR,AL,410004000,7,0,120,24,8
vienna,GPR,AL,410004000,7,1,130,28,8
vienna,GPR,AL,410004000,7,2,140,32,8
vienna,GPR,guided,410004000,7,0,120,24,8
vienna,GPR,guided,410004000,7,1,130,32,9
vienna,GPR,guided,410004000,7,2,140,38,9
vienna,GPR,AL,410004000,8,0,120,24,5
vienna,GPR,AL,410004000,8,1,130,27,5
vienna,GPR,AL,410004000,8,2,140,28,5
vienna,GPR,guided,410004000,8,0,120,24,5
vienna,GPR,guided,410004000,8,1,130,30,7
vienna,GPR,guided,410004000,8,2,140,32,8
vienna,GPR,AL,410004000,9,0,120,24,6
vienna,GPR,AL,410004000,9,1,130,26,6
vienna,GPR,AL,410004000,9,2,140,27,6
vienna,GPR,guided,410004000,9,0,120,24,6
vienna,GPR,guided,410004000,9,1,130,26,8
vienna,GPR,guided,410004000,9,2,140,27,9
vienna,GPR,AL,410004000,10,0,120,24,5
vienna,GPR,AL,410004000,10,1,130,28,5
vienna,GPR,AL,410004000,10,2,140,29,6
vienna,GPR,guided,410004000,10,0,120,24,5
vienna,GPR,guided,410004000,10,1,130,27,5
vienna,GPR,guided,410004000,10,2,140,29,6
vienna,GPR,AL,410004000,11,0,120,24,4
vienna,GPR,AL,410004000,11,1,130,30,4
vienna,GPR,AL,410004000,11,2,140,32,4
vienna,GPR,guided,410004000,11,0,120,24,4
vienna,GPR,guided,410004000,11,1,130,30,4
vienna,GPR,guided,410004000,11,2,140,35,7
vienna,GPR,AL,410004000,12,0,120,24,4
vienna,GPR,AL,410004000,12,1,130,27,4
vienna,GPR,AL,410004000,12,2,140,28,4
vienna,GPR,guided,410004000,12,0,120,24,4
vienna,GPR,guided,410004000,12,1,130,27,4
vienna,GPR,guided,410004000,12,2,140,31,6
vienna,GPR,AL,410004000,13,0,120,24,10
vienna,GPR,AL,410004000,13,1,130,26,10
vienna,GPR,AL,410004000,13,2,140,26,10
vienna,GPR,guided,410004000,13,0,120,24,10
vienna,GPR,guided,410004000,13,1,130,25,11
vienna,GPR,guided,410004000,13,2,140,28,12
vienna,GPR,AL,410004000,14,0,120,24,5
vienna,GPR,AL,410004000,14,1,130,27,5
vienna,GPR,AL,410004000,14,2,140,30,5
vienna,GPR,guided,410004000,14,0,120,24,5
vienna,GPR,guided,410004000,14,1,130,28,8
vienna,GPR,guided,410004000,14,2,140,31,8
vienna,GPR,AL,410005000,0,0,120,24,4
vienna,GPR,AL,410005000,0,1,130,26,4
vienna,GPR,AL,410005000,0,2,140,30,4
vienna,GPR,guided,410005000,0,0,120,24,4
vienna,GPR,guided,410005000,0,1,130,27,6
vienna,GPR,guided,410005000,0,2,140,34,9
vienna,GPR,AL,410005000,1,0,120,24,4
vienna,GPR,AL,410005000,1,1,130,27,4
vienna,GPR,AL,410005000,1,2,140,28,5
vienna,GPR,guided,410005000,1,0,120,24,4
vienna,GPR,guided,410005000,1,1,130,31,6
vienna,GPR,guided,410005000,1,2,140,35,7
vienna,GPR,AL,410005000,2,0,120,24,3
vienna,GPR,AL,410005000,2,1,130,30,3
vienna,GPR,AL,410005000,2,2,140,33,4
vienna,GPR,guided,410005000,2,0,120,24,3
vienna,GPR,guided,410005000,2,1,130,30,4
vienna,GPR,guided,410005000,2,2,140,36,4
vienna,GPR,AL,410005000,3,0,120,24,4
vienna,GPR,AL,410005000,3,1,130,28,4
vienna,GPR,AL,410005000,3,2,140,30,4
vienna,GPR,guided,410005000,3,0,120,24,4
vienna,GPR,guided,410005000,3,1,130,30,9
vienna,GPR,guided,410005000,3,2,140,33,10
vienna,GPR,AL,410005000,4,0,120,24,6
vienna,GPR,AL,410005000,4,1,130,31,6
vienna,GPR,AL,410005000,4,2,140,32,6
vienna,GPR,guided,410005000,4,0,120,24,6
vienna,GPR,guided,410005000,4,1,130,32,7
vienna,GPR,guided,410005000,4,2,140,35,7
vienna,GPR,AL,410005000,5,0,120,24,7
vienna,GPR,AL,410005000,5,1,130,27,8
vienna,GPR,AL,410005000,5,2,140,29,8
vienna,GPR,guided,410005000,5,0,120,24,7
vienna,GPR,guided,410005000,5,1,130,27,8
vienna,GPR,guided,410005000,5,2,140,29,8
vienna,GPR,AL,410005000,6,0,120,24,5
vienna,GPR,AL,410005000,6,1,130,26,5
vienna,GPR,AL,410005000,6,2,140,28,5
vienna,GPR,guided,410005000,6,0,120,24,5
vienna,GPR,guided,410005000,6,1,130,27,6
vienna,GPR,guided,410005000,6,2,140,28,7
vienna,GPR,AL,410005000,7,0,120,24,4
vienna,GPR,AL,410005000,7,1,130,28,4
vienna,GPR,AL,410005000,7,2,140,31,6
vienna,GPR,guided,410005000,7,0,120,24,4
vienna,GPR,guided,410005000,7,1,130,29,6
vienna,GPR,guided,410005000,7,2,140,32,7
vienna,GPR,AL,410005000,8,0,120,24,5
vienna,GPR,AL,410005000,8,1,130,26,5
vienna,GPR,AL,410005000,8,2,140,27,5
vienna,GPR,guided,410005000,8,0,120,24,5
vienna,GPR,guided,410005000,8,1,130,30,7
vienna,GPR,guided,410005000,8,2,140,32,7
vienna,GPR,AL,410005000,9,0,120,24,5
vienna,GPR,AL,410005000,9,1,130,29,5
vienna,GPR,AL,410005000,9,2,140,34,6
vienna,GPR,guided,410005000,9,0,120,24,5
vienna,GPR,guided,410005000,9,1,130,27,6
vienna,GPR,guided,410005000,9,2,140,31,7
vienna,GPR,AL,410005000,10,0,120,24,5
vienna,GPR,AL,410005000,10,1,130,31,5
vienna,GPR,AL,410005000,10,2,140,33,5
vienna,GPR,guided,410005000,10,0,120,24,5
vienna,GPR,guided,410005000,10,1,130,28,6
vienna,GPR,guided,410005000,10,2,140,32,6
vienna,GPR,AL,410005000,11,0,120,24,8
vienna,GPR,AL,410005000,11,1,130,28,8
vienna,GPR,AL,410005000,11,2,140,29,8
vienna,GPR,guided,410005000,11,0,120,24,8
vienna,GPR,guided,410005000,11,1,130,29,9
vienna,GPR,guided,410005000,11,2,140,31,10
vienna,GPR,AL,410005000,12,0,120,24,5
vienna,GPR,AL,410005000,12,1,130,27,6
vienna,GPR,AL,410005000,12,2,140,29,6
vienna,GPR,guided,410005000,12,0,120,24,5
vienna,GPR,guided,410005000,12,1,130,27,5
vienna,GPR,guided,410005000,12,2,140,31,6
vienna,GPR,AL,410005000,13,0,120,24,7
vienna,GPR,AL,410005000,13,1,130,26,8
vienna,GPR,AL,410005000,13,2,140,28,8
vienna,GPR,guided,410005000,13,0,120,24,7
vienna,GPR,guided,410005000,13,1,130,26,8
vienna,GPR,guided,410005000,13,2,140,28,8
vienna,GPR,AL,410005000,14,0,120,24,5
vienna,GPR,AL,410005000,14,1,130,26,5
vienna,GPR,AL,410005000,14,2,140,27,5
vienna,GPR,guided,410005000,14,0,120,24,5
vienna,GPR,guided,410005000,14,1,130,27,7
vienna,GPR,guided,410005000,14,2,140,29,8
vienna,DNN,AL,410001000,0,0,120,24,5
vienna,DNN,AL,410001000,0,1,130,24,5
vienna,DNN,AL,410001000,0,2,140,25,6
vienna,DNN,guided,410001000,0,0,120,24,5
vienna,DNN,guided,410001000,0,1,130,26,6
vienna,DNN,guided,410001000,0,2,140,29,7
vienna,DNN,AL,410001000,1,0,120,24,9
vienna,DNN,AL,410001000,1,1,130,27,10
vienna,DNN,AL,410001000,1,2,140,29,10
vienna,DNN,guided,410001000,1,0,120,24,9
vienna,DNN,guided,410001000,1,1,130,25,9
vienna,DNN,guided,410001000,1,2,140,27,10
vienna,DNN,AL,410001000,2,0,120,24,8
vienna,DNN,AL,410001000,2,1,130,25,8
vienna,DNN,AL,410001000,2,2,140,27,8
vienna,DNN,guided,410001000,2,0,120,24,8
vienna,DNN,guided,410001000,2,1,130,26,9
vienna,DNN,guided,410001000,2,2,140,27,9
vienna,DNN,AL,410001000,3,0,120,24,9
vienna,DNN,AL,410001000,3,1,130,27,9
vienna,DNN,AL,410001000,3,2,140,28,9
vienna,DNN,guided,410001000,3,0,120,24,9
vienna,DNN,guided,410001000,3,1,130,26,10
vienna,DNN,guided,410001000,3,2,140,28,10
vienna,DNN,AL,410001000,4,0,120,24,7
vienna,DNN,AL,410001000,4,1,130,25,7
vienna,DNN,AL,410001000,4,2,140,27,7
vienna,DNN,guided,410001000,4,0,120,24,7
vienna,DNN,guided,410001000,4,1,130,26,9
vienna,DNN,guided,410001000,4,2,140,29,10
vienna,DNN,AL,410001000,5,0,120,24,3
vienna,DNN,AL,410001000,5,1,130,26,4
vienna,DNN,AL,410001000,5,2,140,29,5
vienna,DNN,guided,410001000,5,0,120,24,3
vienna,DNN,guided,410001000,5,1,130,25,3
vienna,DNN,guided,410001000,5,2,140,27,4
vienna,DNN,AL,410001000,6,0,120,24,8
vienna,DNN,AL,410001000,6,1,130,25,8
vienna,DNN,AL,410001000,6,2,140,25,8
vienna,DNN,guided,410001000,6,0,120,24,8
vienna,DNN,guided,410001000,6,1,130,27,8
vienna,DNN,guided,410001000,6,2,140,31,9
vienna,DNN,AL,410001000,7,0,120,24,9
vienna,DNN,AL,410001000,7,1,130,25,9
vienna,DNN,AL,410001000,7,2,140,26,9
vienna,DNN,guided,410001000,7,0,120,24,9
vienna,DNN,guided,410001000,7,1,130,27,10
vienna,DNN,guided,410001000,7,2,140,29,10
vienna,DNN,AL,410001000,8,0,120,24,8
vienna,DNN,AL,410001000,8,1,130,25,8
vienna,DNN,AL,410001000,8,2,140,27,8
vienna,DNN,guided,410001000,8,0,120,24,8
vienna,DNN,guided,410001000,8,1,130,28,9
vienna,DNN,guided,410001000,8,2,140,30,10
vienna,DNN,AL,410001000,9,0,120,24,2
vienna,DNN,AL,410001000,9,1,130,27,3
vienna,DNN,AL,410001000,9,2,140,30,4
vienna,DNN,guided,410001000,9,0,120,24,2
vienna,DNN,guided,410001000,9,1,130,30,5
vienna,DNN,guided,410001000,9,2,140,33,6
vienna,DNN,AL,410001000,10,0,120,24,5
vienna,DNN,AL,410001000,10,1,130,25,6
vienna,DNN,AL,410001000,10,2,140,26,6
vienna,DNN,guided,410001000,10,0,120,24,5
vienna,DNN,guided,410001000,10,1,130,28,8
vienna,DNN,guided,410001000,10,2,140,32,10
vienna,DNN,AL,410001000,11,0,120,24,5
vienna,DNN,AL,410001000,11,1,130,26,5
vienna,DNN,AL,410001000,11,2,140,27,5
vienna,DNN,guided,410001000,11,0,120,24,5
vienna,DNN,guided,410001000,11,1,130,27,6
vienna,DNN,guided,410001000,11,2,140,30,7
vienna,DNN,AL,410001000,12,0,120,24,8
vienna,DNN,AL,410001000,12,1,130,26,9
vienna,DNN,AL,410001000,12,2,140,28,9
vienna,DNN,guided,410001000,12,0,120,24,8
vienna,DNN,guided,410001000,12,1,130,29,8
vienna,DNN,guided,410001000,12,2,140,30,9
vienna,DNN,AL,410001000,13,0,120,24,5
vienna,DNN,AL,410001000,13,1,130,26,6
vienna,DNN,AL,410001000,13,2,140,33,8
vienna,DNN,guided,410001000,13,0,120,24,5
vienna,DNN,guided,410001000,13,1,130,27,5
vienna,DNN,guided,410001000,13,2,140,32,7
vienna,DNN,AL,410001000,14,0,120,24,2
vienna,DNN,AL,410001000,14,1,130,26,3
vienna,DNN,AL,410001000,14,2,140,29,3
vienna,DNN,guided,410001000,14,0,120,24,2
vienna,DNN,guided,410001000,14,1,130,29,4
vienna,DNN,guided,410001000,14,2,140,31,4
vienna,DNN,AL,410002000,0,0,120,24,5
vienna,DNN,AL,410002000,0,1,130,29,7
vienna,DNN,AL,410002000,0,2,140,36,9
vienna,DNN,guided,410002000,0,0,120,24,5
vienna,DNN,guided,410002000,0,1,130,31,6
vienna,DNN,guided,410002000,0,2,140,37,7
vienna,DNN,AL,410002000,1,0,120,24,5
vienna,DNN,AL,410002000,1,1,130,28,5
vienna,DNN,AL,410002000,1,2,140,30,5
vienna,DNN,guided,410002000,1,0,120,24,5
vienna,DNN,guided,410002000,1,1,130,27,5
vienna,DNN,guided,410002000,1,2,140,29,7
vienna,DNN,AL,410002000,2,0,120,24,2
vienna,DNN,AL,410002000,2,1,130,25,2
vienna,DNN,AL,410002000,2,2,140,28,2
vienna,DNN,guided,410002000,2,0,120,24,2
vienna,DNN,guided,410002000,2,1,130,30,3
vienna,DNN,guided,410002000,2,2,140,36,4
vienna,DNN,AL,410002000,3,0,120,24,5
vienna,DNN,AL,410002000,3,1,130,26,5
vienna,DNN,AL,410002000,3,2,140,31,5
vienna,DNN,guided,410002000,3,0,120,24,5
vienna,DNN,guided,410002000,3,1,130,30,7
vienna,DNN,guided,410002000,3,2,140,33,7
vienna,DNN,AL,410002000,4,0,120,24,9
vienna,DNN,AL,410002000,4,1,130,25,9
vienna,DNN,AL,410002000,4,2,140,26,9
vienna,DNN,guided,410002000,4,0,120,24,9
vienna,DNN,guided,410002000,4,1,130,29,9
vienna,DNN,guided,410002000,4,2,140,34,12
vienna,DNN,AL,410002000,5,0,120,24,10
vienna,DNN,AL,410002000,5,1,130,25,11
vienna,DNN,AL,410002000,5,2,140,26,11
vienna,DNN,guided,410002000,5,0,120,24,10
vienna,DNN,guided,410002000,5,1,130,29,11
vienna,DNN,guided,410002000,5,2,140,33,11
vienna,DNN,AL,410002000,6,0,120,24,5
vienna,DNN,AL,410002000,6,1,130,26,6
vienna,DNN,AL,410002000,6,2,140,27,6
vienna,DNN,guided,410002000,6,0,120,24,5
vienna,DNN,guided,410002000,6,1,130,31,6
vienna,DNN,guided,410002000,6,2,140,33,7
vienna,DNN,AL,410002000,7,0,120,24,3
vienna,DNN,AL,410002000,7,1,130,26,4
vienna,DNN,AL,410002000,7,2,140,26,4
vienna,DNN,guided,410002000,7,0,120,24,3
vienna,DNN,guided,410002000,7,1,130,28,4
vienna,DNN,guided,410002000,7,2,140,32,5
vienna,DNN,AL,410002000,8,0,120,24,5
vienna,DNN,AL,410002000,8,1,130,27,6
vienna,DNN,AL,410002000,8,2,140,30,6
vienna,DNN,guided,410002000,8,0,120,24,5
vienna,DNN,guided,410002000,8,1,130,27,5
vienna,DNN,guided,410002000,8,2,140,29,5
vienna,DNN,AL,410002000,9,0,120,24,6
vienna,DNN,AL,410002000,9,1,130,30,7
vienna,DNN,AL,410002000,9,2,140,33,7
vienna,DNN,guided,410002000,9,0,120,24,6
vienna,DNN,guided,410002000,9,1,130,30,7
vienna,DNN,guided,410002000,9,2,140,34,7
vienna,DNN,AL,410002000,10,0,120,24,3
vienna,DNN,AL,410002000,10,1,130,26,3
vienna,DNN,AL,410002000,10,2,140,26,3
vienna,DNN,guided,410002000,10,0,120,24,3
vienna,DNN,guided,410002000,10,1,130,28,5
vienna,DNN,guided,410002000,10,2,140,29,5
vienna,DNN,AL,410002000,11,0,120,24,7
vienna,DNN,AL,410002000,11,1,130,26,7
vienna,DNN,AL,410002000,11,2,140,28,7
vienna,DNN,guided,410002000,11,0,120,24,7
vienna,DNN,guided,410002000,11,1,130,27,8
vienna,DNN,guided,410002000,11,2,140,29,8
vienna,DNN,AL,410002000,12,0,120,24,4
vienna,DNN,AL,410002000,12,1,130,27,6
vienna,DNN,AL,410002000,12,2,140,29,7
vienna,DNN,guided,410002000,12,0,120,24,4
vienna,DNN,guided,410002000,12,1,130,28,6
vienna,DNN,guided,410002000,12,2,140,32,7
vienna,DNN,AL,410002000,13,0,120,24,9
vienna,DNN,AL,410002000,13,1,130,24,9
vienna,DNN,AL,410002000,13,2,140,25,10
vienna,DNN,guided,410002000,13,0,120,24,9
vienna,DNN,guided,410002000,13,1,130,25,9
vienna,DNN,guided,410002000,13,2,140,27,10
vienna,DNN,AL,410002000,14,0,120,24,13
vienna,DNN,AL,410002000,14,1,130,26,13
vienna,DNN,AL,410002000,14,2,140,28,14
vienna,DNN,guided,410002000,14,0,120,24,13
vienna,DNN,guided,410002000,14,1,130,26,13
vienna,DNN,guided,410002000,14,2,140,28,13
vienna,DNN,AL,410003000,0,0,120,24,3
vienna,DNN,AL,410003000,0,1,130,27,3
vienna,DNN,AL,410003000,0,2,140,27,3
vienna,DNN,guided,410003000,0,0,120,24,3
vienna,DNN,guided,410003000,0,1,130,28,3
vienna,DNN,guided,410003000,0,2,140,30,4
vienna,DNN,AL,410003000,1,0,120,24,5
vienna,DNN,AL,410003000,1,1,130,25,6
vienna,DNN,AL,410003000,1,2,140,25,6
vienna,DNN,guided,410003000,1,0,120,24,5
vienna,DNN,guided,410003000,1,1,130,28,7
vienna,DNN,guided,410003000,1,2,140,30,8
vienna,DNN,AL,410003000,2,0,120,24,2
vienna,DNN,AL,410003000,2,1,130,27,3
vienna,DNN,AL,410003000,2,2,140,31,3
vienna,DNN,guided,410003000,2,0,120,24,2
vienna,DNN,guided,410003000,2,1,130,29,6
vienna,DNN,guided,410003000,2,2,140,31,7
vienna,DNN,AL,410003000,3,0,120,24,5
vienna,DNN,AL,410003000,3,1,130,30,6
vienna,DNN,AL,410003000,3,2,140,34,6
vienna,DNN,guided,410003000,3,0,120,24,5
vienna,DNN,guided,410003000,3,1,130,30,6
vienna,DNN,guided,410003000,3,2,140,36,7
vienna,DNN,AL,410003000,4,0,120,24,4
vienna,DNN,AL,410003000,4,1,130,28,6
vienna,DNN,AL,410003000,4,2,140,29,6
vienna,DNN,guided,410003000,4,0,120,24,4
vienna,DNN,guided,410003000,4,1,130,28,6
vienna,DNN,guided,410003000,4,2,140,30,7
vienna,DNN,AL,410003000,5,0,120,24,4
vienna,DNN,AL,410003000,5,1,130,25,4
vienna,DNN,AL,410003000,5,2,140,26,4
vienna,DNN,guided,410003000,5,0,120,24,4
vienna,DNN,guided,410003000,5,1,130,27,4
vienna,DNN,guided,410003000,5,2,140,32,6
vienna,DNN,AL,410003000,6,0,120,24,8
vienna,DNN,AL,410003000,6,1,130,25,8
vienna,DNN,AL,410003000,6,2,140,27,8
vienna,DNN,guided,410003000,6,0,120,24,8
vienna,DNN,guided,410003000,6,1,130,27,8
vienna,DNN,guided,410003000,6,2,140,28,8
vienna,DNN,AL,410003000,7,0,120,24,7
vienna,DNN,AL,410003000,7,1,130,26,7
vienna,DNN,AL,410003000,7,2,140,30,8
vienna,DNN,guided,410003000,7,0,120,24,7
vienna,DNN,guided,410003000,7,1,130,27,9
vienna,DNN,guided,410003000,7,2,140,30,10
vienna,DNN,AL,410003000,8,0,120,24,9
vienna,DNN,AL,410003000,8,1,130,25,10
vienna,DNN,AL,410003000,8,2,140,27,10
vienna,DNN,guided,410003000,8,0,120,24,9
vienna,DNN,guided,410003000,8,1,130,27,9
vienna,DNN,guided,410003000,8,2,140,31,10
vienna,DNN,AL,410003000,9,0,120,24,5
vienna,DNN,AL,410003000,9,1,130,26,6
vienna,DNN,AL,410003000,9,2,140,27,6
vienna,DNN,guided,410003000,9,0,120,24,5
vienna,DNN,guided,410003000,9,1,130,29,7
vienna,DNN,guided,410003000,9,2,140,31,8
vienna,DNN,AL,410003000,10,0,120,24,6
vienna,DNN,AL,410003000,10,1,130,26,6
vienna,DNN,AL,410003000,10,2,140,28,7
vienna,DNN,guided,410003000,10,0,120,24,6
vienna,DNN,guided,410003000,10,1,130,27,6
vienna,DNN,guided,410003000,10,2,140,29,6
vienna,DNN,AL,410003000,11,0,120,24,6
vienna,DNN,AL,410003000,11,1,130,25,7
vienna,DNN,AL,410003000,11,2,140,25,7
vienna,DNN,guided,410003000,11,0,120,24,6
vienna,DNN,guided,410003000,11,1,130,28,8
vienna,DNN,guided,410003000,11,2,140,31,9
vienna,DNN,AL,410003000,12,0,120,24,6
vienna,DNN,AL,410003000,12,1,130,25,6
vienna,DNN,AL,410003000,12,2,140,27,6
vienna,DNN,guided,410003000,12,0,120,24,6
vienna,DNN,guided,410003000,12,1,130,25,6
vienna,DNN,guided,410003000,12,2,140,28,6
vienna,DNN,AL,410003000,13,0,120,24,6
vienna,DNN,AL,410003000,13,1,130,26,7
vienna,DNN,AL,410003000,13,2,140,28,7
vienna,DNN,guided,410003000,13,0,120,24,6
vienna,DNN,guided,410003000,13,1,130,26,8
vienna,DNN,guided,410003000,13,2,140,28,8
vienna,DNN,AL,410003000,14,0,120,24,6
vienna,DNN,AL,410003000,14,1,130,26,6
vienna,DNN,AL,410003000,14,2,140,30,6
vienna,DNN,guided,410003000,14,0,120,24,6
vienna,DNN,guided,410003000,14,1,130,28,7
vienna,DNN,guided,410003000,14,2,140,32,8
vienna,DNN,AL,410004000,0,0,120,24,7
vienna,DNN,AL,410004000,0,1,130,25,8
vienna,DNN,AL,410004000,0,2,140,26,8
vienna,DNN,guided,410004000,0,0,120,24,7
vienna,DNN,guided,410004000,0,1,130,27,9
vienna,DNN,guided,410004000,0,2,140,27,9
vienna,DNN,AL,410004000,1,0,120,24,4
vienna,DNN,AL,410004000,1,1,130,26,4
vienna,DNN,AL,410004000,1,2,140,31,5
vienna,DNN,guided,410004000,1,0,120,24,4
vienna,DNN,guided,410004000,1,1,130,28,6
vienna,DNN,guided,410004000,1,2,140,31,7
vienna,DNN,AL,410004000,2,0,120,24,7
vienna,DNN,AL,410004000,2,1,130,27,8
vienna,DNN,AL,410004000,2,2,140,33,10
vienna,DNN,guided,410004000,2,0,120,24,7
vienna,DNN,guided,410004000,2,1,130,28,9
vienna,DNN,guided,410004000,2,2,140,31,9
vienna,DNN,AL,410004000,3,0,120,24,3
vienna,DNN,AL,410004000,3,1,130,26,4
vienna,DNN,AL,410004000,3,2,140,28,5
vienna,DNN,guided,410004000,3,0,120,24,3
vienna,DNN,guided,410004000,3,1,130,28,3
vienna,DNN,guided,410004000,3,2,140,31,4
vienna,DNN,AL,410004000,4,0,120,24,7
vienna,DNN,AL,410004000,4,1,130,24,7
vienna,DNN,AL,410004000,4,2,140,27,7
vienna,DNN,guided,410004000,4,0,120,24,7
vienna,DNN,guided,410004000,4,1,130,27,7
vienna,DNN,guided,410004000,4,2,140,31,7
vienna,DNN,AL,410004000,5,0,120,24,5
vienna,DNN,AL,410004000,5,1,130,24,5
vienna,DNN,AL,410004000,5,2,140,28,5
vienna,DNN,guided,410004000,5,0,120,24,5
vienna,DNN,guided,410004000,5,1,130,29,5
vienna,DNN,guided,410004000,5,2,140,33,6
vienna,DNN,AL,410004000,6,0,120,24,9
vienna,DNN,AL,410004000,6,1,130,25,9
vienna,DNN,AL,410004000,6,2,140,27,9
vienna,DNN,guided,410004000,6,0,120,24,9
vienna,DNN,guided,410004000,6,1,130,27,12
vienna,DNN,guided,410004000,6,2,140,28,12
vienna,DNN,AL,410004000,7,0,120,24,8
vienna,DNN,AL,410004000,7,1,130,28,8
vienna,DNN,AL,410004000,7,2,140,35,9
vienna,DNN,guided,410004000,7,0,120,24,8
vienna,DNN,guided,410004000,7,1,130,30,8
vienna,DNN,guided,410004000,7,2,140,38,10
vienna,DNN,AL,410004000,8,0,120,24,5
vienna,DNN,AL,410004000,8,1,130,25,6
vienna,DNN,AL,410004000,8,2,140,28,7
vienna,DNN,guided,410004000,8,0,120,24,5
vienna,DNN,guided,410004000,8,1,130,27,6
vienna,DNN,guided,410004000,8,2,140,32,6
vienna,DNN,AL,410004000,9,0,120,24,6
vienna,DNN,AL,410004000,9,1,130,24,6
vienna,DNN,AL,410004000,9,2,140,24,6
vienna,DNN,guided,410004000,9,0,120,24,6
vienna,DNN,guided,410004000,9,1,130,27,8
vienna,DNN,guided,410004000,9,2,140,28,9
vienna,DNN,AL,410004000,10,0,120,24,5
vienna,DNN,AL,410004000,10,1,130,26,6
vienna,DNN,AL,410004000,10,2,140,26,6
vienna,DNN,guided,410004000,10,0,120,24,5
vienna,DNN,guided,410004000,10,1,130,29,7
vienna,DNN,guided,410004000,10,2,140,31,7
vienna,DNN,AL,410004000,11,0,120,24,4
vienna,DNN,AL,410004000,11,1,130,31,5
vienna,DNN,AL,410004000,11,2,140,34,7
vienna,DNN,guided,410004000,11,0,120,24,4
vienna,DNN,guided,410004000,11,1,130,31,5
vienna,DNN,guided,410004000,11,2,140,35,6
vienna,DNN,AL,410004000,12,0,120,24,4
vienna,DNN,AL,410004000,12,1,130,26,4
vienna,DNN,AL,410004000,12,2,140,30,4
vienna,DNN,guided,410004000,12,0,120,24,4
vienna,DNN,guided,410004000,12,1,130,26,4
vienna,DNN,guided,410004000,12,2,140,30,5
vienna,DNN,AL,410004000,13,0,120,24,10
vienna,DNN,AL,410004000,13,1,130,25,10
vienna,DNN,AL,410004000,13,2,140,25,10
vienna,DNN,guided,410004000,13,0,120,24,10
vienna,DNN,guided,410004000,13,1,130,25,11
vienna,DNN,guided,410004000,13,2,140,27,12
vienna,DNN,AL,410004000,14,0,120,24,5
vienna,DNN,AL,410004000,14,1,130,27,6
vienna,DNN,AL,410004000,14,2,140,27,6
vienna,DNN,guided,410004000,14,0,120,24,5
vienna,DNN,guided,410004000,14,1,130,28,7
vienna,DNN,guided,410004000,14,2,140,32,8
vienna,DNN,AL,410005000,0,0,120,24,4
vienna,DNN,AL,410005000,0,1,130,30,6
vienna,DNN,AL,410005000,0,2,140,33,7
vienna,DNN,guided,410005000,0,0,120,24,4
vienna,DNN,guided,410005000,0,1,130,27,6
vienna,DNN,guided,410005000,0,2,140,34,7
vienna,DNN,AL,410005000,1,0,120,24,4
vienna,DNN,AL,410005000,1,1,130,27,5
vienna,DNN,AL,410005000,1,2,140,27,5
vienna,DNN,guided,410005000,1,0,120,24,4
vienna,DNN,guided,410005000,1,1,130,31,6
vienna,DNN,guided,410005000,1,2,140,36,7
vienna,DNN,AL,410005000,2,0,120,24,3
vienna,DNN,AL,410005000,2,1,130,26,3
vienna,DNN,AL,410005000,2,2,140,30,3
vienna,DNN,guided,410005000,2,0,120,24,3
vienna,DNN,guided,410005000,2,1,130,30,4
vienna,DNN,guided,410005000,2,2,140,34,4
vienna,DNN,AL,410005000,3,0,120,24,4
vienna,DNN,AL,410005000,3,1,130,26,4
vienna,DNN,AL,410005000,3,2,140,26,4
vienna,DNN,guided,410005000,3,0,120,24,4
vienna,DNN,guided,410005000,3,1,130,28,7
vienna,DNN,guided,410005000,3,2,140,32,9
vienna,DNN,AL,410005000,4,0,120,24,6
vienna,DNN,AL,410005000,4,1,130,31,6
vienna,DNN,AL,410005000,4,2,140,34,6
vienna,DNN,guided,410005000,4,0,120,24,6
vienna,DNN,guided,410005000,4,1,130,32,6
vienna,DNN,guided,410005000,4,2,140,36,7
vienna,DNN,AL,410005000,5,0,120,24,7
vienna,DNN,AL,410005000,5,1,130,26,8
vienna,DNN,AL,410005000,5,2,140,29,9
vienna,DNN,guided,410005000,5,0,120,24,7
vienna,DNN,guided,410005000,5,1,130,27,8
vienna,DNN,guided,410005000,5,2,140,30,8
vienna,DNN,AL,410005000,6,0,120,24,5
vienna,DNN,AL,410005000,6,1,130,26,5
vienna,DNN,AL,410005000,6,2,140,28,5
vienna,DNN,guided,410005000,6,0,120,24,5
vienna,DNN,guided,410005000,6,1,130,26,6
vienna,DNN,guided,410005000,6,2,140,28,6
vienna,DNN,AL,410005000,7,0,120,24,4
vienna,DNN,AL,410005000,7,1,130,30,6
vienna,DNN,AL,410005000,7,2,140,32,7
vienna,DNN,guided,410005000,7,0,120,24,4
vienna,DNN,guided,410005000,7,1,130,29,6
vienna,DNN,guided,410005000,7,2,140,32,6
vienna,DNN,AL,410005000,8,0,120,24,5
vienna,DNN,AL,410005000,8,1,130,26,7
vienna,DNN,AL,410005000,8,2,140,28,7
vienna,DNN,guided,410005000,8,0,120,24,5
vienna,DNN,guided,410005000,8,1,130,29,7
vienna,DNN,guided,410005000,8,2,140,34,7
vienna,DNN,AL,410005000,9,0,120,24,5
vienna,DNN,AL,410005000,9,1,130,24,5
vienna,DNN,AL,410005000,9,2,140,25,5
vienna,DNN,guided,410005000,9,0,120,24,5
vienna,DNN,guided,410005000,9,1,130,27,6
vienna,DNN,guided,410005000,9,2,140,32,8
vienna,DNN,AL,410005000,10,0,120,24,5
vienna,DNN,AL,410005000,10,1,130,29,6
vienna,DNN,AL,410005000,10,2,140,36,8
vienna,DNN,guided,410005000,10,0,120,24,5
vienna,DNN,guided,410005000,10,1,130,29,6
vienna,DNN,guided,410005000,10,2,140,34,7
vienna,DNN,AL,410005000,11,0,120,24,8
vienna,DNN,AL,410005000,11,1,130,25,8
vienna,DNN,AL,410005000,11,2,140,27,8
vienna,DNN,guided,410005000,11,0,120,24,8
vienna,DNN,guided,410005000,11,1,130,30,9
vienna,DNN,guided,410005000,11,2,140,32,10
vienna,DNN,AL,410005000,12,0,120,24,5
vienna,DNN,AL,410005000,12,1,130,25,5
vienna,DNN,AL,410005000,12,2,140,29,6
vienna,DNN,guided,410005000,12,0,120,24,5
vienna,DNN,guided,410005000,12,1,130,28,6
vienna,DNN,guided,410005000,12,2,140,31,7
vienna,DNN,AL,410005000,13,0,120,24,7
vienna,DNN,AL,410005000,13,1,130,24,7
vienna,DNN,AL,410005000,13,2,140,26,7
vienna,DNN,guided,410005000,13,0,120,24,7
vienna,DNN,guided,410005000,13,1,130,26,8
vienna,DNN,guided,410005000,13,2,140,29,9
vienna,DNN,AL,410005000,14,0,120,24,5
vienna,DNN,AL,410005000,14,1,130,27,5
vienna,DNN,AL,410005000,14,2,140,28,6
vienna,DNN,guided,410005000,14,0,120,24,5
vienna,DNN,guided,410005000,14,1,130,27,7
vienna,DNN,guided,410005000,14,2,140,29,7
nt,XGB,AL,410001000,0,0,120,24,5
nt,XGB,AL,410001000,0,1,130,27,5
nt,XGB,AL,410001000,0,2,140,28,5
nt,XGB,guided,410001000,0,0,120,24,5
nt,XGB,guided,410001000,0,1,130,28,6
nt,XGB,guided,410001000,0,2,140,30,6
nt,XGB,AL,410001000,1,0,120,24,9
nt,XGB,AL,410001000,1,1,130,27,9
nt,XGB,AL,410001000,1,2,140,29,9
nt,XGB,guided,410001000,1,0,120,24,9
nt,XGB,guided,410001000,1,1,130,26,9
nt,XGB,guided,410001000,1,2,140,31,11
nt,XGB,AL,410001000,2,0,120,24,8
nt,XGB,AL,410001000,2,1,130,26,9
nt,XGB,AL,410001000,2,2,140,27,9
nt,XGB,guided,410001000,2,0,120,24,8
nt,XGB,guided,410001000,2,1,130,25,8
nt,XGB,guided,410001000,2,2,140,29,9
nt,XGB,AL,410001000,3,0,120,24,9
nt,XGB,AL,410001000,3,1,130,26,9
nt,XGB,AL,410001000,3,2,140,27,9
nt,XGB,guided,410001000,3,0,120,24,9
nt,XGB,guided,410001000,3,1,130,28,10
nt,XGB,guided,410001000,3,2,140,29,10
nt,XGB,AL,410001000,4,0,120,24,7
nt,XGB,AL,410001000,4,1,130,26,7
nt,XGB,AL,410001000,4,2,140,30,8
nt,XGB,guided,410001000,4,0,120,24,7
nt,XGB,guided,410001000,4,1,130,29,9
nt,XGB,guided,410001000,4,2,140,29,9
nt,XGB,AL,410001000,5,0,120,24,3
nt,XGB,AL,410001000,5,1,130,26,3
nt,XGB,AL,410001000,5,2,140,26,3
nt,XGB,guided,410001000,5,0,120,24,3
nt,XGB,guided,410001000,5,1,130,28,4
nt,XGB,guided,410001000,5,2,140,30,4
nt,XGB,AL,410001000,6,0,120,24,8
nt,XGB,AL,410001000,6,1,130,27,9
nt,XGB,AL,410001000,6,2,140,29,9
nt,XGB,guided,410001000,6,0,120,24,8
nt,XGB,guided,410001000,6,1,130,28,8
nt,XGB,guided,410001000,6,2,140,33,9
nt,XGB,AL,410001000,7,0,120,24,9
nt,XGB,AL,410001000,7,1,130,25,10
nt,XGB,AL,410001000,7,2,140,28,11
nt,XGB,guided,410001000,7,0,120,24,9
nt,XGB,guided,410001000,7,1,130,28,9
nt,XGB,guided,410001000,7,2,140,30,10
nt,XGB,AL,410001000,8,0,120,24,8
nt,XGB,AL,410001000,8,1,130,27,8
nt,XGB,AL,410001000,8,2,140,28,9
nt,XGB,guided,410001000,8,0,120,24,8
nt,XGB,guided,410001000,8,1,130,28,9
nt,XGB,guided,410001000,8,2,140,31,9
nt,XGB,AL,410001000,9,0,120,24,2
nt,XGB,AL,410001000,9,1,130,26,2
nt,XGB,AL,410001000,9,2,140,30,3
nt,XGB,guided,410001000,9,0,120,24,2
nt,XGB,guided,410001000,9,1,130,30,4
nt,XGB,guided,410001000,9,2,140,34,5
nt,XGB,AL,410001000,10,0,120,24,5
nt,XGB,AL,410001000,10,1,130,25,5
nt,XGB,AL,410001000,10,2,140,26,5
nt,XGB,guided,410001000,10,0,120,24,5
nt,XGB,guided,410001000,10,1,130,26,7
nt,XGB,guided,410001000,10,2,140,29,7
nt,XGB,AL,410001000,11,0,120,24,5
nt,XGB,AL,410001000,11,1,130,27,6
nt,XGB,AL,410001000,11,2,140,29,6
nt,XGB,guided,410001000,11,0,120,24,5
nt,XGB,guided,410001000,11,1,130,27,6
nt,XGB,guided,410001000,11,2,140,28,7
nt,XGB,AL,410001000,12,0,120,24,8
nt,XGB,AL,410001000,12,1,130,24,8
nt,XGB,AL,410001000,12,2,140,25,8
nt,XGB,guided,410001000,12,0,120,24,8
nt,XGB,guided,410001000,12,1,130,29,9
nt,XGB,guided,410001000,12,2,140,31,10
nt,XGB,AL,410001000,13,0,120,24,5
nt,XGB,AL,410001000,13,1,130,28,5
nt,XGB,AL,410001000,13,2,140,33,6
nt,XGB,guided,410001000,13,0,120,24,5
nt,XGB,guided,410001000,13,1,130,26,5
nt,XGB,guided,410001000,13,2,140,30,6
nt,XGB,AL,410001000,14,0,120,24,2
nt,XGB,AL,410001000,14,1,130,25,2
nt,XGB,AL,410001000,14,2,140,29,3
nt,XGB,guided,410001000,14,0,120,24,2
nt,XGB,guided,410001000,14,1,130,28,3
nt,XGB,guided,410001000,14,2,140,30,4
nt,XGB,AL,410002000,0,0,120,24,5
nt,XGB,AL,410002000,0,1,130,27,5
nt,XGB,AL,410002000,0,2,140,30,5
nt,XGB,guided,410002000,0,0,120,24,5
nt,XGB,guided,410002000,0,1,130,29,5
nt,XGB,guided,410002000,0,2,140,34,6
nt,XGB,AL,410002000,1,0,120,24,5
nt,XGB,AL,410002000,1,1,130,25,5
nt,XGB,AL,410002000,1,2,140,27,5
nt,XGB,guided,410002000,1,0,120,24,5
nt,XGB,guided,410002000,1,1,130,26,5
nt,XGB,guided,410002000,1,2,140,29,6
nt,XGB,AL,410002000,2,0,120,24,2
nt,XGB,AL,410002000,2,1,130,27,3
nt,XGB,AL,410002000,2,2,140,29,3
nt,XGB,guided,410002000,2,0,120,24,2
nt,XGB,guided,410002000,2,1,130,30,4
nt,XGB,guided,410002000,2,2,140,33,5
nt,XGB,AL,410002000,3,0,120,24,5
nt,XGB,AL,410002000,3,1,130,27,5
nt,XGB,AL,410002000,3,2,140,28,5
nt,XGB,guided,410002000,3,0,120,24,5
nt,XGB,guided,410002000,3,1,130,29,6
nt,XGB,guided,410002000,3,2,140,31,6
nt,XGB,AL,410002000,4,0,120,24,9
nt,XGB,AL,410002000,4,1,130,26,9
nt,XGB,AL,410002000,4,2,140,30,9
nt,XGB,guided,410002000,4,0,120,24,9
nt,XGB,guided,410002000,4,1,130,30,9
nt,XGB,guided,410002000,4,2,140,35,10
nt,XGB,AL,410002000,5,0,120,24,10
nt,XGB,AL,410002000,5,1,130,26,11
nt,XGB,AL,410002000,5,2,140,28,11
nt,XGB,guided,410002000,5,0,120,24,10
nt,XGB,guided,410002000,5,1,130,27,10
nt,XGB,guided,410002000,5,2,140,28,10
nt,XGB,AL,410002000,6,0,120,24,5
nt,XGB,AL,410002000,6,1,130,27,5
nt,XGB,AL,410002000,6,2,140,28,5
nt,XGB,guided,410002000,6,0,120,24,5
nt,XGB,guided,410002000,6,1,130,25,5
nt,XGB,guided,410002000,6,2,140,26,5
nt,XGB,AL,410002000,7,0,120,24,3
nt,XGB,AL,410002000,7,1,130,26,3
nt,XGB,AL,410002000,7,2,140,28,4
nt,XGB,guided,410002000,7,0,120,24,3
nt,XGB,guided,410002000,7,1,130,28,4
nt,XGB,guided,410002000,7,2,140,29,4
nt,XGB,AL,410002000,8,0,120,24,5
nt,XGB,AL,410002000,8,1,130,27,6
nt,XGB,AL,410002000,8,2,140,27,6
nt,XGB,guided,410002000,8,0,120,24,5
nt,XGB,guided,410002000,8,1,130,28,6
nt,XGB,guided,410002000,8,2,140,29,6
nt,XGB,AL,410002000,9,0,120,24,6
nt,XGB,AL,410002000,9,1,130,25,6
nt,XGB,AL,410002000,9,2,140,25,6
nt,XGB,guided,410002000,9,0,120,24,6
nt,XGB,guided,410002000,9,1,130,31,6
nt,XGB,guided,410002000,9,2,140,34,6
nt,XGB,AL,410002000,10,0,120,24,3
nt,XGB,AL,410002000,10,1,130,26,3
nt,XGB,AL,410002000,10,2,140,27,3
nt,XGB,guided,410002000,10,0,120,24,3
nt,XGB,guided,410002000,10,1,130,29,4
nt,XGB,guided,410002000,10,2,140,31,5
nt,XGB,AL,410002000,11,0,120,24,7
nt,XGB,AL,410002000,11,1,130,27,8
nt,XGB,AL,410002000,11,2,140,29,9
nt,XGB,guided,410002000,11,0,120,24,7
nt,XGB,guided,410002000,11,1,130,26,8
nt,XGB,guided,410002000,11,2,140,29,10
nt,XGB,AL,410002000,12,0,120,24,4
nt,XGB,AL,410002000,12,1,130,27,6
nt,XGB,AL,410002000,12,2,140,31,6
nt,XGB,guided,410002000,12,0,120,24,4
nt,XGB,guided,410002000,12,1,130,26,4
nt,XGB,guided,410002000,12,2,140,31,5
nt,XGB,AL,410002000,13,0,120,24,9
nt,XGB,AL,410002000,13,1,130,25,9
nt,XGB,AL,410002000,13,2,140,25,9
nt,XGB,guided,410002000,13,0,120,24,9
nt,XGB,guided,410002000,13,1,130,26,9
nt,XGB,guided,410002000,13,2,140,29,10
nt,XGB,AL,410002000,14,0,120,24,13
nt,XGB,AL,410002000,14,1,130,25,13
nt,XGB,AL,410002000,14,2,140,25,13
nt,XGB,guided,410002000,14,0,120,24,13
nt,XGB,guided,410002000,14,1,130,27,13
nt,XGB,guided,410002000,14,2,140,31,14
nt,XGB,AL,410003000,0,0,120,24,3
nt,XGB,AL,410003000,0,1,130,28,4
nt,XGB,AL,410003000,0,2,140,31,5
nt,XGB,guided,410003000,0,0,120,24,3
nt,XGB,guided,410003000,0,1,130,27,4
nt,XGB,guided,410003000,0,2,140,30,5
nt,XGB,AL,410003000,1,0,120,24,5
nt,XGB,AL,410003000,1,1,130,28,7
nt,XGB,AL,410003000,1,2,140,30,7
nt,XGB,guided,410003000,1,0,120,24,5
nt,XGB,guided,410003000,1,1,130,27,7
nt,XGB,guided,410003000,1,2,140,29,7
nt,XGB,AL,410003000,2,0,120,24,2
nt,XGB,AL,410003000,2,1,130,26,2
nt,XGB,AL,410003000,2,2,140,29,4
nt,XGB,guided,410003000,2,0,120,24,2
nt,XGB,guided,410003000,2,1,130,30,7
nt,XGB,guided,410003000,2,2,140,34,7
nt,XGB,AL,410003000,3,0,120,24,5
nt,XGB,AL,410003000,3,1,130,24,5
nt,XGB,AL,410003000,3,2,140,27,5
nt,XGB,guided,410003000,3,0,120,24,5
nt,XGB,guided,410003000,3,1,130,29,6
nt,XGB,guided,410003000,3,2,140,34,7
nt,XGB,AL,410003000,4,0,120,24,4
nt,XGB,AL,410003000,4,1,130,26,4
nt,XGB,AL,410003000,4,2,140,29,4
nt,XGB,guided,410003000,4,0,120,24,4
nt,XGB,guided,410003000,4,1,130,29,6
nt,XGB,guided,410003000,4,2,140,29,6
nt,XGB,AL,410003000,5,0,120,24,4
nt,XGB,AL,410003000,5,1,130,24,4
nt,XGB,AL,410003000,5,2,140,25,5
nt,XGB,guided,410003000,5,0,120,24,4
nt,XGB,guided,410003000,5,1,130,28,5
nt,XGB,guided,410003000,5,2,140,30,6
nt,XGB,AL,410003000,6,0,120,24,8
nt,XGB,AL,410003000,6,1,130,27,8
nt,XGB,AL,410003000,6,2,140,29,8
nt,XGB,guided,410003000,6,0,120,24,8
nt,XGB,guided,410003000,6,1,130,26,9
nt,XGB,guided,410003000,6,2,140,28,9
nt,XGB,AL,410003000,7,0,120,24,7
nt,XGB,AL,410003000,7,1,130,25,7
nt,XGB,AL,410003000,7,2,140,29,9
nt,XGB,guided,410003000,7,0,120,24,7
nt,XGB,guided,410003000,7,1,130,28,8
nt,XGB,guided,410003000,7,2,140,28,8
nt,XGB,AL,410003000,8,0,120,24,9
nt,XGB,AL,410003000,8,1,130,26,9
nt,XGB,AL,410003000,8,2,140,26,9
nt,XGB,guided,410003000,8,0,120,24,9
nt,XGB,guided,410003000,8,1,130,28,9
nt,XGB,guided,410003000,8,2,140,29,9
nt,XGB,AL,410003000,9,0,120,24,5
nt,XGB,AL,410003000,9,1,130,25,5
nt,XGB,AL,410003000,9,2,140,28,6
nt,XGB,guided,410003000,9,0,120,24,5
nt,XGB,guided,410003000,9,1,130,29,7
nt,XGB,guided,410003000,9,2,140,31,8
nt,XGB,AL,410003000,10,0,120,24,6
nt,XGB,AL,410003000,10,1,130,26,6
nt,XGB,AL,410003000,10,2,140,28,6
nt,XGB,guided,410003000,10,0,120,24,6
nt,XGB,guided,410003000,10,1,130,27,6
nt,XGB,guided,410003000,10,2,140,29,6
nt,XGB,AL,410003000,11,0,120,24,6
nt,XGB,AL,410003000,11,1,130,25,7
nt,XGB,AL,410003000,11,2,140,27,7
nt,XGB,guided,410003000,11,0,120,24,6
nt,XGB,guided,410003000,11,1,130,29,8
nt,XGB,guided,410003000,11,2,140,31,8
nt,XGB,AL,410003000,12,0,120,24,6
nt,XGB,AL,410003000,12,1,130,27,7
nt,XGB,AL,410003000,12,2,140,29,7
nt,XGB,guided,410003000,12,0,120,24,6
nt,XGB,guided,410003000,12,1,130,28,7
nt,XGB,guided,410003000,12,2,140,29,7
nt,XGB,AL,410003000,13,0,120,24,6
nt,XGB,AL,410003000,13,1,130,25,6
nt,XGB,AL,410003000,13,2,140,25,6
nt,XGB,guided,410003000,13,0,120,24,6
nt,XGB,guided,410003000,13,1,130,26,8
nt,XGB,guided,410003000,13,2,140,26,8
nt,XGB,AL,410003000,14,0,120,24,6
nt,XGB,AL,410003000,14,1,130,27,6
nt,XGB,AL,410003000,14,2,140,29,6
nt,XGB,guided,410003000,14,0,120,24,6
nt,XGB,guided,410003000,14,1,130,30,9
nt,XGB,guided,410003000,14,2,140,33,12
nt,XGB,AL,410004000,0,0,120,24,7
nt,XGB,AL,410004000,0,1,130,24,7
nt,XGB,AL,410004000,0,2,140,26,8
nt,XGB,guided,410004000,0,0,120,24,7
nt,XGB,guided,410004000,0,1,130,27,9
nt,XGB,guided,410004000,0,2,140,28,9
nt,XGB,AL,410004000,1,0,120,24,4
nt,XGB,AL,410004000,1,1,130,26,6
nt,XGB,AL,410004000,1,2,140,26,6
nt,XGB,guided,410004000,1,0,120,24,4
nt,XGB,guided,410004000,1,1,130,28,7
nt,XGB,guided,410004000,1,2,140,31,7
nt,XGB,AL,410004000,2,0,120,24,7
nt,XGB,AL,410004000,2,1,130,25,7
nt,XGB,AL,410004000,2,2,140,28,8
nt,XGB,guided,410004000,2,0,120,24,7
nt,XGB,guided,410004000,2,1,130,28,8
nt,XGB,guided,410004000,2,2,140,31,9
nt,XGB,AL,410004000,3,0,120,24,3
nt,XGB,AL,410004000,3,1,130,27,3
nt,XGB,AL,410004000,3,2,140,31,4
nt,XGB,guided,410004000,3,0,120,24,3
nt,XGB,guided,410004000,3,1,130,27,3
nt,XGB,guided,410004000,3,2,140,32,5
nt,XGB,AL,410004000,4,0,120,24,7
nt,XGB,AL,410004000,4,1,130,25,7
nt,XGB,AL,410004000,4,2,140,27,7
nt,XGB,guided,410004000,4,0,120,24,7
nt,XGB,guided,410004000,4,1,130,28,7
nt,XGB,guided,410004000,4,2,140,30,8
nt,XGB,AL,410004000,5,0,120,24,5
nt,XGB,AL,410004000,5,1,130,26,5
nt,XGB,AL,410004000,5,2,140,27,6
nt,XGB,guided,410004000,5,0,120,24,5
nt,XGB,guided,410004000,5,1,130,28,7
nt,XGB,guided,410004000,5,2,140,31,8
nt,XGB,AL,410004000,6,0,120,24,9
nt,XGB,AL,410004000,6,1,130,27,10
nt,XGB,AL,410004000,6,2,140,27,10
nt,XGB,guided,410004000,6,0,120,24,9
nt,XGB,guided,410004000,6,1,130,29,12
nt,XGB,guided,410004000,6,2,140,32,12
nt,XGB,AL,410004000,7,0,120,24,8
nt,XGB,AL,410004000,7,1,130,24,8
nt,XGB,AL,410004000,7,2,140,28,9
nt,XGB,guided,410004000,7,0,120,24,8
nt,XGB,guided,410004000,7,1,130,30,8
nt,XGB,guided,410004000,7,2,140,33,10
nt,XGB,AL,410004000,8,0,120,24,5
nt,XGB,AL,410004000,8,1,130,26,5
nt,XGB,AL,410004000,8,2,140,26,5
nt,XGB,guided,410004000,8,0,120,24,5
nt,XGB,guided,410004000,8,1,130,28,7
nt,XGB,guided,410004000,8,2,140,32,8
nt,XGB,AL,410004000,9,0,120,24,6
nt,XGB,AL,410004000,9,1,130,26,8
nt,XGB,AL,410004000,9,2,140,28,8
nt,XGB,guided,410004000,9,0,120,24,6
nt,XGB,guided,410004000,9,1,130,27,8
nt,XGB,guided,410004000,9,2,140,29,9
nt,XGB,AL,410004000,10,0,120,24,5
nt,XGB,AL,410004000,10,1,130,26,6
nt,XGB,AL,410004000,10,2,140,28,7
nt,XGB,guided,410004000,10,0,120,24,5
nt,XGB,guided,410004000,10,1,130,28,6
nt,XGB,guided,410004000,10,2,140,32,8
nt,XGB,AL,410004000,11,0,120,24,4
nt,XGB,AL,410004000,11,1,130,29,6
nt,XGB,AL,410004000,11,2,140,33,6
nt,XGB,guided,410004000,11,0,120,24,4
nt,XGB,guided,410004000,11,1,130,31,4
nt,XGB,guided,410004000,11,2,140,37,5
nt,XGB,AL,410004000,12,0,120,24,4
nt,XGB,AL,410004000,12,1,130,24,4
nt,XGB,AL,410004000,12,2,140,26,4
nt,XGB,guided,410004000,12,0,120,24,4
nt,XGB,guided,410004000,12,1,130,29,5
nt,XGB,guided,410004000,12,2,140,32,6
nt,XGB,AL,410004000,13,0,120,24,10
nt,XGB,AL,410004000,13,1,130,24,10
nt,XGB,AL,410004000,13,2,140,27,11
nt,XGB,guided,410004000,13,0,120,24,10
nt,XGB,guided,410004000,13,1,130,26,11
nt,XGB,guided,410004000,13,2,140,27,12
nt,XGB,AL,410004000,14,0,120,24,5
nt,XGB,AL,410004000,14,1,130,26,5
nt,XGB,AL,410004000,14,2,140,30,5
nt,XGB,guided,410004000,14,0,120,24,5
nt,XGB,guided,410004000,14,1,130,29,7
nt,XGB,guided,410004000,14,2,140,31,7
nt,XGB,AL,410005000,0,0,120,24,4
nt,XGB,AL,410005000,0,1,130,28,5
nt,XGB,AL,410005000,0,2,140,30,5
nt,XGB,guided,410005000,0,0,120,24,4
nt,XGB,guided,410005000,0,1,130,29,6
nt,XGB,guided,410005000,0,2,140,32,6
nt,XGB,AL,410005000,1,0,120,24,4
nt,XGB,AL,410005000,1,1,130,28,4
nt,XGB,AL,410005000,1,2,140,32,5
nt,XGB,guided,410005000,1,0,120,24,4
nt,XGB,guided,410005000,1,1,130,32,6
nt,XGB,guided,410005000,1,2,140,34,7
nt,XGB,AL,410005000,2,0,120,24,3
nt,XGB,AL,410005000,2,1,130,25,3
nt,XGB,AL,410005000,2,2,140,28,3
nt,XGB,guided,410005000,2,0,120,24,3
nt,XGB,guided,410005000,2,1,130,29,4
nt,XGB,guided,410005000,2,2,140,31,4
nt,XGB,AL,410005000,3,0,120,24,4
nt,XGB,AL,410005000,3,1,130,25,4
nt,XGB,AL,410005000,3,2,140,29,4
nt,XGB,guided,410005000,3,0,120,24,4
nt,XGB,guided,410005000,3,1,130,29,5
nt,XGB,guided,410005000,3,2,140,31,6
nt,XGB,AL,410005000,4,0,120,24,6
nt,XGB,AL,410005000,4,1,130,26,6
nt,XGB,AL,410005000,4,2,140,30,8
nt,XGB,guided,410005000,4,0,120,24,6
nt,XGB,guided,410005000,4,1,130,29,7
nt,XGB,guided,410005000,4,2,140,30,7
nt,XGB,AL,410005000,5,0,120,24,7
nt,XGB,AL,410005000,5,1,130,24,7
nt,XGB,AL,410005000,5,2,140,28,8
nt,XGB,guided,410005000,5,0,120,24,7
nt,XGB,guided,410005000,5,1,130,27,7
nt,XGB,guided,410005000,5,2,140,28,7
nt,XGB,AL,410005000,6,0,120,24,5
nt,XGB,AL,410005000,6,1,130,24,5
nt,XGB,AL,410005000,6,2,140,27,5
nt,XGB,guided,410005000,6,0,120,24,5
nt,XGB,guided,410005000,6,1,130,28,6
nt,XGB,guided,410005000,6,2,140,29,7
nt,XGB,AL,410005000,7,0,120,24,4
nt,XGB,AL,410005000,7,1,130,27,5
nt,XGB,AL,410005000,7,2,140,29,6
nt,XGB,guided,410005000,7,0,120,24,4
nt,XGB,guided,410005000,7,1,130,30,6
nt,XGB,guided,410005000,7,2,140,34,8
nt,XGB,AL,410005000,8,0,120,24,5
nt,XGB,AL,410005000,8,1,130,25,5
nt,XGB,AL,410005000,8,2,140,27,5
nt,XGB,guided,410005000,8,0,120,24,5
nt,XGB,guided,410005000,8,1,130,30,6
nt,XGB,guided,410005000,8,2,140,33,7
nt,XGB,AL,410005000,9,0,120,24,5
nt,XGB,AL,410005000,9,1,130,25,5
nt,XGB,AL,410005000,9,2,140,26,5
nt,XGB,guided,410005000,9,0,120,24,5
nt,XGB,guided,410005000,9,1,130,27,6
nt,XGB,guided,410005000,9,2,140,32,7
nt,XGB,AL,410005000,10,0,120,24,5
nt,XGB,AL,410005000,10,1,130,26,5
nt,XGB,AL,410005000,10,2,140,29,5
nt,XGB,guided,410005000,10,0,120,24,5
nt,XGB,guided,410005000,10,1,130,29,5
nt,XGB,guided,410005000,10,2,140,32,6
nt,XGB,AL,410005000,11,0,120,24,8
nt,XGB,AL,410005000,11,1,130,25,8
nt,XGB,AL,410005000,11,2,140,28,8
nt,XGB,guided,410005000,11,0,120,24,8
nt,XGB,guided,410005000,11,1,130,29,8
nt,XGB,guided,410005000,11,2,140,30,8
nt,XGB,AL,410005000,12,0,120,24,5
nt,XGB,AL,410005000,12,1,130,27,5
nt,XGB,AL,410005000,12,2,140,29,5
nt,XGB,guided,410005000,12,0,120,24,5
nt,XGB,guided,410005000,12,1,130,27,5
nt,XGB,guided,410005000,12,2,140,29,5
nt,XGB,AL,410005000,13,0,120,24,7
nt,XGB,AL,410005000,13,1,130,25,7
nt,XGB,AL,410005000,13,2,140,29,10
nt,XGB,guided,410005000,13,0,120,24,7
nt,XGB,guided,410005000,13,1,130,27,7
nt,XGB,guided,410005000,13,2,140,31,8
nt,XGB,AL,410005000,14,0,120,24,5
nt,XGB,AL,410005000,14,1,130,25,5
nt,XGB,AL,410005000,14,2,140,28,5
nt,XGB,guided,410005000,14,0,120,24,5
nt,XGB,guided,410005000,14,1,130,26,7
nt,XGB,guided,410005000,14,2,140,28,7
nt,GPR,AL,410001000,0,0,120,24,5
nt,GPR,AL,410001000,0,1,130,27,6
nt,GPR,AL,410001000,0,2,140,28,6
nt,GPR,guided,410001000,0,0,120,24,5
nt,GPR,guided,410001000,0,1,130,27,6
nt,GPR,guided,410001000,0,2,140,31,7
nt,GPR,AL,410001000,1,0,120,24,9
nt,GPR,AL,410001000,1,1,130,27,10
nt,GPR,AL,410001000,1,2,140,29,10
nt,GPR,guided,410001000,1,0,120,24,9
nt,GPR,guided,410001000,1,1,130,27,9
nt,GPR,guided,410001000,1,2,140,32,12
nt,GPR,AL,410001000,2,0,120,24,8
nt,GPR,AL,410001000,2,1,130,27,8
nt,GPR,AL,410001000,2,2,140,29,9
nt,GPR,guided,410001000,2,0,120,24,8
nt,GPR,guided,410001000,2,1,130,27,8
nt,GPR,guided,410001000,2,2,140,29,8
nt,GPR,AL,410001000,3,0,120,24,9
nt,GPR,AL,410001000,3,1,130,27,9
nt,GPR,AL,410001000,3,2,140,28,9
nt,GPR,guided,410001000,3,0,120,24,9
nt,GPR,guided,410001000,3,1,130,27,10
nt,GPR,guided,410001000,3,2,140,28,10
nt,GPR,AL,410001000,4,0,120,24,7
nt,GPR,AL,410001000,4,1,130,28,8
nt,GPR,AL,410001000,4,2,140,29,8
nt,GPR,guided,410001000,4,0,120,24,7
nt,GPR,guided,410001000,4,1,130,27,9
nt,GPR,guided,410001000,4,2,140,30,9
nt,GPR,AL,410001000,5,0,120,24,3
nt,GPR,AL,410001000,5,1,130,29,5
nt,GPR,AL,410001000,5,2,140,32,5
nt,GPR,guided,410001000,5,0,120,24,3
nt,GPR,guided,410001000,5,1,130,27,4
nt,GPR,guided,410001000,5,2,140,29,4
nt,GPR,AL,410001000,6,0,120,24,8
nt,GPR,AL,410001000,6,1,130,29,9
nt,GPR,AL,410001000,6,2,140,31,9
nt,GPR,guided,410001000,6,0,120,24,8
nt,GPR,guided,410001000,6,1,130,30,9
nt,GPR,guided,410001000,6,2,140,33,9
nt,GPR,AL,410001000,7,0,120,24,9
nt,GPR,AL,410001000,7,1,130,27,9
nt,GPR,AL,410001000,7,2,140,27,9
nt,GPR,guided,410001000,7,0,120,24,9
nt,GPR,guided,410001000,7,1,130,27,9
nt,GPR,guided,410001000,7,2,140,31,12
nt,GPR,AL,410001000,8,0,120,24,8
nt,GPR,AL,410001000,8,1,130,27,9
nt,GPR,AL,410001000,8,2,140,28,9
nt,GPR,guided,410001000,8,0,120,24,8
nt,GPR,guided,410001000,8,1,130,27,9
nt,GPR,guided,410001000,8,2,140,28,9
nt,GPR,AL,410001000,9,0,120,24,2
nt,GPR,AL,410001000,9,1,130,25,2
nt,GPR,AL,410001000,9,2,140,28,3
nt,GPR,guided,410001000,9,0,120,24,2
nt,GPR,guided,410001000,9,1,130,30,4
nt,GPR,guided,410001000,9,2,140,33,4
nt,GPR,AL,410001000,10,0,120,24,5
nt,GPR,AL,410001000,10,1,130,27,5
nt,GPR,AL,410001000,10,2,140,28,5
nt,GPR,guided,410001000,10,0,120,24,5
nt,GPR,guided,410001000,10,1,130,26,7
nt,GPR,guided,410001000,10,2,140,29,9
nt,GPR,AL,410001000,11,0,120,24,5
nt,GPR,AL,410001000,11,1,130,25,5
nt,GPR,AL,410001000,11,2,140,27,5
nt,GPR,guided,410001000,11,0,120,24,5
nt,GPR,guided,410001000,11,1,130,30,7
nt,GPR,guided,410001000,11,2,140,32,9
nt,GPR,AL,410001000,12,0,120,24,8
nt,GPR,AL,410001000,12,1,130,27,8
nt,GPR,AL,410001000,12,2,140,27,8
nt,GPR,guided,410001000,12,0,120,24,8
nt,GPR,guided,410001000,12,1,130,29,10
nt,GPR,guided,410001000,12,2,140,31,10
nt,GPR,AL,410001000,13,0,120,24,5
nt,GPR,AL,410001000,13,1,130,27,5
nt,GPR,AL,410001000,13,2,140,28,6
nt,GPR,guided,410001000,13,0,120,24,5
nt,GPR,guided,410001000,13,1,130,28,6
nt,GPR,guided,410001000,13,2,140,29,6
nt,GPR,AL,410001000,14,0,120,24,2
nt,GPR,AL,410001000,14,1,130,27,2
nt,GPR,AL,410001000,14,2,140,29,2
nt,GPR,guided,410001000,14,0,120,24,2
nt,GPR,guided,410001000,14,1,130,29,2
nt,GPR,guided,410001000,14,2,140,33,3
nt,GPR,AL,410002000,0,0,120,24,5
nt,GPR,AL,410002000,0,1,130,28,6
nt,GPR,AL,410002000,0,2,140,32,7
nt,GPR,guided,410002000,0,0,120,24,5
nt,GPR,guided,410002000,0,1,130,29,5
nt,GPR,guided,410002000,0,2,140,31,6
nt,GPR,AL,410002000,1,0,120,24,5
nt,GPR,AL,410002000,1,1,130,27,5
nt,GPR,AL,410002000,1,2,140,30,6
nt,GPR,guided,410002000,1,0,120,24,5
nt,GPR,guided,410002000,1,1,130,29,7
nt,GPR,guided,410002000,1,2,140,31,8
nt,GPR,AL,410002000,2,0,120,24,2
nt,GPR,AL,410002000,2,1,130,26,2
nt,GPR,AL,410002000,2,2,140,28,3
nt,GPR,guided,410002000,2,0,120,24,2
nt,GPR,guided,410002000,2,1,130,28,3
nt,GPR,guided,410002000,2,2,140,31,3
nt,GPR,AL,410002000,3,0,120,24,5
nt,GPR,AL,410002000,3,1,130,27,6
nt,GPR,AL,410002000,3,2,140,28,6
nt,GPR,guided,410002000,3,0,120,24,5
nt,GPR,guided,410002000,3,1,130,28,6
nt,GPR,guided,410002000,3,2,140,32,7
nt,GPR,AL,410002000,4,0,120,24,9
nt,GPR,AL,410002000,4,1,130,27,10
nt,GPR,AL,410002000,4,2,140,30,11
nt,GPR,guided,410002000,4,0,120,24,9
nt,GPR,guided,410002000,4,1,130,29,9
nt,GPR,guided,410002000,4,2,140,35,11
nt,GPR,AL,410002000,5,0,120,24,10
nt,GPR,AL,410002000,5,1,130,27,10
nt,GPR,AL,410002000,5,2,140,29,10
nt,GPR,guided,410002000,5,0,120,24,10
nt,GPR,guided,410002000,5,1,130,27,10
nt,GPR,guided,410002000,5,2,140,29,10
nt,GPR,AL,410002000,6,0,120,24,5
nt,GPR,AL,410002000,6,1,130,26,5
nt,GPR,AL,410002000,6,2,140,28,5
nt,GPR,guided,410002000,6,0,120,24,5
nt,GPR,guided,410002000,6,1,130,27,6
nt,GPR,guided,410002000,6,2,140,28,6
nt,GPR,AL,410002000,7,0,120,24,3
nt,GPR,AL,410002000,7,1,130,29,5
nt,GPR,AL,410002000,7,2,140,30,5
nt,GPR,guided,410002000,7,0,120,24,3
nt,GPR,guided,410002000,7,1,130,28,4
nt,GPR,guided,410002000,7,2,140,29,4
nt,GPR,AL,410002000,8,0,120,24,5
nt,GPR,AL,410002000,8,1,130,27,6
nt,GPR,AL,410002000,8,2,140,30,7
nt,GPR,guided,410002000,8,0,120,24,5
nt,GPR,guided,410002000,8,1,130,28,5
nt,GPR,guided,410002000,8,2,140,30,6
nt,GPR,AL,410002000,9,0,120,24,6
nt,GPR,AL,410002000,9,1,130,28,7
nt,GPR,AL,410002000,9,2,140,29,7
nt,GPR,guided,410002000,9,0,120,24,6
nt,GPR,guided,410002000,9,1,130,28,7
nt,GPR,guided,410002000,9,2,140,33,7
nt,GPR,AL,410002000,10,0,120,24,3
nt,GPR,AL,410002000,10,1,130,27,3
nt,GPR,AL,410002000,10,2,140,28,3
nt,GPR,guided,410002000,10,0,120,24,3
nt,GPR,guided,410002000,10,1,130,27,4
nt,GPR,guided,410002000,10,2,140,30,4
nt,GPR,AL,410002000,11,0,120,24,7
nt,GPR,AL,410002000,11,1,130,27,8
nt,GPR,AL,410002000,11,2,140,27,8
nt,GPR,guided,410002000,11,0,120,24,7
nt,GPR,guided,410002000,11,1,130,26,8
nt,GPR,guided,410002000,11,2,140,28,9
nt,GPR,AL,410002000,12,0,120,24,4
nt,GPR,AL,410002000,12,1,130,28,4
nt,GPR,AL,410002000,12,2,140,31,6
nt,GPR,guided,410002000,12,0,120,24,4
nt,GPR,guided,410002000,12,1,130,25,4
nt,GPR,guided,410002000,12,2,140,29,4
nt,GPR,AL,410002000,13,0,120,24,9
nt,GPR,AL,410002000,13,1,130,27,9
nt,GPR,AL,410002000,13,2,140,27,9
nt,GPR,guided,410002000,13,0,120,24,9
nt,GPR,guided,410002000,13,1,130,28,9
nt,GPR,guided,410002000,13,2,140,30,11
nt,GPR,AL,410002000,14,0,120,24,13
nt,GPR,AL,410002000,14,1,130,27,13
nt,GPR,AL,410002000,14,2,140,29,14
nt,GPR,guided,410002000,14,0,120,24,13
nt,GPR,guided,410002000,14,1,130,27,14
nt,GPR,guided,410002000,14,2,140,29,14
nt,GPR,AL,410003000,0,0,120,24,3
nt,GPR,AL,410003000,0,1,130,25,3
nt,GPR,AL,410003000,0,2,140,27,4
nt,GPR,guided,410003000,0,0,120,24,3
nt,GPR,guided,410003000,0,1,130,27,4
nt,GPR,guided,410003000,0,2,140,30,5
nt,GPR,AL,410003000,1,0,120,24,5
nt,GPR,AL,410003000,1,1,130,25,5
nt,GPR,AL,410003000,1,2,140,27,6
nt,GPR,guided,410003000,1,0,120,24,5
nt,GPR,guided,410003000,1,1,130,27,7
nt,GPR,guided,410003000,1,2,140,28,7
nt,GPR,AL,410003000,2,0,120,24,2
nt,GPR,AL,410003000,2,1,130,25,2
nt,GPR,AL,410003000,2,2,140,28,3
nt,GPR,guided,410003000,2,0,120,24,2
nt,GPR,guided,410003000,2,1,130,29,5
nt,GPR,guided,410003000,2,2,140,34,8
nt,GPR,AL,410003000,3,0,120,24,5
nt,GPR,AL,410003000,3,1,130,27,6
nt,GPR,AL,410003000,3,2,140,28,6
nt,GPR,guided,410003000,3,0,120,24,5
nt,GPR,guided,410003000,3,1,130,30,6
nt,GPR,guided,410003000,3,2,140,35,7
nt,GPR,AL,410003000,4,0,120,24,4
nt,GPR,AL,410003000,4,1,130,28,4
nt,GPR,AL,410003000,4,2,140,29,5
nt,GPR,guided,410003000,4,0,120,24,4
nt,GPR,guided,410003000,4,1,130,29,6
nt,GPR,guided,410003000,4,2,140,29,6
nt,GPR,AL,410003000,5,0,120,24,4
nt,GPR,AL,410003000,5,1,130,27,4
nt,GPR,AL,410003000,5,2,140,29,5
nt,GPR,guided,410003000,5,0,120,24,4
nt,GPR,guided,410003000,5,1,130,29,5
nt,GPR,guided,410003000,5,2,140,33,7
nt,GPR,AL,410003000,6,0,120,24,8
nt,GPR,AL,410003000,6,1,130,24,8
nt,GPR,AL,410003000,6,2,140,26,8
nt,GPR,guided,410003000,6,0,120,24,8
nt,GPR,guided,410003000,6,1,130,29,9
nt,GPR,guided,410003000,6,2,140,31,9
nt,GPR,AL,410003000,7,0,120,24,7
nt,GPR,AL,410003000,7,1,130,27,8
nt,GPR,AL,410003000,7,2,140,28,8
nt,GPR,guided,410003000,7,0,120,24,7
nt,GPR,guided,410003000,7,1,130,27,8
nt,GPR,guided,410003000,7,2,140,27,8
nt,GPR,AL,410003000,8,0,120,24,9
nt,GPR,AL,410003000,8,1,130,27,10
nt,GPR,AL,410003000,8,2,140,29,10
nt,GPR,guided,410003000,8,0,120,24,9
nt,GPR,guided,410003000,8,1,130,27,9
nt,GPR,guided,410003000,8,2,140,30,10
nt,GPR,AL,410003000,9,0,120,24,5
nt,GPR,AL,410003000,9,1,130,25,5
nt,GPR,AL,410003000,9,2,140,26,5
nt,GPR,guided,410003000,9,0,120,24,5
nt,GPR,guided,410003000,9,1,130,29,7
nt,GPR,guided,410003000,9,2,140,31,7
nt,GPR,AL,410003000,10,0,120,24,6
nt,GPR,AL,410003000,10,1,130,28,7
nt,GPR,AL,410003000,10,2,140,30,7
nt,GPR,guided,410003000,10,0,120,24,6
nt,GPR,guided,410003000,10,1,130,27,7
nt,GPR,guided,410003000,10,2,140,28,7
nt,GPR,AL,410003000,11,0,120,24,6
nt,GPR,AL,410003000,11,1,130,24,6
nt,GPR,AL,410003000,11,2,140,25,7
nt,GPR,guided,410003000,11,0,120,24,6
nt,GPR,guided,410003000,11,1,130,29,8
nt,GPR,guided,410003000,11,2,140,30,9
nt,GPR,AL,410003000,12,0,120,24,6
nt,GPR,AL,410003000,12,1,130,27,6
nt,GPR,AL,410003000,12,2,140,28,6
nt,GPR,guided,410003000,12,0,120,24,6
nt,GPR,guided,410003000,12,1,130,26,6
nt,GPR,guided,410003000,12,2,140,30,8
nt,GPR,AL,410003000,13,0,120,24,6
nt,GPR,AL,410003000,13,1,130,27,6
nt,GPR,AL,410003000,13,2,140,29,7
nt,GPR,guided,410003000,13,0,120,24,6
nt,GPR,guided,410003000,13,1,130,26,8
nt,GPR,guided,410003000,13,2,140,26,8
nt,GPR,AL,410003000,14,0,120,24,6
nt,GPR,AL,410003000,14,1,130,27,6
nt,GPR,AL,410003000,14,2,140,29,7
nt,GPR,guided,410003000,14,0,120,24,6
nt,GPR,guided,410003000,14,1,130,28,9
nt,GPR,guided,410003000,14,2,140,32,9
nt,GPR,AL,410004000,0,0,120,24,7
nt,GPR,AL,410004000,0,1,130,26,7
nt,GPR,AL,410004000,0,2,140,29,8
nt,GPR,guided,410004000,0,0,120,24,7
nt,GPR,guided,410004000,0,1,130,27,9
nt,GPR,guided,410004000,0,2,140,30,9
nt,GPR,AL,410004000,1,0,120,24,4
nt,GPR,AL,410004000,1,1,130,27,4
nt,GPR,AL,410004000,1,2,140,27,4
nt,GPR,guided,410004000,1,0,120,24,4
nt,GPR,guided,410004000,1,1,130,28,6
nt,GPR,guided,410004000,1,2,140,32,6
nt,GPR,AL,410004000,2,0,120,24,7
nt,GPR,AL,410004000,2,1,130,27,7
nt,GPR,AL,410004000,2,2,140,29,8
nt,GPR,guided,410004000,2,0,120,24,7
nt,GPR,guided,410004000,2,1,130,28,8
nt,GPR,guided,410004000,2,2,140,30,9
nt,GPR,AL,410004000,3,0,120,24,3
nt,GPR,AL,410004000,3,1,130,26,3
nt,GPR,AL,410004000,3,2,140,30,4
nt,GPR,guided,410004000,3,0,120,24,3
nt,GPR,guided,410004000,3,1,130,28,4
nt,GPR,guided,410004000,3,2,140,30,4
nt,GPR,AL,410004000,4,0,120,24,7
nt,GPR,AL,410004000,4,1,130,28,9
nt,GPR,AL,410004000,4,2,140,30,9
nt,GPR,guided,410004000,4,0,120,24,7
nt,GPR,guided,410004000,4,1,130,30,8
nt,GPR,guided,410004000,4,2,140,32,9
nt,GPR,AL,410004000,5,0,120,24,5
nt,GPR,AL,410004000,5,1,130,28,6
nt,GPR,AL,410004000,5,2,140,29,6
nt,GPR,guided,410004000,5,0,120,24,5
nt,GPR,guided,410004000,5,1,130,29,6
nt,GPR,guided,410004000,5,2,140,33,8
nt,GPR,AL,410004000,6,0,120,24,9
nt,GPR,AL,410004000,6,1,130,25,9
nt,GPR,AL,410004000,6,2,140,27,10
nt,GPR,guided,410004000,6,0,120,24,9
nt,GPR,guided,410004000,6,1,130,28,12
nt,GPR,guided,410004000,6,2,140,30,12
nt,GPR,AL,410004000,7,0,120,24,8
nt,GPR,AL,410004000,7,1,130,26,8
nt,GPR,AL,410004000,7,2,140,29,9
nt,GPR,guided,410004000,7,0,120,24,8
nt,GPR,guided,410004000,7,1,130,29,9
nt,GPR,guided,410004000,7,2,140,32,9
nt,GPR,AL,410004000,8,0,120,24,5
nt,GPR,AL,410004000,8,1,130,28,7
nt,GPR,AL,410004000,8,2,140,31,7
nt,GPR,guided,410004000,8,0,120,24,5
nt,GPR,guided,410004000,8,1,130,28,7
nt,GPR,guided,410004000,8,2,140,29,7
nt,GPR,AL,410004000,9,0,120,24,6
nt,GPR,AL,410004000,9,1,130,26,6
nt,GPR,AL,410004000,9,2,140,28,6
nt,GPR,guided,410004000,9,0,120,24,6
nt,GPR,guided,410004000,9,1,130,27,9
nt,GPR,guided,410004000,9,2,140,28,10
nt,GPR,AL,410004000,10,0,120,24,5
nt,GPR,AL,410004000,10,1,130,26,5
nt,GPR,AL,410004000,10,2,140,29,6
nt,GPR,guided,410004000,10,0,120,24,5
nt,GPR,guided,410004000,10,1,130,28,6
nt,GPR,guided,410004000,10,2,140,28,6
nt,GPR,AL,410004000,11,0,120,24,4
nt,GPR,AL,410004000,11,1,130,27,5
nt,GPR,AL,410004000,11,2,140,30,6
nt,GPR,guided,410004000,11,0,120,24,4
nt,GPR,guided,410004000,11,1,130,30,4
nt,GPR,guided,410004000,11,2,140,31,4
nt,GPR,AL,410004000,12,0,120,24,4
nt,GPR,AL,410004000,12,1,130,27,5
nt,GPR,AL,410004000,12,2,140,29,5
nt,GPR,guided,410004000,12,0,120,24,4
nt,GPR,guided,410004000,12,1,130,26,4
nt,GPR,guided,410004000,12,2,140,31,5
nt,GPR,AL,410004000,13,0,120,24,10
nt,GPR,AL,410004000,13,1,130,25,10
nt,GPR,AL,410004000,13,2,140,26,10
nt,GPR,guided,410004000,13,0,120,24,10
nt,GPR,guided,410004000,13,1,130,25,11
nt,GPR,guided,410004000,13,2,140,28,11
nt,GPR,AL,410004000,14,0,120,24,5
nt,GPR,AL,410004000,14,1,130,25,5
nt,GPR,AL,410004000,14,2,140,26,6
nt,GPR,guided,410004000,14,0,120,24,5
nt,GPR,guided,410004000,14,1,130,28,7
nt,GPR,guided,410004000,14,2,140,33,9
nt,GPR,AL,410005000,0,0,120,24,4
nt,GPR,AL,410005000,0,1,130,25,4
nt,GPR,AL,410005000,0,2,140,27,4
nt,GPR,guided,410005000,0,0,120,24,4
nt,GPR,guided,410005000,0,1,130,27,5
nt,GPR,guided,410005000,0,2,140,30,6
nt,GPR,AL,410005000,1,0,120,24,4
nt,GPR,AL,410005000,1,1,130,27,5
nt,GPR,AL,410005000,1,2,140,30,6
nt,GPR,guided,410005000,1,0,120,24,4
nt,GPR,guided,410005000,1,1,130,29,6
nt,GPR,guided,410005000,1,2,140,33,7
nt,GPR,AL,410005000,2,0,120,24,3
nt,GPR,AL,410005000,2,1,130,28,4
nt,GPR,AL,410005000,2,2,140,30,4
nt,GPR,guided,410005000,2,0,120,24,3
nt,GPR,guided,410005000,2,1,130,29,4
nt,GPR,guided,410005000,2,2,140,31,4
nt,GPR,AL,410005000,3,0,120,24,4
nt,GPR,AL,410005000,3,1,130,27,5
nt,GPR,AL,410005000,3,2,140,29,6
nt,GPR,guided,410005000,3,0,120,24,4
nt,GPR,guided,410005000,3,1,130,26,5
nt,GPR,guided,410005000,3,2,140,29,5
nt,GPR,AL,410005000,4,0,120,24,6
nt,GPR,AL,410005000,4,1,130,26,6
nt,GPR,AL,410005000,4,2,140,27,6
nt,GPR,guided,410005000,4,0,120,24,6
nt,GPR,guided,410005000,4,1,130,28,6
nt,GPR,guided,410005000,4,2,140,32,8
nt,GPR,AL,410005000,5,0,120,24,7
nt,GPR,AL,410005000,5,1,130,26,7
nt,GPR,AL,410005000,5,2,140,29,8
nt,GPR,guided,410005000,5,0,120,24,7
nt,GPR,guided,410005000,5,1,130,26,7
nt,GPR,guided,410005000,5,2,140,28,8
nt,GPR,AL,410005000,6,0,120,24,5
nt,GPR,AL,410005000,6,1,130,28,5
nt,GPR,AL,410005000,6,2,140,29,6
nt,GPR,guided,410005000,6,0,120,24,5
nt,GPR,guided,410005000,6,1,130,28,6
nt,GPR,guided,410005000,6,2,140,29,7
nt,GPR,AL,410005000,7,0,120,24,4
nt,GPR,AL,410005000,7,1,130,26,5
nt,GPR,AL,410005000,7,2,140,28,5
nt,GPR,guided,410005000,7,0,120,24,4
nt,GPR,guided,410005000,7,1,130,29,5
nt,GPR,guided,410005000,7,2,140,35,6
nt,GPR,AL,410005000,8,0,120,24,5
nt,GPR,AL,410005000,8,1,130,26,5
nt,GPR,AL,410005000,8,2,140,30,6
nt,GPR,guided,410005000,8,0,120,24,5
nt,GPR,guided,410005000,8,1,130,28,6
nt,GPR,guided,410005000,8,2,140,31,7
nt,GPR,AL,410005000,9,0,120,24,5
nt,GPR,AL,410005000,9,1,130,26,5
nt,GPR,AL,410005000,9,2,140,27,5
nt,GPR,guided,410005000,9,0,120,24,5
nt,GPR,guided,410005000,9,1,130,28,6
nt,GPR,guided,410005000,9,2,140,31,6
nt,GPR,AL,410005000,10,0,120,24,5
nt,GPR,AL,410005000,10,1,130,26,5
nt,GPR,AL,410005000,10,2,140,28,5
nt,GPR,guided,410005000,10,0,120,24,5
nt,GPR,guided,410005000,10,1,130,29,6
nt,GPR,guided,410005000,10,2,140,32,7
nt,GPR,AL,410005000,11,0,120,24,8
nt,GPR,AL,410005000,11,1,130,25,8
nt,GPR,AL,410005000,11,2,140,27,8
nt,GPR,guided,410005000,11,0,120,24,8
nt,GPR,guided,410005000,11,1,130,28,8
nt,GPR,guided,410005000,11,2,140,31,8
nt,GPR,AL,410005000,12,0,120,24,5
nt,GPR,AL,410005000,12,1,130,27,5
nt,GPR,AL,410005000,12,2,140,29,5
nt,GPR,guided,410005000,12,0,120,24,5
nt,GPR,guided,410005000,12,1,130,26,5
nt,GPR,guided,410005000,12,2,140,29,5
nt,GPR,AL,410005000,13,0,120,24,7
nt,GPR,AL,410005000,13,1,130,28,8
nt,GPR,AL,410005000,13,2,140,29,8
nt,GPR,guided,410005000,13,0,120,24,7
nt,GPR,guided,410005000,13,1,130,27,7
nt,GPR,guided,410005000,13,2,140,31,8
nt,GPR,AL,410005000,14,0,120,24,5
nt,GPR,AL,410005000,14,1,130,26,6
nt,GPR,AL,410005000,14,2,140,28,6
nt,GPR,guided,410005000,14,0,120,24,5
nt,GPR,guided,410005000,14,1,130,28,7
nt,GPR,guided,410005000,14,2,140,29,8
nt,DNN,AL,410001000,0,0,120,24,5
nt,DNN,AL,410001000,0,1,130,26,5
nt,DNN,AL,410001000,0,2,140,27,5
nt,DNN,guided,410001000,0,0,120,24,5
nt,DNN,guided,410001000,0,1,130,27,6
nt,DNN,guided,410001000,0,2,140,28,6
nt,DNN,AL,410001000,1,0,120,24,9
nt,DNN,AL,410001000,1,1,130,27,11
nt,DNN,AL,410001000,1,2,140,28,11
nt,DNN,guided,410001000,1,0,120,24,9
nt,DNN,guided,410001000,1,1,130,24,9
nt,DNN,guided,410001000,1,2,140,26,9
nt,DNN,AL,410001000,2,0,120,24,8
nt,DNN,AL,410001000,2,1,130,26,8
nt,DNN,AL,410001000,2,2,140,27,8
nt,DNN,guided,410001000,2,0,120,24,8
nt,DNN,guided,410001000,2,1,130,26,8
nt,DNN,guided,410001000,2,2,140,28,8
nt,DNN,AL,410001000,3,0,120,24,9
nt,DNN,AL,410001000,3,1,130,24,9
nt,DNN,AL,410001000,3,2,140,26,9
nt,DNN,guided,410001000,3,0,120,24,9
nt,DNN,guided,410001000,3,1,130,27,10
nt,DNN,guided,410001000,3,2,140,27,10
nt,DNN,AL,410001000,4,0,120,24,7
nt,DNN,AL,410001000,4,1,130,27,7
nt,DNN,AL,410001000,4,2,140,29,8
nt,DNN,guided,410001000,4,0,120,24,7
nt,DNN,guided,410001000,4,1,130,27,9
nt,DNN,guided,410001000,4,2,140,30,10
nt,DNN,AL,410001000,5,0,120,24,3
nt,DNN,AL,410001000,5,1,130,27,4
nt,DNN,AL,410001000,5,2,140,29,5
nt,DNN,guided,410001000,5,0,120,24,3
nt,DNN,guided,410001000,5,1,130,28,5
nt,DNN,guided,410001000,5,2,140,30,5
nt,DNN,AL,410001000,6,0,120,24,8
nt,DNN,AL,410001000,6,1,130,28,8
nt,DNN,AL,410001000,6,2,140,30,8
nt,DNN,guided,410001000,6,0,120,24,8
nt,DNN,guided,410001000,6,1,130,29,8
nt,DNN,guided,410001000,6,2,140,29,8
nt,DNN,AL,410001000,7,0,120,24,9
nt,DNN,AL,410001000,7,1,130,26,9
nt,DNN,AL,410001000,7,2,140,28,9
nt,DNN,guided,410001000,7,0,120,24,9
nt,DNN,guided,410001000,7,1,130,27,9
nt,DNN,guided,410001000,7,2,140,29,9
nt,DNN,AL,410001000,8,0,120,24,8
nt,DNN,AL,410001000,8,1,130,25,8
nt,DNN,AL,410001000,8,2,140,27,8
nt,DNN,guided,410001000,8,0,120,24,8
nt,DNN,guided,410001000,8,1,130,28,9
nt,DNN,guided,410001000,8,2,140,29,9
nt,DNN,AL,410001000,9,0,120,24,2
nt,DNN,AL,410001000,9,1,130,27,2
nt,DNN,AL,410001000,9,2,140,27,2
nt,DNN,guided,410001000,9,0,120,24,2
nt,DNN,guided,410001000,9,1,130,29,4
nt,DNN,guided,410001000,9,2,140,30,4
nt,DNN,AL,410001000,10,0,120,24,5
nt,DNN,AL,410001000,10,1,130,27,6
nt,DNN,AL,410001000,10,2,140,29,6
nt,DNN,guided,410001000,10,0,120,24,5
nt,DNN,guided,410001000,10,1,130,27,8
nt,DNN,guided,410001000,10,2,140,29,9
nt,DNN,AL,410001000,11,0,120,24,5
nt,DNN,AL,410001000,11,1,130,26,5
nt,DNN,AL,410001000,11,2,140,28,5
nt,DNN,guided,410001000,11,0,120,24,5
nt,DNN,guided,410001000,11,1,130,26,6
nt,DNN,guided,410001000,11,2,140,28,6
nt,DNN,AL,410001000,12,0,120,24,8
nt,DNN,AL,410001000,12,1,130,28,9
nt,DNN,AL,410001000,12,2,140,30,9
nt,DNN,guided,410001000,12,0,120,24,8
nt,DNN,guided,410001000,12,1,130,28,9
nt,DNN,guided,410001000,12,2,140,32,10
nt,DNN,AL,410001000,13,0,120,24,5
nt,DNN,AL,410001000,13,1,130,29,5
nt,DNN,AL,410001000,13,2,140,31,6
nt,DNN,guided,410001000,13,0,120,24,5
nt,DNN,guided,410001000,13,1,130,29,5
nt,DNN,guided,410001000,13,2,140,31,6
nt,DNN,AL,410001000,14,0,120,24,2
nt,DNN,AL,410001000,14,1,130,26,2
nt,DNN,AL,410001000,14,2,140,29,2
nt,DNN,guided,410001000,14,0,120,24,2
nt,DNN,guided,410001000,14,1,130,27,2
nt,DNN,guided,410001000,14,2,140,33,2
nt,DNN,AL,410002000,0,0,120,24,5
nt,DNN,AL,410002000,0,1,130,26,5
nt,DNN,AL,410002000,0,2,140,31,8
nt,DNN,guided,410002000,0,0,120,24,5
nt,DNN,guided,410002000,0,1,130,28,5
nt,DNN,guided,410002000,0,2,140,32,5
nt,DNN,AL,410002000,1,0,120,24,5
nt,DNN,AL,410002000,1,1,130,27,6
nt,DNN,AL,410002000,1,2,140,30,7
nt,DNN,guided,410002000,1,0,120,24,5
nt,DNN,guided,410002000,1,1,130,27,6
nt,DNN,guided,410002000,1,2,140,28,6
nt,DNN,AL,410002000,2,0,120,24,2
nt,DNN,AL,410002000,2,1,130,28,2
nt,DNN,AL,410002000,2,2,140,31,3
nt,DNN,guided,410002000,2,0,120,24,2
nt,DNN,guided,410002000,2,1,130,30,4
nt,DNN,guided,410002000,2,2,140,33,5
nt,DNN,AL,410002000,3,0,120,24,5
nt,DNN,AL,410002000,3,1,130,28,6
nt,DNN,AL,410002000,3,2,140,30,7
nt,DNN,guided,410002000,3,0,120,24,5
nt,DNN,guided,410002000,3,1,130,30,6
nt,DNN,guided,410002000,3,2,140,32,7
nt,DNN,AL,410002000,4,0,120,24,9
nt,DNN,AL,410002000,4,1,130,26,10
nt,DNN,AL,410002000,4,2,140,29,11
nt,DNN,guided,410002000,4,0,120,24,9
nt,DNN,guided,410002000,4,1,130,28,9
nt,DNN,guided,410002000,4,2,140,30,9
nt,DNN,AL,410002000,5,0,120,24,10
nt,DNN,AL,410002000,5,1,130,26,10
nt,DNN,AL,410002000,5,2,140,27,10
nt,DNN,guided,410002000,5,0,120,24,10
nt,DNN,guided,410002000,5,1,130,29,11
nt,DNN,guided,410002000,5,2,140,33,11
nt,DNN,AL,410002000,6,0,120,24,5
nt,DNN,AL,410002000,6,1,130,28,7
nt,DNN,AL,410002000,6,2,140,31,7
nt,DNN,guided,410002000,6,0,120,24,5
nt,DNN,guided,410002000,6,1,130,26,5
nt,DNN,guided,410002000,6,2,140,31,6
nt,DNN,AL,410002000,7,0,120,24,3
nt,DNN,AL,410002000,7,1,130,28,4
nt,DNN,AL,410002000,7,2,140,28,4
nt,DNN,guided,410002000,7,0,120,24,3
nt,DNN,guided,410002000,7,1,130,27,4
nt,DNN,guided,410002000,7,2,140,30,4
nt,DNN,AL,410002000,8,0,120,24,5
nt,DNN,AL,410002000,8,1,130,25,5
nt,DNN,AL,410002000,8,2,140,27,5
nt,DNN,guided,410002000,8,0,120,24,5
nt,DNN,guided,410002000,8,1,130,27,5
nt,DNN,guided,410002000,8,2,140,30,5
nt,DNN,AL,410002000,9,0,120,24,6
nt,DNN,AL,410002000,9,1,130,28,7
nt,DNN,AL,410002000,9,2,140,29,7
nt,DNN,guided,410002000,9,0,120,24,6
nt,DNN,guided,410002000,9,1,130,30,7
nt,DNN,guided,410002000,9,2,140,37,8
nt,DNN,AL,410002000,10,0,120,24,3
nt,DNN,AL,410002000,10,1,130,26,4
nt,DNN,AL,410002000,10,2,140,28,4
nt,DNN,guided,410002000,10,0,120,24,3
nt,DNN,guided,410002000,10,1,130,30,4
nt,DNN,guided,410002000,10,2,140,31,5
nt,DNN,AL,410002000,11,0,120,24,7
nt,DNN,AL,410002000,11,1,130,25,7
nt,DNN,AL,410002000,11,2,140,26,7
nt,DNN,guided,410002000,11,0,120,24,7
nt,DNN,guided,410002000,11,1,130,27,8
nt,DNN,guided,410002000,11,2,140,29,9
nt,DNN,AL,410002000,12,0,120,24,4
nt,DNN,AL,410002000,12,1,130,26,4
nt,DNN,AL,410002000,12,2,140,29,5
nt,DNN,guided,410002000,12,0,120,24,4
nt,DNN,guided,410002000,12,1,130,26,5
nt,DNN,guided,410002000,12,2,140,27,5
nt,DNN,AL,410002000,13,0,120,24,9
nt,DNN,AL,410002000,13,1,130,25,9
nt,DNN,AL,410002000,13,2,140,28,10
nt,DNN,guided,410002000,13,0,120,24,9
nt,DNN,guided,410002000,13,1,130,26,9
nt,DNN,guided,410002000,13,2,140,26,9
nt,DNN,AL,410002000,14,0,120,24,13
nt,DNN,AL,410002000,14,1,130,28,14
nt,DNN,AL,410002000,14,2,140,29,14
nt,DNN,guided,410002000,14,0,120,24,13
nt,DNN,guided,410002000,14,1,130,27,13
nt,DNN,guided,410002000,14,2,140,30,13
nt,DNN,AL,410003000,0,0,120,24,3
nt,DNN,AL,410003000,0,1,130,26,3
nt,DNN,AL,410003000,0,2,140,28,3
nt,DNN,guided,410003000,0,0,120,24,3
nt,DNN,guided,410003000,0,1,130,28,4
nt,DNN,guided,410003000,0,2,140,30,4
nt,DNN,AL,410003000,1,0,120,24,5
nt,DNN,AL,410003000,1,1,130,25,6
nt,DNN,AL,410003000,1,2,140,26,6
nt,DNN,guided,410003000,1,0,120,24,5
nt,DNN,guided,410003000,1,1,130,28,7
nt,DNN,guided,410003000,1,2,140,29,7
nt,DNN,AL,410003000,2,0,120,24,2
nt,DNN,AL,410003000,2,1,130,27,3
nt,DNN,AL,410003000,2,2,140,29,3
nt,DNN,guided,410003000,2,0,120,24,2
nt,DNN,guided,410003000,2,1,130,29,5
nt,DNN,guided,410003000,2,2,140,32,7
nt,DNN,AL,410003000,3,0,120,24,5
nt,DNN,AL,410003000,3,1,130,28,5
nt,DNN,AL,410003000,3,2,140,30,5
nt,DNN,guided,410003000,3,0,120,24,5
nt,DNN,guided,410003000,3,1,130,29,6
nt,DNN,guided,410003000,3,2,140,35,8
nt,DNN,AL,410003000,4,0,120,24,4
nt,DNN,AL,410003000,4,1,130,25,4
nt,DNN,AL,410003000,4,2,140,26,4
nt,DNN,guided,410003000,4,0,120,24,4
nt,DNN,guided,410003000,4,1,130,29,6
nt,DNN,guided,410003000,4,2,140,30,6
nt,DNN,AL,410003000,5,0,120,24,4
nt,DNN,AL,410003000,5,1,130,26,4
nt,DNN,AL,410003000,5,2,140,27,4
nt,DNN,guided,410003000,5,0,120,24,4
nt,DNN,guided,410003000,5,1,130,28,4
nt,DNN,guided,410003000,5,2,140,30,4
nt,DNN,AL,410003000,6,0,120,24,8
nt,DNN,AL,410003000,6,1,130,27,8
nt,DNN,AL,410003000,6,2,140,27,8
nt,DNN,guided,410003000,6,0,120,24,8
nt,DNN,guided,410003000,6,1,130,26,9
nt,DNN,guided,410003000,6,2,140,27,9
nt,DNN,AL,410003000,7,0,120,24,7
nt,DNN,AL,410003000,7,1,130,25,8
nt,DNN,AL,410003000,7,2,140,27,9
nt,DNN,guided,410003000,7,0,120,24,7
nt,DNN,guided,410003000,7,1,130,27,8
nt,DNN,guided,410003000,7,2,140,28,9
nt,DNN,AL,410003000,8,0,120,24,9
nt,DNN,AL,410003000,8,1,130,25,9
nt,DNN,AL,410003000,8,2,140,25,9
nt,DNN,guided,410003000,8,0,120,24,9
nt,DNN,guided,410003000,8,1,130,26,9
nt,DNN,guided,410003000,8,2,140,28,11
nt,DNN,AL,410003000,9,0,120,24,5
nt,DNN,AL,410003000,9,1,130,25,5
nt,DNN,AL,410003000,9,2,140,26,6
nt,DNN,guided,410003000,9,0,120,24,5
nt,DNN,guided,410003000,9,1,130,28,7
nt,DNN,guided,410003000,9,2,140,31,8
nt,DNN,AL,410003000,10,0,120,24,6
nt,DNN,AL,410003000,10,1,130,24,6
nt,DNN,AL,410003000,10,2,140,27,6
nt,DNN,guided,410003000,10,0,120,24,6
nt,DNN,guided,410003000,10,1,130,26,6
nt,DNN,guided,410003000,10,2,140,27,7
nt,DNN,AL,410003000,11,0,120,24,6
nt,DNN,AL,410003000,11,1,130,24,6
nt,DNN,AL,410003000,11,2,140,25,7
nt,DNN,guided,410003000,11,0,120,24,6
nt,DNN,guided,410003000,11,1,130,29,8
nt,DNN,guided,410003000,11,2,140,29,8
nt,DNN,AL,410003000,12,0,120,24,6
nt,DNN,AL,410003000,12,1,130,24,6
nt,DNN,AL,410003000,12,2,140,24,6
nt,DNN,guided,410003000,12,0,120,24,6
nt,DNN,guided,410003000,12,1,130,27,6
nt,DNN,guided,410003000,12,2,140,28,7
nt,DNN,AL,410003000,13,0,120,24,6
nt,DNN,AL,410003000,13,1,130,27,6
nt,DNN,AL,410003000,13,2,140,29,8
nt,DNN,guided,410003000,13,0,120,24,6
nt,DNN,guided,410003000,13,1,130,27,8
nt,DNN,guided,410003000,13,2,140,29,8
nt,DNN,AL,410003000,14,0,120,24,6
nt,DNN,AL,410003000,14,1,130,26,6
nt,DNN,AL,410003000,14,2,140,29,7
nt,DNN,guided,410003000,14,0,120,24,6
nt,DNN,guided,410003000,14,1,130,28,7
nt,DNN,guided,410003000,14,2,140,31,9
nt,DNN,AL,410004000,0,0,120,24,7
nt,DNN,AL,410004000,0,1,130,26,7
nt,DNN,AL,410004000,0,2,140,28,7
nt,DNN,guided,410004000,0,0,120,24,7
nt,DNN,guided,410004000,0,1,130,28,9
nt,DNN,guided,410004000,0,2,140,30,9
nt,DNN,AL,410004000,1,0,120,24,4
nt,DNN,AL,410004000,1,1,130,28,4
nt,DNN,AL,410004000,1,2,140,28,4
nt,DNN,guided,410004000,1,0,120,24,4
nt,DNN,guided,410004000,1,1,130,27,6
nt,DNN,guided,410004000,1,2,140,31,8
nt,DNN,AL,410004000,2,0,120,24,7
nt,DNN,AL,410004000,2,1,130,26,7
nt,DNN,AL,410004000,2,2,140,27,7
nt,DNN,guided,410004000,2,0,120,24,7
nt,DNN,guided,410004000,2,1,130,28,8
nt,DNN,guided,410004000,2,2,140,30,9
nt,DNN,AL,410004000,3,0,120,24,3
nt,DNN,AL,410004000,3,1,130,26,3
nt,DNN,AL,410004000,3,2,140,28,4
nt,DNN,guided,410004000,3,0,120,24,3
nt,DNN,guided,410004000,3,1,130,25,3
nt,DNN,guided,410004000,3,2,140,31,4
nt,DNN,AL,410004000,4,0,120,24,7
nt,DNN,AL,410004000,4,1,130,27,8
nt,DNN,AL,410004000,4,2,140,29,9
nt,DNN,guided,410004000,4,0,120,24,7
nt,DNN,guided,410004000,4,1,130,26,7
nt,DNN,guided,410004000,4,2,140,27,7
nt,DNN,AL,410004000,5,0,120,24,5
nt,DNN,AL,410004000,5,1,130,27,6
nt,DNN,AL,410004000,5,2,140,31,6
nt,DNN,guided,410004000,5,0,120,24,5
nt,DNN,guided,410004000,5,1,130,27,6
nt,DNN,guided,410004000,5,2,140,28,6
nt,DNN,AL,410004000,6,0,120,24,9
nt,DNN,AL,410004000,6,1,130,25,9
nt,DNN,AL,410004000,6,2,140,27,9
nt,DNN,guided,410004000,6,0,120,24,9
nt,DNN,guided,410004000,6,1,130,27,12
nt,DNN,guided,410004000,6,2,140,29,12
nt,DNN,AL,410004000,7,0,120,24,8
nt,DNN,AL,410004000,7,1,130,26,8
nt,DNN,AL,410004000,7,2,140,33,9
nt,DNN,guided,410004000,7,0,120,24,8
nt,DNN,guided,410004000,7,1,130,28,8
nt,DNN,guided,410004000,7,2,140,31,9
nt,DNN,AL,410004000,8,0,120,24,5
nt,DNN,AL,410004000,8,1,130,27,6
nt,DNN,AL,410004000,8,2,140,27,6
nt,DNN,guided,410004000,8,0,120,24,5
nt,DNN,guided,410004000,8,1,130,27,6
nt,DNN,guided,410004000,8,2,140,28,6
nt,DNN,AL,410004000,9,0,120,24,6
nt,DNN,AL,410004000,9,1,130,24,6
nt,DNN,AL,410004000,9,2,140,25,6
nt,DNN,guided,410004000,9,0,120,24,6
nt,DNN,guided,410004000,9,1,130,28,8
nt,DNN,guided,410004000,9,2,140,29,8
nt,DNN,AL,410004000,10,0,120,24,5
nt,DNN,AL,410004000,10,1,130,24,5
nt,DNN,AL,410004000,10,2,140,25,6
nt,DNN,guided,410004000,10,0,120,24,5
nt,DNN,guided,410004000,10,1,130,29,6
nt,DNN,guided,410004000,10,2,140,30,7
nt,DNN,AL,410004000,11,0,120,24,4
nt,DNN,AL,410004000,11,1,130,26,4
nt,DNN,AL,410004000,11,2,140,28,5
nt,DNN,guided,410004000,11,0,120,24,4
nt,DNN,guided,410004000,11,1,130,31,5
nt,DNN,guided,410004000,11,2,140,36,6
nt,DNN,AL,410004000,12,0,120,24,4
nt,DNN,AL,410004000,12,1,130,26,4
nt,DNN,AL,410004000,12,2,140,28,4
nt,DNN,guided,410004000,12,0,120,24,4
nt,DNN,guided,410004000,12,1,130,27,4
nt,DNN,guided,410004000,12,2,140,29,5
nt,DNN,AL,410004000,13,0,120,24,10
nt,DNN,AL,410004000,13,1,130,24,10
nt,DNN,AL,410004000,13,2,140,25,10
nt,DNN,guided,410004000,13,0,120,24,10
nt,DNN,guided,410004000,13,1,130,25,11
nt,DNN,guided,410004000,13,2,140,25,11
nt,DNN,AL,410004000,14,0,120,24,5
nt,DNN,AL,410004000,14,1,130,25,5
nt,DNN,AL,410004000,14,2,140,26,6
nt,DNN,guided,410004000,14,0,120,24,5
nt,DNN,guided,410004000,14,1,130,27,7
nt,DNN,guided,410004000,14,2,140,27,7
nt,DNN,AL,410005000,0,0,120,24,4
nt,DNN,AL,410005000,0,1,130,27,5
nt,DNN,AL,410005000,0,2,140,28,5
nt,DNN,guided,410005000,0,0,120,24,4
nt,DNN,guided,410005000,0,1,130,27,6
nt,DNN,guided,410005000,0,2,140,30,7
nt,DNN,AL,410005000,1,0,120,24,4
nt,DNN,AL,410005000,1,1,130,26,4
nt,DNN,AL,410005000,1,2,140,27,5
nt,DNN,guided,410005000,1,0,120,24,4
nt,DNN,guided,410005000,1,1,130,30,6
nt,DNN,guided,410005000,1,2,140,32,6
nt,DNN,AL,410005000,2,0,120,24,3
nt,DNN,AL,410005000,2,1,130,29,3
nt,DNN,AL,410005000,2,2,140,29,3
nt,DNN,guided,410005000,2,0,120,24,3
nt,DNN,guided,410005000,2,1,130,28,4
nt,DNN,guided,410005000,2,2,140,32,4
nt,DNN,AL,410005000,3,0,120,24,4
nt,DNN,AL,410005000,3,1,130,25,4
nt,DNN,AL,410005000,3,2,140,28,4
nt,DNN,guided,410005000,3,0,120,24,4
nt,DNN,guided,410005000,3,1,130,28,6
nt,DNN,guided,410005000,3,2,140,31,7
nt,DNN,AL,410005000,4,0,120,24,6
nt,DNN,AL,410005000,4,1,130,27,6
nt,DNN,AL,410005000,4,2,140,29,6
nt,DNN,guided,410005000,4,0,120,24,6
nt,DNN,guided,410005000,4,1,130,30,6
nt,DNN,guided,410005000,4,2,140,35,8
nt,DNN,AL,410005000,5,0,120,24,7
nt,DNN,AL,410005000,5,1,130,30,8
nt,DNN,AL,410005000,5,2,140,31,8
nt,DNN,guided,410005000,5,0,120,24,7
nt,DNN,guided,410005000,5,1,130,26,7
nt,DNN,guided,410005000,5,2,140,26,7
nt,DNN,AL,410005000,6,0,120,24,5
nt,DNN,AL,410005000,6,1,130,26,5
nt,DNN,AL,410005000,6,2,140,27,5
nt,DNN,guided,410005000,6,0,120,24,5
nt,DNN,guided,410005000,6,1,130,26,6
nt,DNN,guided,410005000,6,2,140,28,6
nt,DNN,AL,410005000,7,0,120,24,4
nt,DNN,AL,410005000,7,1,130,27,5
nt,DNN,AL,410005000,7,2,140,29,6
nt,DNN,guided,410005000,7,0,120,24,4
nt,DNN,guided,410005000,7,1,130,29,6
nt,DNN,guided,410005000,7,2,140,31,6
nt,DNN,AL,410005000,8,0,120,24,5
nt,DNN,AL,410005000,8,1,130,26,6
nt,DNN,AL,410005000,8,2,140,29,7
nt,DNN,guided,410005000,8,0,120,24,5
nt,DNN,guided,410005000,8,1,130,29,6
nt,DNN,guided,410005000,8,2,140,31,7
nt,DNN,AL,410005000,9,0,120,24,5
nt,DNN,AL,410005000,9,1,130,26,5
nt,DNN,AL,410005000,9,2,140,28,6
nt,DNN,guided,410005000,9,0,120,24,5
nt,DNN,guided,410005000,9,1,130,27,6
nt,DNN,guided,410005000,9,2,140,28,6
nt,DNN,AL,410005000,10,0,120,24,5
nt,DNN,AL,410005000,10,1,130,26,5
nt,DNN,AL,410005000,10,2,140,28,5
nt,DNN,guided,410005000,10,0,120,24,5
nt,DNN,guided,410005000,10,1,130,27,6
nt,DNN,guided,410005000,10,2,140,28,6
nt,DNN,AL,410005000,11,0,120,24,8
nt,DNN,AL,410005000,11,1,130,25,8
nt,DNN,AL,410005000,11,2,140,26,8
nt,DNN,guided,410005000,11,0,120,24,8
nt,DNN,guided,410005000,11,1,130,28,8
nt,DNN,guided,410005000,11,2,140,29,9
nt,DNN,AL,410005000,12,0,120,24,5
nt,DNN,AL,410005000,12,1,130,26,5
nt,DNN,AL,410005000,12,2,140,27,5
nt,DNN,guided,410005000,12,0,120,24,5
nt,DNN,guided,410005000,12,1,130,28,5
nt,DNN,guided,410005000,12,2,140,28,5
nt,DNN,AL,410005000,13,0,120,24,7
nt,DNN,AL,410005000,13,1,130,27,7
nt,DNN,AL,410005000,13,2,140,29,8
nt,DNN,guided,410005000,13,0,120,24,7
nt,DNN,guided,410005000,13,1,130,25,7
nt,DNN,guided,410005000,13,2,140,26,7
nt,DNN,AL,410005000,14,0,120,24,5
nt,DNN,AL,410005000,14,1,130,27,6
nt,DNN,AL,410005000,14,2,140,28,6
nt,DNN,guided,410005000,14,0,120,24,5
nt,DNN,guided,410005000,14,1,130,28,7
nt,DNN,guided,410005000,14,2,140,31,7
