features,learner,arm,block,trial,stage,n_measured,topk,best
kmer,XGB,random,11100010,0,0,120,6,1646742.3208191127
kmer,XGB,random,11100010,0,1,130,7,1646742.3208191127
kmer,XGB,random,11100010,0,2,140,7,1646742.3208191127
kmer,XGB,AL,11100010,0,0,120,6,1646742.3208191127
kmer,XGB,AL,11100010,0,1,130,6,1646742.3208191127
kmer,XGB,AL,11100010,0,2,140,6,1646742.3208191127
kmer,XGB,greedy,11100010,0,0,120,6,1646742.3208191127
kmer,XGB,greedy,11100010,0,1,130,6,1646742.3208191127
kmer,XGB,greedy,11100010,0,2,140,8,1646742.3208191127
kmer,XGB,EI,11100010,0,0,120,6,1646742.3208191127
kmer,XGB,EI,11100010,0,1,130,6,1646742.3208191127
kmer,XGB,EI,11100010,0,2,140,7,1741740.740740741
kmer,XGB,UCB,11100010,0,0,120,6,1646742.3208191127
kmer,XGB,UCB,11100010,0,1,130,6,1646742.3208191127
kmer,XGB,UCB,11100010,0,2,140,6,1646742.3208191127
kmer,XGB,guided,11100010,0,0,120,6,1646742.3208191127
kmer,XGB,guided,11100010,0,1,130,7,1741740.740740741
kmer,XGB,guided,11100010,0,2,140,7,1741740.740740741
kmer,XGB,random,11100010,1,0,120,5,1716200.0000000002
kmer,XGB,random,11100010,1,1,130,5,1716200.0000000002
kmer,XGB,random,11100010,1,2,140,5,1716200.0000000002
kmer,XGB,AL,11100010,1,0,120,5,1716200.0000000002
kmer,XGB,AL,11100010,1,1,130,5,1716200.0000000002
kmer,XGB,AL,11100010,1,2,140,6,1787362.2572815537
kmer,XGB,greedy,11100010,1,0,120,5,1716200.0000000002
kmer,XGB,greedy,11100010,1,1,130,7,1741740.740740741
kmer,XGB,greedy,11100010,1,2,140,8,1741740.740740741
kmer,XGB,EI,11100010,1,0,120,5,1716200.0000000002
kmer,XGB,EI,11100010,1,1,130,5,1716200.0000000002
kmer,XGB,EI,11100010,1,2,140,7,1781776.380153739
kmer,XGB,UCB,11100010,1,0,120,5,1716200.0000000002
kmer,XGB,UCB,11100010,1,1,130,8,1741740.740740741
kmer,XGB,UCB,11100010,1,2,140,8,1741740.740740741
kmer,XGB,guided,11100010,1,0,120,5,1716200.0000000002
kmer,XGB,guided,11100010,1,1,130,7,1741740.740740741
kmer,XGB,guided,11100010,1,2,140,9,1781776.380153739
kmer,XGB,random,11100010,2,0,120,4,1741740.740740741
kmer,XGB,random,11100010,2,1,130,4,1741740.740740741
kmer,XGB,random,11100010,2,2,140,5,1741740.740740741
kmer,XGB,AL,11100010,2,0,120,4,1741740.740740741
kmer,XGB,AL,11100010,2,1,130,4,1741740.740740741
kmer,XGB,AL,11100010,2,2,140,4,1741740.740740741
kmer,XGB,greedy,11100010,2,0,120,4,1741740.740740741
kmer,XGB,greedy,11100010,2,1,130,5,1741740.740740741
kmer,XGB,greedy,11100010,2,2,140,6,1741740.740740741
kmer,XGB,EI,11100010,2,0,120,4,1741740.740740741
kmer,XGB,EI,11100010,2,1,130,4,1741740.740740741
kmer,XGB,EI,11100010,2,2,140,4,1741740.740740741
kmer,XGB,UCB,11100010,2,0,120,4,1741740.740740741
kmer,XGB,UCB,11100010,2,1,130,6,1741740.740740741
kmer,XGB,UCB,11100010,2,2,140,6,1741740.740740741
kmer,XGB,guided,11100010,2,0,120,4,1741740.740740741
kmer,XGB,guided,11100010,2,1,130,7,1781776.380153739
kmer,XGB,guided,11100010,2,2,140,9,1781776.380153739
kmer,XGB,random,11100010,3,0,120,7,1781776.380153739
kmer,XGB,random,11100010,3,1,130,7,1781776.380153739
kmer,XGB,random,11100010,3,2,140,7,1781776.380153739
kmer,XGB,AL,11100010,3,0,120,7,1781776.380153739
kmer,XGB,AL,11100010,3,1,130,7,1781776.380153739
kmer,XGB,AL,11100010,3,2,140,8,1781776.380153739
kmer,XGB,greedy,11100010,3,0,120,7,1781776.380153739
kmer,XGB,greedy,11100010,3,1,130,7,1781776.380153739
kmer,XGB,greedy,11100010,3,2,140,9,1781776.380153739
kmer,XGB,EI,11100010,3,0,120,7,1781776.380153739
kmer,XGB,EI,11100010,3,1,130,7,1781776.380153739
kmer,XGB,EI,11100010,3,2,140,7,1781776.380153739
kmer,XGB,UCB,11100010,3,0,120,7,1781776.380153739
kmer,XGB,UCB,11100010,3,1,130,9,1781776.380153739
kmer,XGB,UCB,11100010,3,2,140,9,1781776.380153739
kmer,XGB,guided,11100010,3,0,120,7,1781776.380153739
kmer,XGB,guided,11100010,3,1,130,8,1781776.380153739
kmer,XGB,guided,11100010,3,2,140,8,1781776.380153739
kmer,XGB,random,11100010,4,0,120,8,1787362.2572815537
kmer,XGB,random,11100010,4,1,130,8,1787362.2572815537
kmer,XGB,random,11100010,4,2,140,9,1787362.2572815537
kmer,XGB,AL,11100010,4,0,120,8,1787362.2572815537
kmer,XGB,AL,11100010,4,1,130,8,1787362.2572815537
kmer,XGB,AL,11100010,4,2,140,9,1787362.2572815537
kmer,XGB,greedy,11100010,4,0,120,8,1787362.2572815537
kmer,XGB,greedy,11100010,4,1,130,8,1787362.2572815537
kmer,XGB,greedy,11100010,4,2,140,8,1787362.2572815537
kmer,XGB,EI,11100010,4,0,120,8,1787362.2572815537
kmer,XGB,EI,11100010,4,1,130,9,1787362.2572815537
kmer,XGB,EI,11100010,4,2,140,9,1787362.2572815537
kmer,XGB,UCB,11100010,4,0,120,8,1787362.2572815537
kmer,XGB,UCB,11100010,4,1,130,9,1787362.2572815537
kmer,XGB,UCB,11100010,4,2,140,9,1787362.2572815537
kmer,XGB,guided,11100010,4,0,120,8,1787362.2572815537
kmer,XGB,guided,11100010,4,1,130,10,1787362.2572815537
kmer,XGB,guided,11100010,4,2,140,10,1787362.2572815537
kmer,XGB,random,11100010,5,0,120,7,1781776.380153739
kmer,XGB,random,11100010,5,1,130,8,1781776.380153739
kmer,XGB,random,11100010,5,2,140,8,1781776.380153739
kmer,XGB,AL,11100010,5,0,120,7,1781776.380153739
kmer,XGB,AL,11100010,5,1,130,7,1781776.380153739
kmer,XGB,AL,11100010,5,2,140,7,1781776.380153739
kmer,XGB,greedy,11100010,5,0,120,7,1781776.380153739
kmer,XGB,greedy,11100010,5,1,130,7,1781776.380153739
kmer,XGB,greedy,11100010,5,2,140,9,1781776.380153739
kmer,XGB,EI,11100010,5,0,120,7,1781776.380153739
kmer,XGB,EI,11100010,5,1,130,8,1781776.380153739
kmer,XGB,EI,11100010,5,2,140,9,1781776.380153739
kmer,XGB,UCB,11100010,5,0,120,7,1781776.380153739
kmer,XGB,UCB,11100010,5,1,130,7,1781776.380153739
kmer,XGB,UCB,11100010,5,2,140,9,1781776.380153739
kmer,XGB,guided,11100010,5,0,120,7,1781776.380153739
kmer,XGB,guided,11100010,5,1,130,8,1781776.380153739
kmer,XGB,guided,11100010,5,2,140,8,1781776.380153739
kmer,XGB,random,11100010,6,0,120,6,1781776.380153739
kmer,XGB,random,11100010,6,1,130,6,1781776.380153739
kmer,XGB,random,11100010,6,2,140,6,1781776.380153739
kmer,XGB,AL,11100010,6,0,120,6,1781776.380153739
kmer,XGB,AL,11100010,6,1,130,6,1781776.380153739
kmer,XGB,AL,11100010,6,2,140,6,1781776.380153739
kmer,XGB,greedy,11100010,6,0,120,6,1781776.380153739
kmer,XGB,greedy,11100010,6,1,130,6,1781776.380153739
kmer,XGB,greedy,11100010,6,2,140,6,1781776.380153739
kmer,XGB,EI,11100010,6,0,120,6,1781776.380153739
kmer,XGB,EI,11100010,6,1,130,6,1781776.380153739
kmer,XGB,EI,11100010,6,2,140,6,1781776.380153739
kmer,XGB,UCB,11100010,6,0,120,6,1781776.380153739
kmer,XGB,UCB,11100010,6,1,130,6,1781776.380153739
kmer,XGB,UCB,11100010,6,2,140,6,1781776.380153739
kmer,XGB,guided,11100010,6,0,120,6,1781776.380153739
kmer,XGB,guided,11100010,6,1,130,6,1781776.380153739
kmer,XGB,guided,11100010,6,2,140,6,1781776.380153739
kmer,XGB,random,11100010,7,0,120,8,1781776.380153739
kmer,XGB,random,11100010,7,1,130,8,1781776.380153739
kmer,XGB,random,11100010,7,2,140,8,1781776.380153739
kmer,XGB,AL,11100010,7,0,120,8,1781776.380153739
kmer,XGB,AL,11100010,7,1,130,9,1781776.380153739
kmer,XGB,AL,11100010,7,2,140,9,1781776.380153739
kmer,XGB,greedy,11100010,7,0,120,8,1781776.380153739
kmer,XGB,greedy,11100010,7,1,130,8,1781776.380153739
kmer,XGB,greedy,11100010,7,2,140,8,1781776.380153739
kmer,XGB,EI,11100010,7,0,120,8,1781776.380153739
kmer,XGB,EI,11100010,7,1,130,9,1781776.380153739
kmer,XGB,EI,11100010,7,2,140,9,1781776.380153739
kmer,XGB,UCB,11100010,7,0,120,8,1781776.380153739
kmer,XGB,UCB,11100010,7,1,130,8,1781776.380153739
kmer,XGB,UCB,11100010,7,2,140,8,1781776.380153739
kmer,XGB,guided,11100010,7,0,120,8,1781776.380153739
kmer,XGB,guided,11100010,7,1,130,9,1781776.380153739
kmer,XGB,guided,11100010,7,2,140,10,1781776.380153739
kmer,XGB,random,11100010,8,0,120,9,1787362.2572815537
kmer,XGB,random,11100010,8,1,130,9,1787362.2572815537
kmer,XGB,random,11100010,8,2,140,9,1787362.2572815537
kmer,XGB,AL,11100010,8,0,120,9,1787362.2572815537
kmer,XGB,AL,11100010,8,1,130,9,1787362.2572815537
kmer,XGB,AL,11100010,8,2,140,9,1787362.2572815537
kmer,XGB,greedy,11100010,8,0,120,9,1787362.2572815537
kmer,XGB,greedy,11100010,8,1,130,9,1787362.2572815537
kmer,XGB,greedy,11100010,8,2,140,10,1787362.2572815537
kmer,XGB,EI,11100010,8,0,120,9,1787362.2572815537
kmer,XGB,EI,11100010,8,1,130,9,1787362.2572815537
kmer,XGB,EI,11100010,8,2,140,9,1787362.2572815537
kmer,XGB,UCB,11100010,8,0,120,9,1787362.2572815537
kmer,XGB,UCB,11100010,8,1,130,9,1787362.2572815537
kmer,XGB,UCB,11100010,8,2,140,10,1787362.2572815537
kmer,XGB,guided,11100010,8,0,120,9,1787362.2572815537
kmer,XGB,guided,11100010,8,1,130,9,1787362.2572815537
kmer,XGB,guided,11100010,8,2,140,10,1787362.2572815537
kmer,XGB,random,11100010,9,0,120,9,1741740.740740741
kmer,XGB,random,11100010,9,1,130,9,1741740.740740741
kmer,XGB,random,11100010,9,2,140,9,1741740.740740741
kmer,XGB,AL,11100010,9,0,120,9,1741740.740740741
kmer,XGB,AL,11100010,9,1,130,10,1741740.740740741
kmer,XGB,AL,11100010,9,2,140,11,1741740.740740741
kmer,XGB,greedy,11100010,9,0,120,9,1741740.740740741
kmer,XGB,greedy,11100010,9,1,130,9,1741740.740740741
kmer,XGB,greedy,11100010,9,2,140,10,1741740.740740741
kmer,XGB,EI,11100010,9,0,120,9,1741740.740740741
kmer,XGB,EI,11100010,9,1,130,11,1741740.740740741
kmer,XGB,EI,11100010,9,2,140,11,1741740.740740741
kmer,XGB,UCB,11100010,9,0,120,9,1741740.740740741
kmer,XGB,UCB,11100010,9,1,130,9,1741740.740740741
kmer,XGB,UCB,11100010,9,2,140,10,1741740.740740741
kmer,XGB,guided,11100010,9,0,120,9,1741740.740740741
kmer,XGB,guided,11100010,9,1,130,10,1741740.740740741
kmer,XGB,guided,11100010,9,2,140,10,1741740.740740741
kmer,XGB,random,11100020,0,0,120,6,1787362.2572815537
kmer,XGB,random,11100020,0,1,130,7,1787362.2572815537
kmer,XGB,random,11100020,0,2,140,7,1787362.2572815537
kmer,XGB,AL,11100020,0,0,120,6,1787362.2572815537
kmer,XGB,AL,11100020,0,1,130,6,1787362.2572815537
kmer,XGB,AL,11100020,0,2,140,6,1787362.2572815537
kmer,XGB,greedy,11100020,0,0,120,6,1787362.2572815537
kmer,XGB,greedy,11100020,0,1,130,7,1787362.2572815537
kmer,XGB,greedy,11100020,0,2,140,7,1787362.2572815537
kmer,XGB,EI,11100020,0,0,120,6,1787362.2572815537
kmer,XGB,EI,11100020,0,1,130,6,1787362.2572815537
kmer,XGB,EI,11100020,0,2,140,6,1787362.2572815537
kmer,XGB,UCB,11100020,0,0,120,6,1787362.2572815537
kmer,XGB,UCB,11100020,0,1,130,7,1787362.2572815537
kmer,XGB,UCB,11100020,0,2,140,8,1787362.2572815537
kmer,XGB,guided,11100020,0,0,120,6,1787362.2572815537
kmer,XGB,guided,11100020,0,1,130,9,1787362.2572815537
kmer,XGB,guided,11100020,0,2,140,9,1787362.2572815537
kmer,XGB,random,11100020,1,0,120,5,1716200.0000000002
kmer,XGB,random,11100020,1,1,130,5,1716200.0000000002
kmer,XGB,random,11100020,1,2,140,5,1716200.0000000002
kmer,XGB,AL,11100020,1,0,120,5,1716200.0000000002
kmer,XGB,AL,11100020,1,1,130,5,1716200.0000000002
kmer,XGB,AL,11100020,1,2,140,6,1716200.0000000002
kmer,XGB,greedy,11100020,1,0,120,5,1716200.0000000002
kmer,XGB,greedy,11100020,1,1,130,6,1741740.740740741
kmer,XGB,greedy,11100020,1,2,140,7,1741740.740740741
kmer,XGB,EI,11100020,1,0,120,5,1716200.0000000002
kmer,XGB,EI,11100020,1,1,130,5,1716200.0000000002
kmer,XGB,EI,11100020,1,2,140,5,1716200.0000000002
kmer,XGB,UCB,11100020,1,0,120,5,1716200.0000000002
kmer,XGB,UCB,11100020,1,1,130,7,1741740.740740741
kmer,XGB,UCB,11100020,1,2,140,8,1741740.740740741
kmer,XGB,guided,11100020,1,0,120,5,1716200.0000000002
kmer,XGB,guided,11100020,1,1,130,7,1781776.380153739
kmer,XGB,guided,11100020,1,2,140,7,1781776.380153739
kmer,XGB,random,11100020,2,0,120,4,1781776.380153739
kmer,XGB,random,11100020,2,1,130,4,1781776.380153739
kmer,XGB,random,11100020,2,2,140,6,1781776.380153739
kmer,XGB,AL,11100020,2,0,120,4,1781776.380153739
kmer,XGB,AL,11100020,2,1,130,4,1781776.380153739
kmer,XGB,AL,11100020,2,2,140,5,1781776.380153739
kmer,XGB,greedy,11100020,2,0,120,4,1781776.380153739
kmer,XGB,greedy,11100020,2,1,130,6,1781776.380153739
kmer,XGB,greedy,11100020,2,2,140,6,1781776.380153739
kmer,XGB,EI,11100020,2,0,120,4,1781776.380153739
kmer,XGB,EI,11100020,2,1,130,4,1781776.380153739
kmer,XGB,EI,11100020,2,2,140,6,1781776.380153739
kmer,XGB,UCB,11100020,2,0,120,4,1781776.380153739
kmer,XGB,UCB,11100020,2,1,130,6,1781776.380153739
kmer,XGB,UCB,11100020,2,2,140,6,1781776.380153739
kmer,XGB,guided,11100020,2,0,120,4,1781776.380153739
kmer,XGB,guided,11100020,2,1,130,5,1781776.380153739
kmer,XGB,guided,11100020,2,2,140,6,1781776.380153739
kmer,XGB,random,11100020,3,0,120,4,1741740.740740741
kmer,XGB,random,11100020,3,1,130,4,1741740.740740741
kmer,XGB,random,11100020,3,2,140,4,1741740.740740741
kmer,XGB,AL,11100020,3,0,120,4,1741740.740740741
kmer,XGB,AL,11100020,3,1,130,4,1741740.740740741
kmer,XGB,AL,11100020,3,2,140,4,1741740.740740741
kmer,XGB,greedy,11100020,3,0,120,4,1741740.740740741
kmer,XGB,greedy,11100020,3,1,130,4,1741740.740740741
kmer,XGB,greedy,11100020,3,2,140,5,1741740.740740741
kmer,XGB,EI,11100020,3,0,120,4,1741740.740740741
kmer,XGB,EI,11100020,3,1,130,6,1741740.740740741
kmer,XGB,EI,11100020,3,2,140,7,1741740.740740741
kmer,XGB,UCB,11100020,3,0,120,4,1741740.740740741
kmer,XGB,UCB,11100020,3,1,130,5,1741740.740740741
kmer,XGB,UCB,11100020,3,2,140,5,1741740.740740741
kmer,XGB,guided,11100020,3,0,120,4,1741740.740740741
kmer,XGB,guided,11100020,3,1,130,8,1781776.380153739
kmer,XGB,guided,11100020,3,2,140,8,1781776.380153739
kmer,XGB,random,11100020,4,0,120,6,1787362.2572815537
kmer,XGB,random,11100020,4,1,130,6,1787362.2572815537
kmer,XGB,random,11100020,4,2,140,7,1787362.2572815537
kmer,XGB,AL,11100020,4,0,120,6,1787362.2572815537
kmer,XGB,AL,11100020,4,1,130,6,1787362.2572815537
kmer,XGB,AL,11100020,4,2,140,6,1787362.2572815537
kmer,XGB,greedy,11100020,4,0,120,6,1787362.2572815537
kmer,XGB,greedy,11100020,4,1,130,7,1787362.2572815537
kmer,XGB,greedy,11100020,4,2,140,7,1787362.2572815537
kmer,XGB,EI,11100020,4,0,120,6,1787362.2572815537
kmer,XGB,EI,11100020,4,1,130,7,1787362.2572815537
kmer,XGB,EI,11100020,4,2,140,7,1787362.2572815537
kmer,XGB,UCB,11100020,4,0,120,6,1787362.2572815537
kmer,XGB,UCB,11100020,4,1,130,7,1787362.2572815537
kmer,XGB,UCB,11100020,4,2,140,7,1787362.2572815537
kmer,XGB,guided,11100020,4,0,120,6,1787362.2572815537
kmer,XGB,guided,11100020,4,1,130,9,1787362.2572815537
kmer,XGB,guided,11100020,4,2,140,11,1787362.2572815537
kmer,XGB,random,11100020,5,0,120,9,1716200.0000000002
kmer,XGB,random,11100020,5,1,130,10,1716200.0000000002
kmer,XGB,random,11100020,5,2,140,10,1716200.0000000002
kmer,XGB,AL,11100020,5,0,120,9,1716200.0000000002
kmer,XGB,AL,11100020,5,1,130,9,1716200.0000000002
kmer,XGB,AL,11100020,5,2,140,9,1716200.0000000002
kmer,XGB,greedy,11100020,5,0,120,9,1716200.0000000002
kmer,XGB,greedy,11100020,5,1,130,9,1716200.0000000002
kmer,XGB,greedy,11100020,5,2,140,10,1716200.0000000002
kmer,XGB,EI,11100020,5,0,120,9,1716200.0000000002
kmer,XGB,EI,11100020,5,1,130,9,1716200.0000000002
kmer,XGB,EI,11100020,5,2,140,9,1716200.0000000002
kmer,XGB,UCB,11100020,5,0,120,9,1716200.0000000002
kmer,XGB,UCB,11100020,5,1,130,9,1716200.0000000002
kmer,XGB,UCB,11100020,5,2,140,10,1781776.380153739
kmer,XGB,guided,11100020,5,0,120,9,1716200.0000000002
kmer,XGB,guided,11100020,5,1,130,9,1716200.0000000002
kmer,XGB,guided,11100020,5,2,140,11,1781776.380153739
kmer,XGB,random,11100020,6,0,120,5,1646742.3208191127
kmer,XGB,random,11100020,6,1,130,5,1646742.3208191127
kmer,XGB,random,11100020,6,2,140,5,1646742.3208191127
kmer,XGB,AL,11100020,6,0,120,5,1646742.3208191127
kmer,XGB,AL,11100020,6,1,130,5,1646742.3208191127
kmer,XGB,AL,11100020,6,2,140,5,1646742.3208191127
kmer,XGB,greedy,11100020,6,0,120,5,1646742.3208191127
kmer,XGB,greedy,11100020,6,1,130,6,1646742.3208191127
kmer,XGB,greedy,11100020,6,2,140,7,1646742.3208191127
kmer,XGB,EI,11100020,6,0,120,5,1646742.3208191127
kmer,XGB,EI,11100020,6,1,130,5,1646742.3208191127
kmer,XGB,EI,11100020,6,2,140,5,1646742.3208191127
kmer,XGB,UCB,11100020,6,0,120,5,1646742.3208191127
kmer,XGB,UCB,11100020,6,1,130,6,1646742.3208191127
kmer,XGB,UCB,11100020,6,2,140,8,1646742.3208191127
kmer,XGB,guided,11100020,6,0,120,5,1646742.3208191127
kmer,XGB,guided,11100020,6,1,130,8,1741740.740740741
kmer,XGB,guided,11100020,6,2,140,8,1741740.740740741
kmer,XGB,random,11100020,7,0,120,8,1787362.2572815537
kmer,XGB,random,11100020,7,1,130,9,1787362.2572815537
kmer,XGB,random,11100020,7,2,140,10,1787362.2572815537
kmer,XGB,AL,11100020,7,0,120,8,1787362.2572815537
kmer,XGB,AL,11100020,7,1,130,8,1787362.2572815537
kmer,XGB,AL,11100020,7,2,140,9,1787362.2572815537
kmer,XGB,greedy,11100020,7,0,120,8,1787362.2572815537
kmer,XGB,greedy,11100020,7,1,130,9,1787362.2572815537
kmer,XGB,greedy,11100020,7,2,140,9,1787362.2572815537
kmer,XGB,EI,11100020,7,0,120,8,1787362.2572815537
kmer,XGB,EI,11100020,7,1,130,8,1787362.2572815537
kmer,XGB,EI,11100020,7,2,140,11,1787362.2572815537
kmer,XGB,UCB,11100020,7,0,120,8,1787362.2572815537
kmer,XGB,UCB,11100020,7,1,130,9,1787362.2572815537
kmer,XGB,UCB,11100020,7,2,140,9,1787362.2572815537
kmer,XGB,guided,11100020,7,0,120,8,1787362.2572815537
kmer,XGB,guided,11100020,7,1,130,9,1787362.2572815537
kmer,XGB,guided,11100020,7,2,140,10,1787362.2572815537
kmer,XGB,random,11100020,8,0,120,5,1741740.740740741
kmer,XGB,random,11100020,8,1,130,5,1741740.740740741
kmer,XGB,random,11100020,8,2,140,7,1787362.2572815537
kmer,XGB,AL,11100020,8,0,120,5,1741740.740740741
kmer,XGB,AL,11100020,8,1,130,5,1741740.740740741
kmer,XGB,AL,11100020,8,2,140,6,1741740.740740741
kmer,XGB,greedy,11100020,8,0,120,5,1741740.740740741
kmer,XGB,greedy,11100020,8,1,130,6,1741740.740740741
kmer,XGB,greedy,11100020,8,2,140,6,1741740.740740741
kmer,XGB,EI,11100020,8,0,120,5,1741740.740740741
kmer,XGB,EI,11100020,8,1,130,5,1741740.740740741
kmer,XGB,EI,11100020,8,2,140,7,1741740.740740741
kmer,XGB,UCB,11100020,8,0,120,5,1741740.740740741
kmer,XGB,UCB,11100020,8,1,130,5,1741740.740740741
kmer,XGB,UCB,11100020,8,2,140,6,1741740.740740741
kmer,XGB,guided,11100020,8,0,120,5,1741740.740740741
kmer,XGB,guided,11100020,8,1,130,6,1741740.740740741
kmer,XGB,guided,11100020,8,2,140,6,1741740.740740741
kmer,XGB,random,11100020,9,0,120,3,1787362.2572815537
kmer,XGB,random,11100020,9,1,130,5,1787362.2572815537
kmer,XGB,random,11100020,9,2,140,5,1787362.2572815537
kmer,XGB,AL,11100020,9,0,120,3,1787362.2572815537
kmer,XGB,AL,11100020,9,1,130,3,1787362.2572815537
kmer,XGB,AL,11100020,9,2,140,4,1787362.2572815537
kmer,XGB,greedy,11100020,9,0,120,3,1787362.2572815537
kmer,XGB,greedy,11100020,9,1,130,3,1787362.2572815537
kmer,XGB,greedy,11100020,9,2,140,4,1787362.2572815537
kmer,XGB,EI,11100020,9,0,120,3,1787362.2572815537
kmer,XGB,EI,11100020,9,1,130,4,1787362.2572815537
kmer,XGB,EI,11100020,9,2,140,4,1787362.2572815537
kmer,XGB,UCB,11100020,9,0,120,3,1787362.2572815537
kmer,XGB,UCB,11100020,9,1,130,3,1787362.2572815537
kmer,XGB,UCB,11100020,9,2,140,4,1787362.2572815537
kmer,XGB,guided,11100020,9,0,120,3,1787362.2572815537
kmer,XGB,guided,11100020,9,1,130,5,1787362.2572815537
kmer,XGB,guided,11100020,9,2,140,6,1787362.2572815537
kmer,GPR,random,11100010,0,0,120,6,1646742.3208191127
kmer,GPR,random,11100010,0,1,130,7,1646742.3208191127
kmer,GPR,random,11100010,0,2,140,7,1646742.3208191127
kmer,GPR,AL,11100010,0,0,120,6,1646742.3208191127
kmer,GPR,AL,11100010,0,1,130,6,1646742.3208191127
kmer,GPR,AL,11100010,0,2,140,6,1646742.3208191127
kmer,GPR,greedy,11100010,0,0,120,6,1646742.3208191127
kmer,GPR,greedy,11100010,0,1,130,8,1781776.380153739
kmer,GPR,greedy,11100010,0,2,140,8,1781776.380153739
kmer,GPR,EI,11100010,0,0,120,6,1646742.3208191127
kmer,GPR,EI,11100010,0,1,130,7,1781776.380153739
kmer,GPR,EI,11100010,0,2,140,9,1781776.380153739
kmer,GPR,UCB,11100010,0,0,120,6,1646742.3208191127
kmer,GPR,UCB,11100010,0,1,130,7,1781776.380153739
kmer,GPR,UCB,11100010,0,2,140,8,1781776.380153739
kmer,GPR,guided,11100010,0,0,120,6,1646742.3208191127
kmer,GPR,guided,11100010,0,1,130,8,1781776.380153739
kmer,GPR,guided,11100010,0,2,140,8,1781776.380153739
kmer,GPR,random,11100010,1,0,120,5,1716200.0000000002
kmer,GPR,random,11100010,1,1,130,5,1716200.0000000002
kmer,GPR,random,11100010,1,2,140,5,1716200.0000000002
kmer,GPR,AL,11100010,1,0,120,5,1716200.0000000002
kmer,GPR,AL,11100010,1,1,130,5,1716200.0000000002
kmer,GPR,AL,11100010,1,2,140,7,1716200.0000000002
kmer,GPR,greedy,11100010,1,0,120,5,1716200.0000000002
kmer,GPR,greedy,11100010,1,1,130,5,1716200.0000000002
kmer,GPR,greedy,11100010,1,2,140,6,1716200.0000000002
kmer,GPR,EI,11100010,1,0,120,5,1716200.0000000002
kmer,GPR,EI,11100010,1,1,130,5,1716200.0000000002
kmer,GPR,EI,11100010,1,2,140,5,1716200.0000000002
kmer,GPR,UCB,11100010,1,0,120,5,1716200.0000000002
kmer,GPR,UCB,11100010,1,1,130,5,1716200.0000000002
kmer,GPR,UCB,11100010,1,2,140,6,1716200.0000000002
kmer,GPR,guided,11100010,1,0,120,5,1716200.0000000002
kmer,GPR,guided,11100010,1,1,130,6,1741740.740740741
kmer,GPR,guided,11100010,1,2,140,8,1741740.740740741
kmer,GPR,random,11100010,2,0,120,4,1741740.740740741
kmer,GPR,random,11100010,2,1,130,4,1741740.740740741
kmer,GPR,random,11100010,2,2,140,5,1741740.740740741
kmer,GPR,AL,11100010,2,0,120,4,1741740.740740741
kmer,GPR,AL,11100010,2,1,130,4,1741740.740740741
kmer,GPR,AL,11100010,2,2,140,6,1741740.740740741
kmer,GPR,greedy,11100010,2,0,120,4,1741740.740740741
kmer,GPR,greedy,11100010,2,1,130,4,1741740.740740741
kmer,GPR,greedy,11100010,2,2,140,5,1741740.740740741
kmer,GPR,EI,11100010,2,0,120,4,1741740.740740741
kmer,GPR,EI,11100010,2,1,130,4,1741740.740740741
kmer,GPR,EI,11100010,2,2,140,7,1741740.740740741
kmer,GPR,UCB,11100010,2,0,120,4,1741740.740740741
kmer,GPR,UCB,11100010,2,1,130,4,1741740.740740741
kmer,GPR,UCB,11100010,2,2,140,6,1741740.740740741
kmer,GPR,guided,11100010,2,0,120,4,1741740.740740741
kmer,GPR,guided,11100010,2,1,130,7,1781776.380153739
kmer,GPR,guided,11100010,2,2,140,8,1781776.380153739
kmer,GPR,random,11100010,3,0,120,7,1781776.380153739
kmer,GPR,random,11100010,3,1,130,7,1781776.380153739
kmer,GPR,random,11100010,3,2,140,7,1781776.380153739
kmer,GPR,AL,11100010,3,0,120,7,1781776.380153739
kmer,GPR,AL,11100010,3,1,130,7,1781776.380153739
kmer,GPR,AL,11100010,3,2,140,7,1781776.380153739
kmer,GPR,greedy,11100010,3,0,120,7,1781776.380153739
kmer,GPR,greedy,11100010,3,1,130,8,1781776.380153739
kmer,GPR,greedy,11100010,3,2,140,8,1781776.380153739
kmer,GPR,EI,11100010,3,0,120,7,1781776.380153739
kmer,GPR,EI,11100010,3,1,130,7,1781776.380153739
kmer,GPR,EI,11100010,3,2,140,8,1781776.380153739
kmer,GPR,UCB,11100010,3,0,120,7,1781776.380153739
kmer,GPR,UCB,11100010,3,1,130,8,1781776.380153739
kmer,GPR,UCB,11100010,3,2,140,8,1781776.380153739
kmer,GPR,guided,11100010,3,0,120,7,1781776.380153739
kmer,GPR,guided,11100010,3,1,130,8,1781776.380153739
kmer,GPR,guided,11100010,3,2,140,8,1781776.380153739
kmer,GPR,random,11100010,4,0,120,8,1787362.2572815537
kmer,GPR,random,11100010,4,1,130,8,1787362.2572815537
kmer,GPR,random,11100010,4,2,140,9,1787362.2572815537
kmer,GPR,AL,11100010,4,0,120,8,1787362.2572815537
kmer,GPR,AL,11100010,4,1,130,8,1787362.2572815537
kmer,GPR,AL,11100010,4,2,140,8,1787362.2572815537
kmer,GPR,greedy,11100010,4,0,120,8,1787362.2572815537
kmer,GPR,greedy,11100010,4,1,130,8,1787362.2572815537
kmer,GPR,greedy,11100010,4,2,140,8,1787362.2572815537
kmer,GPR,EI,11100010,4,0,120,8,1787362.2572815537
kmer,GPR,EI,11100010,4,1,130,8,1787362.2572815537
kmer,GPR,EI,11100010,4,2,140,8,1787362.2572815537
kmer,GPR,UCB,11100010,4,0,120,8,1787362.2572815537
kmer,GPR,UCB,11100010,4,1,130,8,1787362.2572815537
kmer,GPR,UCB,11100010,4,2,140,8,1787362.2572815537
kmer,GPR,guided,11100010,4,0,120,8,1787362.2572815537
kmer,GPR,guided,11100010,4,1,130,10,1787362.2572815537
kmer,GPR,guided,11100010,4,2,140,11,1787362.2572815537
kmer,GPR,random,11100010,5,0,120,7,1781776.380153739
kmer,GPR,random,11100010,5,1,130,8,1781776.380153739
kmer,GPR,random,11100010,5,2,140,8,1781776.380153739
kmer,GPR,AL,11100010,5,0,120,7,1781776.380153739
kmer,GPR,AL,11100010,5,1,130,7,1781776.380153739
kmer,GPR,AL,11100010,5,2,140,7,1781776.380153739
kmer,GPR,greedy,11100010,5,0,120,7,1781776.380153739
kmer,GPR,greedy,11100010,5,1,130,7,1781776.380153739
kmer,GPR,greedy,11100010,5,2,140,8,1781776.380153739
kmer,GPR,EI,11100010,5,0,120,7,1781776.380153739
kmer,GPR,EI,11100010,5,1,130,7,1781776.380153739
kmer,GPR,EI,11100010,5,2,140,8,1781776.380153739
kmer,GPR,UCB,11100010,5,0,120,7,1781776.380153739
kmer,GPR,UCB,11100010,5,1,130,7,1781776.380153739
kmer,GPR,UCB,11100010,5,2,140,8,1781776.380153739
kmer,GPR,guided,11100010,5,0,120,7,1781776.380153739
kmer,GPR,guided,11100010,5,1,130,8,1781776.380153739
kmer,GPR,guided,11100010,5,2,140,8,1781776.380153739
kmer,GPR,random,11100010,6,0,120,6,1781776.380153739
kmer,GPR,random,11100010,6,1,130,6,1781776.380153739
kmer,GPR,random,11100010,6,2,140,6,1781776.380153739
kmer,GPR,AL,11100010,6,0,120,6,1781776.380153739
kmer,GPR,AL,11100010,6,1,130,7,1781776.380153739
kmer,GPR,AL,11100010,6,2,140,7,1781776.380153739
kmer,GPR,greedy,11100010,6,0,120,6,1781776.380153739
kmer,GPR,greedy,11100010,6,1,130,6,1781776.380153739
kmer,GPR,greedy,11100010,6,2,140,6,1781776.380153739
kmer,GPR,EI,11100010,6,0,120,6,1781776.380153739
kmer,GPR,EI,11100010,6,1,130,7,1781776.380153739
kmer,GPR,EI,11100010,6,2,140,8,1781776.380153739
kmer,GPR,UCB,11100010,6,0,120,6,1781776.380153739
kmer,GPR,UCB,11100010,6,1,130,6,1781776.380153739
kmer,GPR,UCB,11100010,6,2,140,7,1781776.380153739
kmer,GPR,guided,11100010,6,0,120,6,1781776.380153739
kmer,GPR,guided,11100010,6,1,130,6,1781776.380153739
kmer,GPR,guided,11100010,6,2,140,8,1781776.380153739
kmer,GPR,random,11100010,7,0,120,8,1781776.380153739
kmer,GPR,random,11100010,7,1,130,8,1781776.380153739
kmer,GPR,random,11100010,7,2,140,8,1781776.380153739
kmer,GPR,AL,11100010,7,0,120,8,1781776.380153739
kmer,GPR,AL,11100010,7,1,130,8,1781776.380153739
kmer,GPR,AL,11100010,7,2,140,8,1781776.380153739
kmer,GPR,greedy,11100010,7,0,120,8,1781776.380153739
kmer,GPR,greedy,11100010,7,1,130,8,1781776.380153739
kmer,GPR,greedy,11100010,7,2,140,9,1781776.380153739
kmer,GPR,EI,11100010,7,0,120,8,1781776.380153739
kmer,GPR,EI,11100010,7,1,130,8,1781776.380153739
kmer,GPR,EI,11100010,7,2,140,8,1781776.380153739
kmer,GPR,UCB,11100010,7,0,120,8,1781776.380153739
kmer,GPR,UCB,11100010,7,1,130,8,1781776.380153739
kmer,GPR,UCB,11100010,7,2,140,9,1781776.380153739
kmer,GPR,guided,11100010,7,0,120,8,1781776.380153739
kmer,GPR,guided,11100010,7,1,130,9,1781776.380153739
kmer,GPR,guided,11100010,7,2,140,9,1781776.380153739
kmer,GPR,random,11100010,8,0,120,9,1787362.2572815537
kmer,GPR,random,11100010,8,1,130,9,1787362.2572815537
kmer,GPR,random,11100010,8,2,140,9,1787362.2572815537
kmer,GPR,AL,11100010,8,0,120,9,1787362.2572815537
kmer,GPR,AL,11100010,8,1,130,9,1787362.2572815537
kmer,GPR,AL,11100010,8,2,140,9,1787362.2572815537
kmer,GPR,greedy,11100010,8,0,120,9,1787362.2572815537
kmer,GPR,greedy,11100010,8,1,130,9,1787362.2572815537
kmer,GPR,greedy,11100010,8,2,140,9,1787362.2572815537
kmer,GPR,EI,11100010,8,0,120,9,1787362.2572815537
kmer,GPR,EI,11100010,8,1,130,9,1787362.2572815537
kmer,GPR,EI,11100010,8,2,140,9,1787362.2572815537
kmer,GPR,UCB,11100010,8,0,120,9,1787362.2572815537
kmer,GPR,UCB,11100010,8,1,130,9,1787362.2572815537
kmer,GPR,UCB,11100010,8,2,140,9,1787362.2572815537
kmer,GPR,guided,11100010,8,0,120,9,1787362.2572815537
kmer,GPR,guided,11100010,8,1,130,9,1787362.2572815537
kmer,GPR,guided,11100010,8,2,140,10,1787362.2572815537
kmer,GPR,random,11100010,9,0,120,9,1741740.740740741
kmer,GPR,random,11100010,9,1,130,9,1741740.740740741
kmer,GPR,random,11100010,9,2,140,9,1741740.740740741
kmer,GPR,AL,11100010,9,0,120,9,1741740.740740741
kmer,GPR,AL,11100010,9,1,130,9,1741740.740740741
kmer,GPR,AL,11100010,9,2,140,9,1741740.740740741
kmer,GPR,greedy,11100010,9,0,120,9,1741740.740740741
kmer,GPR,greedy,11100010,9,1,130,11,1781776.380153739
kmer,GPR,greedy,11100010,9,2,140,12,1781776.380153739
kmer,GPR,EI,11100010,9,0,120,9,1741740.740740741
kmer,GPR,EI,11100010,9,1,130,11,1781776.380153739
kmer,GPR,EI,11100010,9,2,140,11,1781776.380153739
kmer,GPR,UCB,11100010,9,0,120,9,1741740.740740741
kmer,GPR,UCB,11100010,9,1,130,11,1781776.380153739
kmer,GPR,UCB,11100010,9,2,140,12,1781776.380153739
kmer,GPR,guided,11100010,9,0,120,9,1741740.740740741
kmer,GPR,guided,11100010,9,1,130,10,1741740.740740741
kmer,GPR,guided,11100010,9,2,140,12,1781776.380153739
kmer,GPR,random,11100020,0,0,120,6,1787362.2572815537
kmer,GPR,random,11100020,0,1,130,7,1787362.2572815537
kmer,GPR,random,11100020,0,2,140,7,1787362.2572815537
kmer,GPR,AL,11100020,0,0,120,6,1787362.2572815537
kmer,GPR,AL,11100020,0,1,130,6,1787362.2572815537
kmer,GPR,AL,11100020,0,2,140,7,1787362.2572815537
kmer,GPR,greedy,11100020,0,0,120,6,1787362.2572815537
kmer,GPR,greedy,11100020,0,1,130,6,1787362.2572815537
kmer,GPR,greedy,11100020,0,2,140,8,1787362.2572815537
kmer,GPR,EI,11100020,0,0,120,6,1787362.2572815537
kmer,GPR,EI,11100020,0,1,130,6,1787362.2572815537
kmer,GPR,EI,11100020,0,2,140,7,1787362.2572815537
kmer,GPR,UCB,11100020,0,0,120,6,1787362.2572815537
kmer,GPR,UCB,11100020,0,1,130,6,1787362.2572815537
kmer,GPR,UCB,11100020,0,2,140,7,1787362.2572815537
kmer,GPR,guided,11100020,0,0,120,6,1787362.2572815537
kmer,GPR,guided,11100020,0,1,130,8,1787362.2572815537
kmer,GPR,guided,11100020,0,2,140,9,1787362.2572815537
kmer,GPR,random,11100020,1,0,120,5,1716200.0000000002
kmer,GPR,random,11100020,1,1,130,5,1716200.0000000002
kmer,GPR,random,11100020,1,2,140,5,1716200.0000000002
kmer,GPR,AL,11100020,1,0,120,5,1716200.0000000002
kmer,GPR,AL,11100020,1,1,130,5,1716200.0000000002
kmer,GPR,AL,11100020,1,2,140,6,1716200.0000000002
kmer,GPR,greedy,11100020,1,0,120,5,1716200.0000000002
kmer,GPR,greedy,11100020,1,1,130,7,1741740.740740741
kmer,GPR,greedy,11100020,1,2,140,9,1741740.740740741
kmer,GPR,EI,11100020,1,0,120,5,1716200.0000000002
kmer,GPR,EI,11100020,1,1,130,7,1741740.740740741
kmer,GPR,EI,11100020,1,2,140,8,1741740.740740741
kmer,GPR,UCB,11100020,1,0,120,5,1716200.0000000002
kmer,GPR,UCB,11100020,1,1,130,8,1741740.740740741
kmer,GPR,UCB,11100020,1,2,140,10,1741740.740740741
kmer,GPR,guided,11100020,1,0,120,5,1716200.0000000002
kmer,GPR,guided,11100020,1,1,130,7,1781776.380153739
kmer,GPR,guided,11100020,1,2,140,7,1781776.380153739
kmer,GPR,random,11100020,2,0,120,4,1781776.380153739
kmer,GPR,random,11100020,2,1,130,4,1781776.380153739
kmer,GPR,random,11100020,2,2,140,6,1781776.380153739
kmer,GPR,AL,11100020,2,0,120,4,1781776.380153739
kmer,GPR,AL,11100020,2,1,130,4,1781776.380153739
kmer,GPR,AL,11100020,2,2,140,5,1781776.380153739
kmer,GPR,greedy,11100020,2,0,120,4,1781776.380153739
kmer,GPR,greedy,11100020,2,1,130,5,1781776.380153739
kmer,GPR,greedy,11100020,2,2,140,5,1781776.380153739
kmer,GPR,EI,11100020,2,0,120,4,1781776.380153739
kmer,GPR,EI,11100020,2,1,130,4,1781776.380153739
kmer,GPR,EI,11100020,2,2,140,5,1781776.380153739
kmer,GPR,UCB,11100020,2,0,120,4,1781776.380153739
kmer,GPR,UCB,11100020,2,1,130,4,1781776.380153739
kmer,GPR,UCB,11100020,2,2,140,5,1781776.380153739
kmer,GPR,guided,11100020,2,0,120,4,1781776.380153739
kmer,GPR,guided,11100020,2,1,130,4,1781776.380153739
kmer,GPR,guided,11100020,2,2,140,5,1781776.380153739
kmer,GPR,random,11100020,3,0,120,4,1741740.740740741
kmer,GPR,random,11100020,3,1,130,4,1741740.740740741
kmer,GPR,random,11100020,3,2,140,4,1741740.740740741
kmer,GPR,AL,11100020,3,0,120,4,1741740.740740741
kmer,GPR,AL,11100020,3,1,130,4,1741740.740740741
kmer,GPR,AL,11100020,3,2,140,4,1741740.740740741
kmer,GPR,greedy,11100020,3,0,120,4,1741740.740740741
kmer,GPR,greedy,11100020,3,1,130,5,1741740.740740741
kmer,GPR,greedy,11100020,3,2,140,5,1741740.740740741
kmer,GPR,EI,11100020,3,0,120,4,1741740.740740741
kmer,GPR,EI,11100020,3,1,130,5,1741740.740740741
kmer,GPR,EI,11100020,3,2,140,5,1741740.740740741
kmer,GPR,UCB,11100020,3,0,120,4,1741740.740740741
kmer,GPR,UCB,11100020,3,1,130,5,1741740.740740741
kmer,GPR,UCB,11100020,3,2,140,5,1741740.740740741
kmer,GPR,guided,11100020,3,0,120,4,1741740.740740741
kmer,GPR,guided,11100020,3,1,130,8,1781776.380153739
kmer,GPR,guided,11100020,3,2,140,8,1781776.380153739
kmer,GPR,random,11100020,4,0,120,6,1787362.2572815537
kmer,GPR,random,11100020,4,1,130,6,1787362.2572815537
kmer,GPR,random,11100020,4,2,140,7,1787362.2572815537
kmer,GPR,AL,11100020,4,0,120,6,1787362.2572815537
kmer,GPR,AL,11100020,4,1,130,6,1787362.2572815537
kmer,GPR,AL,11100020,4,2,140,6,1787362.2572815537
kmer,GPR,greedy,11100020,4,0,120,6,1787362.2572815537
kmer,GPR,greedy,11100020,4,1,130,6,1787362.2572815537
kmer,GPR,greedy,11100020,4,2,140,8,1787362.2572815537
kmer,GPR,EI,11100020,4,0,120,6,1787362.2572815537
kmer,GPR,EI,11100020,4,1,130,7,1787362.2572815537
kmer,GPR,EI,11100020,4,2,140,9,1787362.2572815537
kmer,GPR,UCB,11100020,4,0,120,6,1787362.2572815537
kmer,GPR,UCB,11100020,4,1,130,6,1787362.2572815537
kmer,GPR,UCB,11100020,4,2,140,9,1787362.2572815537
kmer,GPR,guided,11100020,4,0,120,6,1787362.2572815537
kmer,GPR,guided,11100020,4,1,130,8,1787362.2572815537
kmer,GPR,guided,11100020,4,2,140,11,1787362.2572815537
kmer,GPR,random,11100020,5,0,120,9,1716200.0000000002
kmer,GPR,random,11100020,5,1,130,10,1716200.0000000002
kmer,GPR,random,11100020,5,2,140,10,1716200.0000000002
kmer,GPR,AL,11100020,5,0,120,9,1716200.0000000002
kmer,GPR,AL,11100020,5,1,130,9,1716200.0000000002
kmer,GPR,AL,11100020,5,2,140,9,1716200.0000000002
kmer,GPR,greedy,11100020,5,0,120,9,1716200.0000000002
kmer,GPR,greedy,11100020,5,1,130,9,1716200.0000000002
kmer,GPR,greedy,11100020,5,2,140,9,1716200.0000000002
kmer,GPR,EI,11100020,5,0,120,9,1716200.0000000002
kmer,GPR,EI,11100020,5,1,130,9,1716200.0000000002
kmer,GPR,EI,11100020,5,2,140,9,1716200.0000000002
kmer,GPR,UCB,11100020,5,0,120,9,1716200.0000000002
kmer,GPR,UCB,11100020,5,1,130,9,1716200.0000000002
kmer,GPR,UCB,11100020,5,2,140,9,1716200.0000000002
kmer,GPR,guided,11100020,5,0,120,9,1716200.0000000002
kmer,GPR,guided,11100020,5,1,130,9,1716200.0000000002
kmer,GPR,guided,11100020,5,2,140,9,1716200.0000000002
kmer,GPR,random,11100020,6,0,120,5,1646742.3208191127
kmer,GPR,random,11100020,6,1,130,5,1646742.3208191127
kmer,GPR,random,11100020,6,2,140,5,1646742.3208191127
kmer,GPR,AL,11100020,6,0,120,5,1646742.3208191127
kmer,GPR,AL,11100020,6,1,130,5,1646742.3208191127
kmer,GPR,AL,11100020,6,2,140,5,1646742.3208191127
kmer,GPR,greedy,11100020,6,0,120,5,1646742.3208191127
kmer,GPR,greedy,11100020,6,1,130,6,1741740.740740741
kmer,GPR,greedy,11100020,6,2,140,8,1741740.740740741
kmer,GPR,EI,11100020,6,0,120,5,1646742.3208191127
kmer,GPR,EI,11100020,6,1,130,5,1646742.3208191127
kmer,GPR,EI,11100020,6,2,140,8,1741740.740740741
kmer,GPR,UCB,11100020,6,0,120,5,1646742.3208191127
kmer,GPR,UCB,11100020,6,1,130,6,1646742.3208191127
kmer,GPR,UCB,11100020,6,2,140,8,1741740.740740741
kmer,GPR,guided,11100020,6,0,120,5,1646742.3208191127
kmer,GPR,guided,11100020,6,1,130,7,1741740.740740741
kmer,GPR,guided,11100020,6,2,140,10,1741740.740740741
kmer,GPR,random,11100020,7,0,120,8,1787362.2572815537
kmer,GPR,random,11100020,7,1,130,9,1787362.2572815537
kmer,GPR,random,11100020,7,2,140,10,1787362.2572815537
kmer,GPR,AL,11100020,7,0,120,8,1787362.2572815537
kmer,GPR,AL,11100020,7,1,130,8,1787362.2572815537
kmer,GPR,AL,11100020,7,2,140,8,1787362.2572815537
kmer,GPR,greedy,11100020,7,0,120,8,1787362.2572815537
kmer,GPR,greedy,11100020,7,1,130,9,1787362.2572815537
kmer,GPR,greedy,11100020,7,2,140,9,1787362.2572815537
kmer,GPR,EI,11100020,7,0,120,8,1787362.2572815537
kmer,GPR,EI,11100020,7,1,130,9,1787362.2572815537
kmer,GPR,EI,11100020,7,2,140,9,1787362.2572815537
kmer,GPR,UCB,11100020,7,0,120,8,1787362.2572815537
kmer,GPR,UCB,11100020,7,1,130,9,1787362.2572815537
kmer,GPR,UCB,11100020,7,2,140,9,1787362.2572815537
kmer,GPR,guided,11100020,7,0,120,8,1787362.2572815537
kmer,GPR,guided,11100020,7,1,130,10,1787362.2572815537
kmer,GPR,guided,11100020,7,2,140,10,1787362.2572815537
kmer,GPR,random,11100020,8,0,120,5,1741740.740740741
kmer,GPR,random,11100020,8,1,130,5,1741740.740740741
kmer,GPR,random,11100020,8,2,140,7,1787362.2572815537
kmer,GPR,AL,11100020,8,0,120,5,1741740.740740741
kmer,GPR,AL,11100020,8,1,130,6,1741740.740740741
kmer,GPR,AL,11100020,8,2,140,6,1741740.740740741
kmer,GPR,greedy,11100020,8,0,120,5,1741740.740740741
kmer,GPR,greedy,11100020,8,1,130,5,1741740.740740741
kmer,GPR,greedy,11100020,8,2,140,8,1741740.740740741
kmer,GPR,EI,11100020,8,0,120,5,1741740.740740741
kmer,GPR,EI,11100020,8,1,130,5,1741740.740740741
kmer,GPR,EI,11100020,8,2,140,7,1741740.740740741
kmer,GPR,UCB,11100020,8,0,120,5,1741740.740740741
kmer,GPR,UCB,11100020,8,1,130,5,1741740.740740741
kmer,GPR,UCB,11100020,8,2,140,8,1741740.740740741
kmer,GPR,guided,11100020,8,0,120,5,1741740.740740741
kmer,GPR,guided,11100020,8,1,130,6,1741740.740740741
kmer,GPR,guided,11100020,8,2,140,8,1741740.740740741
kmer,GPR,random,11100020,9,0,120,3,1787362.2572815537
kmer,GPR,random,11100020,9,1,130,5,1787362.2572815537
kmer,GPR,random,11100020,9,2,140,5,1787362.2572815537
kmer,GPR,AL,11100020,9,0,120,3,1787362.2572815537
kmer,GPR,AL,11100020,9,1,130,3,1787362.2572815537
kmer,GPR,AL,11100020,9,2,140,4,1787362.2572815537
kmer,GPR,greedy,11100020,9,0,120,3,1787362.2572815537
kmer,GPR,greedy,11100020,9,1,130,3,1787362.2572815537
kmer,GPR,greedy,11100020,9,2,140,4,1787362.2572815537
kmer,GPR,EI,11100020,9,0,120,3,1787362.2572815537
kmer,GPR,EI,11100020,9,1,130,3,1787362.2572815537
kmer,GPR,EI,11100020,9,2,140,3,1787362.2572815537
kmer,GPR,UCB,11100020,9,0,120,3,1787362.2572815537
kmer,GPR,UCB,11100020,9,1,130,3,1787362.2572815537
kmer,GPR,UCB,11100020,9,2,140,4,1787362.2572815537
kmer,GPR,guided,11100020,9,0,120,3,1787362.2572815537
kmer,GPR,guided,11100020,9,1,130,5,1787362.2572815537
kmer,GPR,guided,11100020,9,2,140,5,1787362.2572815537
kmer,DNN,random,11100010,0,0,120,6,1646742.3208191127
kmer,DNN,random,11100010,0,1,130,7,1646742.3208191127
kmer,DNN,random,11100010,0,2,140,7,1646742.3208191127
kmer,DNN,AL,11100010,0,0,120,6,1646742.3208191127
kmer,DNN,AL,11100010,0,1,130,7,1646742.3208191127
kmer,DNN,AL,11100010,0,2,140,8,1781776.380153739
kmer,DNN,greedy,11100010,0,0,120,6,1646742.3208191127
kmer,DNN,greedy,11100010,0,1,130,7,1646742.3208191127
kmer,DNN,greedy,11100010,0,2,140,9,1781776.380153739
kmer,DNN,EI,11100010,0,0,120,6,1646742.3208191127
kmer,DNN,EI,11100010,0,1,130,7,1646742.3208191127
kmer,DNN,EI,11100010,0,2,140,7,1646742.3208191127
kmer,DNN,UCB,11100010,0,0,120,6,1646742.3208191127
kmer,DNN,UCB,11100010,0,1,130,6,1646742.3208191127
kmer,DNN,UCB,11100010,0,2,140,7,1646742.3208191127
kmer,DNN,guided,11100010,0,0,120,6,1646742.3208191127
kmer,DNN,guided,11100010,0,1,130,7,1741740.740740741
kmer,DNN,guided,11100010,0,2,140,8,1741740.740740741
kmer,DNN,random,11100010,1,0,120,5,1716200.0000000002
kmer,DNN,random,11100010,1,1,130,5,1716200.0000000002
kmer,DNN,random,11100010,1,2,140,5,1716200.0000000002
kmer,DNN,AL,11100010,1,0,120,5,1716200.0000000002
kmer,DNN,AL,11100010,1,1,130,5,1716200.0000000002
kmer,DNN,AL,11100010,1,2,140,6,1716200.0000000002
kmer,DNN,greedy,11100010,1,0,120,5,1716200.0000000002
kmer,DNN,greedy,11100010,1,1,130,7,1716200.0000000002
kmer,DNN,greedy,11100010,1,2,140,7,1716200.0000000002
kmer,DNN,EI,11100010,1,0,120,5,1716200.0000000002
kmer,DNN,EI,11100010,1,1,130,5,1716200.0000000002
kmer,DNN,EI,11100010,1,2,140,5,1716200.0000000002
kmer,DNN,UCB,11100010,1,0,120,5,1716200.0000000002
kmer,DNN,UCB,11100010,1,1,130,5,1716200.0000000002
kmer,DNN,UCB,11100010,1,2,140,6,1716200.0000000002
kmer,DNN,guided,11100010,1,0,120,5,1716200.0000000002
kmer,DNN,guided,11100010,1,1,130,6,1741740.740740741
kmer,DNN,guided,11100010,1,2,140,7,1741740.740740741
kmer,DNN,random,11100010,2,0,120,4,1741740.740740741
kmer,DNN,random,11100010,2,1,130,4,1741740.740740741
kmer,DNN,random,11100010,2,2,140,5,1741740.740740741
kmer,DNN,AL,11100010,2,0,120,4,1741740.740740741
kmer,DNN,AL,11100010,2,1,130,5,1741740.740740741
kmer,DNN,AL,11100010,2,2,140,6,1741740.740740741
kmer,DNN,greedy,11100010,2,0,120,4,1741740.740740741
kmer,DNN,greedy,11100010,2,1,130,5,1741740.740740741
kmer,DNN,greedy,11100010,2,2,140,8,1741740.740740741
kmer,DNN,EI,11100010,2,0,120,4,1741740.740740741
kmer,DNN,EI,11100010,2,1,130,5,1741740.740740741
kmer,DNN,EI,11100010,2,2,140,6,1741740.740740741
kmer,DNN,UCB,11100010,2,0,120,4,1741740.740740741
kmer,DNN,UCB,11100010,2,1,130,5,1741740.740740741
kmer,DNN,UCB,11100010,2,2,140,7,1741740.740740741
kmer,DNN,guided,11100010,2,0,120,4,1741740.740740741
kmer,DNN,guided,11100010,2,1,130,8,1781776.380153739
kmer,DNN,guided,11100010,2,2,140,9,1781776.380153739
kmer,DNN,random,11100010,3,0,120,7,1781776.380153739
kmer,DNN,random,11100010,3,1,130,7,1781776.380153739
kmer,DNN,random,11100010,3,2,140,7,1781776.380153739
kmer,DNN,AL,11100010,3,0,120,7,1781776.380153739
kmer,DNN,AL,11100010,3,1,130,7,1781776.380153739
kmer,DNN,AL,11100010,3,2,140,8,1781776.380153739
kmer,DNN,greedy,11100010,3,0,120,7,1781776.380153739
kmer,DNN,greedy,11100010,3,1,130,7,1781776.380153739
kmer,DNN,greedy,11100010,3,2,140,9,1781776.380153739
kmer,DNN,EI,11100010,3,0,120,7,1781776.380153739
kmer,DNN,EI,11100010,3,1,130,7,1781776.380153739
kmer,DNN,EI,11100010,3,2,140,8,1781776.380153739
kmer,DNN,UCB,11100010,3,0,120,7,1781776.380153739
kmer,DNN,UCB,11100010,3,1,130,7,1781776.380153739
kmer,DNN,UCB,11100010,3,2,140,9,1781776.380153739
kmer,DNN,guided,11100010,3,0,120,7,1781776.380153739
kmer,DNN,guided,11100010,3,1,130,8,1781776.380153739
kmer,DNN,guided,11100010,3,2,140,8,1781776.380153739
kmer,DNN,random,11100010,4,0,120,8,1787362.2572815537
kmer,DNN,random,11100010,4,1,130,8,1787362.2572815537
kmer,DNN,random,11100010,4,2,140,9,1787362.2572815537
kmer,DNN,AL,11100010,4,0,120,8,1787362.2572815537
kmer,DNN,AL,11100010,4,1,130,8,1787362.2572815537
kmer,DNN,AL,11100010,4,2,140,9,1787362.2572815537
kmer,DNN,greedy,11100010,4,0,120,8,1787362.2572815537
kmer,DNN,greedy,11100010,4,1,130,8,1787362.2572815537
kmer,DNN,greedy,11100010,4,2,140,8,1787362.2572815537
kmer,DNN,EI,11100010,4,0,120,8,1787362.2572815537
kmer,DNN,EI,11100010,4,1,130,8,1787362.2572815537
kmer,DNN,EI,11100010,4,2,140,8,1787362.2572815537
kmer,DNN,UCB,11100010,4,0,120,8,1787362.2572815537
kmer,DNN,UCB,11100010,4,1,130,8,1787362.2572815537
kmer,DNN,UCB,11100010,4,2,140,8,1787362.2572815537
kmer,DNN,guided,11100010,4,0,120,8,1787362.2572815537
kmer,DNN,guided,11100010,4,1,130,10,1787362.2572815537
kmer,DNN,guided,11100010,4,2,140,10,1787362.2572815537
kmer,DNN,random,11100010,5,0,120,7,1781776.380153739
kmer,DNN,random,11100010,5,1,130,8,1781776.380153739
kmer,DNN,random,11100010,5,2,140,8,1781776.380153739
kmer,DNN,AL,11100010,5,0,120,7,1781776.380153739
kmer,DNN,AL,11100010,5,1,130,7,1781776.380153739
kmer,DNN,AL,11100010,5,2,140,7,1781776.380153739
kmer,DNN,greedy,11100010,5,0,120,7,1781776.380153739
kmer,DNN,greedy,11100010,5,1,130,7,1781776.380153739
kmer,DNN,greedy,11100010,5,2,140,8,1781776.380153739
kmer,DNN,EI,11100010,5,0,120,7,1781776.380153739
kmer,DNN,EI,11100010,5,1,130,7,1781776.380153739
kmer,DNN,EI,11100010,5,2,140,8,1781776.380153739
kmer,DNN,UCB,11100010,5,0,120,7,1781776.380153739
kmer,DNN,UCB,11100010,5,1,130,7,1781776.380153739
kmer,DNN,UCB,11100010,5,2,140,8,1781776.380153739
kmer,DNN,guided,11100010,5,0,120,7,1781776.380153739
kmer,DNN,guided,11100010,5,1,130,8,1781776.380153739
kmer,DNN,guided,11100010,5,2,140,8,1781776.380153739
kmer,DNN,random,11100010,6,0,120,6,1781776.380153739
kmer,DNN,random,11100010,6,1,130,6,1781776.380153739
kmer,DNN,random,11100010,6,2,140,6,1781776.380153739
kmer,DNN,AL,11100010,6,0,120,6,1781776.380153739
kmer,DNN,AL,11100010,6,1,130,6,1781776.380153739
kmer,DNN,AL,11100010,6,2,140,6,1781776.380153739
kmer,DNN,greedy,11100010,6,0,120,6,1781776.380153739
kmer,DNN,greedy,11100010,6,1,130,6,1781776.380153739
kmer,DNN,greedy,11100010,6,2,140,7,1781776.380153739
kmer,DNN,EI,11100010,6,0,120,6,1781776.380153739
kmer,DNN,EI,11100010,6,1,130,6,1781776.380153739
kmer,DNN,EI,11100010,6,2,140,7,1781776.380153739
kmer,DNN,UCB,11100010,6,0,120,6,1781776.380153739
kmer,DNN,UCB,11100010,6,1,130,7,1781776.380153739
kmer,DNN,UCB,11100010,6,2,140,8,1781776.380153739
kmer,DNN,guided,11100010,6,0,120,6,1781776.380153739
kmer,DNN,guided,11100010,6,1,130,6,1781776.380153739
kmer,DNN,guided,11100010,6,2,140,7,1781776.380153739
kmer,DNN,random,11100010,7,0,120,8,1781776.380153739
kmer,DNN,random,11100010,7,1,130,8,1781776.380153739
kmer,DNN,random,11100010,7,2,140,8,1781776.380153739
kmer,DNN,AL,11100010,7,0,120,8,1781776.380153739
kmer,DNN,AL,11100010,7,1,130,8,1781776.380153739
kmer,DNN,AL,11100010,7,2,140,8,1781776.380153739
kmer,DNN,greedy,11100010,7,0,120,8,1781776.380153739
kmer,DNN,greedy,11100010,7,1,130,8,1781776.380153739
kmer,DNN,greedy,11100010,7,2,140,8,1781776.380153739
kmer,DNN,EI,11100010,7,0,120,8,1781776.380153739
kmer,DNN,EI,11100010,7,1,130,8,1781776.380153739
kmer,DNN,EI,11100010,7,2,140,8,1781776.380153739
kmer,DNN,UCB,11100010,7,0,120,8,1781776.380153739
kmer,DNN,UCB,11100010,7,1,130,8,1781776.380153739
kmer,DNN,UCB,11100010,7,2,140,8,1781776.380153739
kmer,DNN,guided,11100010,7,0,120,8,1781776.380153739
kmer,DNN,guided,11100010,7,1,130,9,1781776.380153739
kmer,DNN,guided,11100010,7,2,140,9,1781776.380153739
kmer,DNN,random,11100010,8,0,120,9,1787362.2572815537
kmer,DNN,random,11100010,8,1,130,9,1787362.2572815537
kmer,DNN,random,11100010,8,2,140,9,1787362.2572815537
kmer,DNN,AL,11100010,8,0,120,9,1787362.2572815537
kmer,DNN,AL,11100010,8,1,130,9,1787362.2572815537
kmer,DNN,AL,11100010,8,2,140,9,1787362.2572815537
kmer,DNN,greedy,11100010,8,0,120,9,1787362.2572815537
kmer,DNN,greedy,11100010,8,1,130,9,1787362.2572815537
kmer,DNN,greedy,11100010,8,2,140,9,1787362.2572815537
kmer,DNN,EI,11100010,8,0,120,9,1787362.2572815537
kmer,DNN,EI,11100010,8,1,130,9,1787362.2572815537
kmer,DNN,EI,11100010,8,2,140,11,1787362.2572815537
kmer,DNN,UCB,11100010,8,0,120,9,1787362.2572815537
kmer,DNN,UCB,11100010,8,1,130,9,1787362.2572815537
kmer,DNN,UCB,11100010,8,2,140,9,1787362.2572815537
kmer,DNN,guided,11100010,8,0,120,9,1787362.2572815537
kmer,DNN,guided,11100010,8,1,130,9,1787362.2572815537
kmer,DNN,guided,11100010,8,2,140,9,1787362.2572815537
kmer,DNN,random,11100010,9,0,120,9,1741740.740740741
kmer,DNN,random,11100010,9,1,130,9,1741740.740740741
kmer,DNN,random,11100010,9,2,140,9,1741740.740740741
kmer,DNN,AL,11100010,9,0,120,9,1741740.740740741
kmer,DNN,AL,11100010,9,1,130,9,1741740.740740741
kmer,DNN,AL,11100010,9,2,140,9,1741740.740740741
kmer,DNN,greedy,11100010,9,0,120,9,1741740.740740741
kmer,DNN,greedy,11100010,9,1,130,9,1741740.740740741
kmer,DNN,greedy,11100010,9,2,140,10,1741740.740740741
kmer,DNN,EI,11100010,9,0,120,9,1741740.740740741
kmer,DNN,EI,11100010,9,1,130,9,1741740.740740741
kmer,DNN,EI,11100010,9,2,140,10,1741740.740740741
kmer,DNN,UCB,11100010,9,0,120,9,1741740.740740741
kmer,DNN,UCB,11100010,9,1,130,9,1741740.740740741
kmer,DNN,UCB,11100010,9,2,140,10,1741740.740740741
kmer,DNN,guided,11100010,9,0,120,9,1741740.740740741
kmer,DNN,guided,11100010,9,1,130,10,1741740.740740741
kmer,DNN,guided,11100010,9,2,140,11,1741740.740740741
kmer,DNN,random,11100020,0,0,120,6,1787362.2572815537
kmer,DNN,random,11100020,0,1,130,7,1787362.2572815537
kmer,DNN,random,11100020,0,2,140,7,1787362.2572815537
kmer,DNN,AL,11100020,0,0,120,6,1787362.2572815537
kmer,DNN,AL,11100020,0,1,130,6,1787362.2572815537
kmer,DNN,AL,11100020,0,2,140,6,1787362.2572815537
kmer,DNN,greedy,11100020,0,0,120,6,1787362.2572815537
kmer,DNN,greedy,11100020,0,1,130,6,1787362.2572815537
kmer,DNN,greedy,11100020,0,2,140,7,1787362.2572815537
kmer,DNN,EI,11100020,0,0,120,6,1787362.2572815537
kmer,DNN,EI,11100020,0,1,130,6,1787362.2572815537
kmer,DNN,EI,11100020,0,2,140,7,1787362.2572815537
kmer,DNN,UCB,11100020,0,0,120,6,1787362.2572815537
kmer,DNN,UCB,11100020,0,1,130,6,1787362.2572815537
kmer,DNN,UCB,11100020,0,2,140,7,1787362.2572815537
kmer,DNN,guided,11100020,0,0,120,6,1787362.2572815537
kmer,DNN,guided,11100020,0,1,130,8,1787362.2572815537
kmer,DNN,guided,11100020,0,2,140,8,1787362.2572815537
kmer,DNN,random,11100020,1,0,120,5,1716200.0000000002
kmer,DNN,random,11100020,1,1,130,5,1716200.0000000002
kmer,DNN,random,11100020,1,2,140,5,1716200.0000000002
kmer,DNN,AL,11100020,1,0,120,5,1716200.0000000002
kmer,DNN,AL,11100020,1,1,130,5,1716200.0000000002
kmer,DNN,AL,11100020,1,2,140,5,1716200.0000000002
kmer,DNN,greedy,11100020,1,0,120,5,1716200.0000000002
kmer,DNN,greedy,11100020,1,1,130,6,1716200.0000000002
kmer,DNN,greedy,11100020,1,2,140,7,1716200.0000000002
kmer,DNN,EI,11100020,1,0,120,5,1716200.0000000002
kmer,DNN,EI,11100020,1,1,130,6,1716200.0000000002
kmer,DNN,EI,11100020,1,2,140,8,1716200.0000000002
kmer,DNN,UCB,11100020,1,0,120,5,1716200.0000000002
kmer,DNN,UCB,11100020,1,1,130,6,1716200.0000000002
kmer,DNN,UCB,11100020,1,2,140,8,1716200.0000000002
kmer,DNN,guided,11100020,1,0,120,5,1716200.0000000002
kmer,DNN,guided,11100020,1,1,130,7,1781776.380153739
kmer,DNN,guided,11100020,1,2,140,9,1781776.380153739
kmer,DNN,random,11100020,2,0,120,4,1781776.380153739
kmer,DNN,random,11100020,2,1,130,4,1781776.380153739
kmer,DNN,random,11100020,2,2,140,6,1781776.380153739
kmer,DNN,AL,11100020,2,0,120,4,1781776.380153739
kmer,DNN,AL,11100020,2,1,130,4,1781776.380153739
kmer,DNN,AL,11100020,2,2,140,5,1781776.380153739
kmer,DNN,greedy,11100020,2,0,120,4,1781776.380153739
kmer,DNN,greedy,11100020,2,1,130,4,1781776.380153739
kmer,DNN,greedy,11100020,2,2,140,5,1781776.380153739
kmer,DNN,EI,11100020,2,0,120,4,1781776.380153739
kmer,DNN,EI,11100020,2,1,130,4,1781776.380153739
kmer,DNN,EI,11100020,2,2,140,4,1781776.380153739
kmer,DNN,UCB,11100020,2,0,120,4,1781776.380153739
kmer,DNN,UCB,11100020,2,1,130,4,1781776.380153739
kmer,DNN,UCB,11100020,2,2,140,5,1781776.380153739
kmer,DNN,guided,11100020,2,0,120,4,1781776.380153739
kmer,DNN,guided,11100020,2,1,130,4,1781776.380153739
kmer,DNN,guided,11100020,2,2,140,4,1781776.380153739
kmer,DNN,random,11100020,3,0,120,4,1741740.740740741
kmer,DNN,random,11100020,3,1,130,4,1741740.740740741
kmer,DNN,random,11100020,3,2,140,4,1741740.740740741
kmer,DNN,AL,11100020,3,0,120,4,1741740.740740741
kmer,DNN,AL,11100020,3,1,130,5,1741740.740740741
kmer,DNN,AL,11100020,3,2,140,5,1741740.740740741
kmer,DNN,greedy,11100020,3,0,120,4,1741740.740740741
kmer,DNN,greedy,11100020,3,1,130,5,1741740.740740741
kmer,DNN,greedy,11100020,3,2,140,5,1741740.740740741
kmer,DNN,EI,11100020,3,0,120,4,1741740.740740741
kmer,DNN,EI,11100020,3,1,130,5,1741740.740740741
kmer,DNN,EI,11100020,3,2,140,6,1741740.740740741
kmer,DNN,UCB,11100020,3,0,120,4,1741740.740740741
kmer,DNN,UCB,11100020,3,1,130,4,1741740.740740741
kmer,DNN,UCB,11100020,3,2,140,4,1741740.740740741
kmer,DNN,guided,11100020,3,0,120,4,1741740.740740741
kmer,DNN,guided,11100020,3,1,130,8,1781776.380153739
kmer,DNN,guided,11100020,3,2,140,8,1781776.380153739
kmer,DNN,random,11100020,4,0,120,6,1787362.2572815537
kmer,DNN,random,11100020,4,1,130,6,1787362.2572815537
kmer,DNN,random,11100020,4,2,140,7,1787362.2572815537
kmer,DNN,AL,11100020,4,0,120,6,1787362.2572815537
kmer,DNN,AL,11100020,4,1,130,6,1787362.2572815537
kmer,DNN,AL,11100020,4,2,140,6,1787362.2572815537
kmer,DNN,greedy,11100020,4,0,120,6,1787362.2572815537
kmer,DNN,greedy,11100020,4,1,130,6,1787362.2572815537
kmer,DNN,greedy,11100020,4,2,140,8,1787362.2572815537
kmer,DNN,EI,11100020,4,0,120,6,1787362.2572815537
kmer,DNN,EI,11100020,4,1,130,6,1787362.2572815537
kmer,DNN,EI,11100020,4,2,140,6,1787362.2572815537
kmer,DNN,UCB,11100020,4,0,120,6,1787362.2572815537
kmer,DNN,UCB,11100020,4,1,130,6,1787362.2572815537
kmer,DNN,UCB,11100020,4,2,140,6,1787362.2572815537
kmer,DNN,guided,11100020,4,0,120,6,1787362.2572815537
kmer,DNN,guided,11100020,4,1,130,8,1787362.2572815537
kmer,DNN,guided,11100020,4,2,140,8,1787362.2572815537
kmer,DNN,random,11100020,5,0,120,9,1716200.0000000002
kmer,DNN,random,11100020,5,1,130,10,1716200.0000000002
kmer,DNN,random,11100020,5,2,140,10,1716200.0000000002
kmer,DNN,AL,11100020,5,0,120,9,1716200.0000000002
kmer,DNN,AL,11100020,5,1,130,9,1716200.0000000002
kmer,DNN,AL,11100020,5,2,140,9,1716200.0000000002
kmer,DNN,greedy,11100020,5,0,120,9,1716200.0000000002
kmer,DNN,greedy,11100020,5,1,130,9,1716200.0000000002
kmer,DNN,greedy,11100020,5,2,140,10,1787362.2572815537
kmer,DNN,EI,11100020,5,0,120,9,1716200.0000000002
kmer,DNN,EI,11100020,5,1,130,9,1716200.0000000002
kmer,DNN,EI,11100020,5,2,140,9,1716200.0000000002
kmer,DNN,UCB,11100020,5,0,120,9,1716200.0000000002
kmer,DNN,UCB,11100020,5,1,130,9,1716200.0000000002
kmer,DNN,UCB,11100020,5,2,140,10,1716200.0000000002
kmer,DNN,guided,11100020,5,0,120,9,1716200.0000000002
kmer,DNN,guided,11100020,5,1,130,9,1716200.0000000002
kmer,DNN,guided,11100020,5,2,140,9,1716200.0000000002
kmer,DNN,random,11100020,6,0,120,5,1646742.3208191127
kmer,DNN,random,11100020,6,1,130,5,1646742.3208191127
kmer,DNN,random,11100020,6,2,140,5,1646742.3208191127
kmer,DNN,AL,11100020,6,0,120,5,1646742.3208191127
kmer,DNN,AL,11100020,6,1,130,5,1646742.3208191127
kmer,DNN,AL,11100020,6,2,140,5,1646742.3208191127
kmer,DNN,greedy,11100020,6,0,120,5,1646742.3208191127
kmer,DNN,greedy,11100020,6,1,130,5,1646742.3208191127
kmer,DNN,greedy,11100020,6,2,140,7,1741740.740740741
kmer,DNN,EI,11100020,6,0,120,5,1646742.3208191127
kmer,DNN,EI,11100020,6,1,130,6,1741740.740740741
kmer,DNN,EI,11100020,6,2,140,6,1741740.740740741
kmer,DNN,UCB,11100020,6,0,120,5,1646742.3208191127
kmer,DNN,UCB,11100020,6,1,130,5,1646742.3208191127
kmer,DNN,UCB,11100020,6,2,140,7,1741740.740740741
kmer,DNN,guided,11100020,6,0,120,5,1646742.3208191127
kmer,DNN,guided,11100020,6,1,130,7,1741740.740740741
kmer,DNN,guided,11100020,6,2,140,8,1741740.740740741
kmer,DNN,random,11100020,7,0,120,8,1787362.2572815537
kmer,DNN,random,11100020,7,1,130,9,1787362.2572815537
kmer,DNN,random,11100020,7,2,140,10,1787362.2572815537
kmer,DNN,AL,11100020,7,0,120,8,1787362.2572815537
kmer,DNN,AL,11100020,7,1,130,8,1787362.2572815537
kmer,DNN,AL,11100020,7,2,140,8,1787362.2572815537
kmer,DNN,greedy,11100020,7,0,120,8,1787362.2572815537
kmer,DNN,greedy,11100020,7,1,130,10,1787362.2572815537
kmer,DNN,greedy,11100020,7,2,140,10,1787362.2572815537
kmer,DNN,EI,11100020,7,0,120,8,1787362.2572815537
kmer,DNN,EI,11100020,7,1,130,10,1787362.2572815537
kmer,DNN,EI,11100020,7,2,140,11,1787362.2572815537
kmer,DNN,UCB,11100020,7,0,120,8,1787362.2572815537
kmer,DNN,UCB,11100020,7,1,130,9,1787362.2572815537
kmer,DNN,UCB,11100020,7,2,140,10,1787362.2572815537
kmer,DNN,guided,11100020,7,0,120,8,1787362.2572815537
kmer,DNN,guided,11100020,7,1,130,10,1787362.2572815537
kmer,DNN,guided,11100020,7,2,140,10,1787362.2572815537
kmer,DNN,random,11100020,8,0,120,5,1741740.740740741
kmer,DNN,random,11100020,8,1,130,5,1741740.740740741
kmer,DNN,random,11100020,8,2,140,7,1787362.2572815537
kmer,DNN,AL,11100020,8,0,120,5,1741740.740740741
kmer,DNN,AL,11100020,8,1,130,5,1741740.740740741
kmer,DNN,AL,11100020,8,2,140,6,1741740.740740741
kmer,DNN,greedy,11100020,8,0,120,5,1741740.740740741
kmer,DNN,greedy,11100020,8,1,130,5,1741740.740740741
kmer,DNN,greedy,11100020,8,2,140,5,1741740.740740741
kmer,DNN,EI,11100020,8,0,120,5,1741740.740740741
kmer,DNN,EI,11100020,8,1,130,6,1741740.740740741
kmer,DNN,EI,11100020,8,2,140,6,1741740.740740741
kmer,DNN,UCB,11100020,8,0,120,5,1741740.740740741
kmer,DNN,UCB,11100020,8,1,130,5,1741740.740740741
kmer,DNN,UCB,11100020,8,2,140,6,1741740.740740741
kmer,DNN,guided,11100020,8,0,120,5,1741740.740740741
kmer,DNN,guided,11100020,8,1,130,6,1741740.740740741
kmer,DNN,guided,11100020,8,2,140,6,1741740.740740741
kmer,DNN,random,11100020,9,0,120,3,1787362.2572815537
kmer,DNN,random,11100020,9,1,130,5,1787362.2572815537
kmer,DNN,random,11100020,9,2,140,5,1787362.2572815537
kmer,DNN,AL,11100020,9,0,120,3,1787362.2572815537
kmer,DNN,AL,11100020,9,1,130,3,1787362.2572815537
kmer,DNN,AL,11100020,9,2,140,3,1787362.2572815537
kmer,DNN,greedy,11100020,9,0,120,3,1787362.2572815537
kmer,DNN,greedy,11100020,9,1,130,3,1787362.2572815537
kmer,DNN,greedy,11100020,9,2,140,3,1787362.2572815537
kmer,DNN,EI,11100020,9,0,120,3,1787362.2572815537
kmer,DNN,EI,11100020,9,1,130,3,1787362.2572815537
kmer,DNN,EI,11100020,9,2,140,3,1787362.2572815537
kmer,DNN,UCB,11100020,9,0,120,3,1787362.2572815537
kmer,DNN,UCB,11100020,9,1,130,3,1787362.2572815537
kmer,DNN,UCB,11100020,9,2,140,3,1787362.2572815537
kmer,DNN,guided,11100020,9,0,120,3,1787362.2572815537
kmer,DNN,guided,11100020,9,1,130,5,1787362.2572815537
kmer,DNN,guided,11100020,9,2,140,6,1787362.2572815537
physico,XGB,random,11100010,0,0,120,6,1646742.3208191127
physico,XGB,random,11100010,0,1,130,7,1646742.3208191127
physico,XGB,random,11100010,0,2,140,7,1646742.3208191127
physico,XGB,AL,11100010,0,0,120,6,1646742.3208191127
physico,XGB,AL,11100010,0,1,130,6,1646742.3208191127
physico,XGB,AL,11100010,0,2,140,6,1646742.3208191127
physico,XGB,greedy,11100010,0,0,120,6,1646742.3208191127
physico,XGB,greedy,11100010,0,1,130,7,1741740.740740741
physico,XGB,greedy,11100010,0,2,140,9,1741740.740740741
physico,XGB,EI,11100010,0,0,120,6,1646742.3208191127
physico,XGB,EI,11100010,0,1,130,6,1646742.3208191127
physico,XGB,EI,11100010,0,2,140,6,1646742.3208191127
physico,XGB,UCB,11100010,0,0,120,6,1646742.3208191127
physico,XGB,UCB,11100010,0,1,130,7,1741740.740740741
physico,XGB,UCB,11100010,0,2,140,9,1741740.740740741
physico,XGB,guided,11100010,0,0,120,6,1646742.3208191127
physico,XGB,guided,11100010,0,1,130,7,1741740.740740741
physico,XGB,guided,11100010,0,2,140,9,1741740.740740741
physico,XGB,random,11100010,1,0,120,5,1716200.0000000002
physico,XGB,random,11100010,1,1,130,5,1716200.0000000002
physico,XGB,random,11100010,1,2,140,5,1716200.0000000002
physico,XGB,AL,11100010,1,0,120,5,1716200.0000000002
physico,XGB,AL,11100010,1,1,130,5,1716200.0000000002
physico,XGB,AL,11100010,1,2,140,6,1716200.0000000002
physico,XGB,greedy,11100010,1,0,120,5,1716200.0000000002
physico,XGB,greedy,11100010,1,1,130,6,1716200.0000000002
physico,XGB,greedy,11100010,1,2,140,7,1716200.0000000002
physico,XGB,EI,11100010,1,0,120,5,1716200.0000000002
physico,XGB,EI,11100010,1,1,130,5,1716200.0000000002
physico,XGB,EI,11100010,1,2,140,6,1716200.0000000002
physico,XGB,UCB,11100010,1,0,120,5,1716200.0000000002
physico,XGB,UCB,11100010,1,1,130,7,1716200.0000000002
physico,XGB,UCB,11100010,1,2,140,9,1741740.740740741
physico,XGB,guided,11100010,1,0,120,5,1716200.0000000002
physico,XGB,guided,11100010,1,1,130,7,1741740.740740741
physico,XGB,guided,11100010,1,2,140,8,1741740.740740741
physico,XGB,random,11100010,2,0,120,4,1741740.740740741
physico,XGB,random,11100010,2,1,130,4,1741740.740740741
physico,XGB,random,11100010,2,2,140,5,1741740.740740741
physico,XGB,AL,11100010,2,0,120,4,1741740.740740741
physico,XGB,AL,11100010,2,1,130,5,1741740.740740741
physico,XGB,AL,11100010,2,2,140,5,1741740.740740741
physico,XGB,greedy,11100010,2,0,120,4,1741740.740740741
physico,XGB,greedy,11100010,2,1,130,6,1741740.740740741
physico,XGB,greedy,11100010,2,2,140,8,1741740.740740741
physico,XGB,EI,11100010,2,0,120,4,1741740.740740741
physico,XGB,EI,11100010,2,1,130,5,1741740.740740741
physico,XGB,EI,11100010,2,2,140,5,1741740.740740741
physico,XGB,UCB,11100010,2,0,120,4,1741740.740740741
physico,XGB,UCB,11100010,2,1,130,7,1741740.740740741
physico,XGB,UCB,11100010,2,2,140,8,1741740.740740741
physico,XGB,guided,11100010,2,0,120,4,1741740.740740741
physico,XGB,guided,11100010,2,1,130,7,1781776.380153739
physico,XGB,guided,11100010,2,2,140,10,1781776.380153739
physico,XGB,random,11100010,3,0,120,7,1781776.380153739
physico,XGB,random,11100010,3,1,130,7,1781776.380153739
physico,XGB,random,11100010,3,2,140,7,1781776.380153739
physico,XGB,AL,11100010,3,0,120,7,1781776.380153739
physico,XGB,AL,11100010,3,1,130,7,1781776.380153739
physico,XGB,AL,11100010,3,2,140,9,1781776.380153739
physico,XGB,greedy,11100010,3,0,120,7,1781776.380153739
physico,XGB,greedy,11100010,3,1,130,7,1781776.380153739
physico,XGB,greedy,11100010,3,2,140,8,1781776.380153739
physico,XGB,EI,11100010,3,0,120,7,1781776.380153739
physico,XGB,EI,11100010,3,1,130,7,1781776.380153739
physico,XGB,EI,11100010,3,2,140,8,1781776.380153739
physico,XGB,UCB,11100010,3,0,120,7,1781776.380153739
physico,XGB,UCB,11100010,3,1,130,7,1781776.380153739
physico,XGB,UCB,11100010,3,2,140,8,1781776.380153739
physico,XGB,guided,11100010,3,0,120,7,1781776.380153739
physico,XGB,guided,11100010,3,1,130,8,1781776.380153739
physico,XGB,guided,11100010,3,2,140,8,1781776.380153739
physico,XGB,random,11100010,4,0,120,8,1787362.2572815537
physico,XGB,random,11100010,4,1,130,8,1787362.2572815537
physico,XGB,random,11100010,4,2,140,9,1787362.2572815537
physico,XGB,AL,11100010,4,0,120,8,1787362.2572815537
physico,XGB,AL,11100010,4,1,130,8,1787362.2572815537
physico,XGB,AL,11100010,4,2,140,9,1787362.2572815537
physico,XGB,greedy,11100010,4,0,120,8,1787362.2572815537
physico,XGB,greedy,11100010,4,1,130,9,1787362.2572815537
physico,XGB,greedy,11100010,4,2,140,9,1787362.2572815537
physico,XGB,EI,11100010,4,0,120,8,1787362.2572815537
physico,XGB,EI,11100010,4,1,130,8,1787362.2572815537
physico,XGB,EI,11100010,4,2,140,11,1787362.2572815537
physico,XGB,UCB,11100010,4,0,120,8,1787362.2572815537
physico,XGB,UCB,11100010,4,1,130,9,1787362.2572815537
physico,XGB,UCB,11100010,4,2,140,9,1787362.2572815537
physico,XGB,guided,11100010,4,0,120,8,1787362.2572815537
physico,XGB,guided,11100010,4,1,130,10,1787362.2572815537
physico,XGB,guided,11100010,4,2,140,11,1787362.2572815537
physico,XGB,random,11100010,5,0,120,7,1781776.380153739
physico,XGB,random,11100010,5,1,130,8,1781776.380153739
physico,XGB,random,11100010,5,2,140,8,1781776.380153739
physico,XGB,AL,11100010,5,0,120,7,1781776.380153739
physico,XGB,AL,11100010,5,1,130,7,1781776.380153739
physico,XGB,AL,11100010,5,2,140,7,1781776.380153739
physico,XGB,greedy,11100010,5,0,120,7,1781776.380153739
physico,XGB,greedy,11100010,5,1,130,7,1781776.380153739
physico,XGB,greedy,11100010,5,2,140,7,1781776.380153739
physico,XGB,EI,11100010,5,0,120,7,1781776.380153739
physico,XGB,EI,11100010,5,1,130,7,1781776.380153739
physico,XGB,EI,11100010,5,2,140,7,1781776.380153739
physico,XGB,UCB,11100010,5,0,120,7,1781776.380153739
physico,XGB,UCB,11100010,5,1,130,7,1781776.380153739
physico,XGB,UCB,11100010,5,2,140,7,1781776.380153739
physico,XGB,guided,11100010,5,0,120,7,1781776.380153739
physico,XGB,guided,11100010,5,1,130,8,1781776.380153739
physico,XGB,guided,11100010,5,2,140,8,1781776.380153739
physico,XGB,random,11100010,6,0,120,6,1781776.380153739
physico,XGB,random,11100010,6,1,130,6,1781776.380153739
physico,XGB,random,11100010,6,2,140,6,1781776.380153739
physico,XGB,AL,11100010,6,0,120,6,1781776.380153739
physico,XGB,AL,11100010,6,1,130,7,1781776.380153739
physico,XGB,AL,11100010,6,2,140,8,1781776.380153739
physico,XGB,greedy,11100010,6,0,120,6,1781776.380153739
physico,XGB,greedy,11100010,6,1,130,6,1781776.380153739
physico,XGB,greedy,11100010,6,2,140,7,1781776.380153739
physico,XGB,EI,11100010,6,0,120,6,1781776.380153739
physico,XGB,EI,11100010,6,1,130,6,1781776.380153739
physico,XGB,EI,11100010,6,2,140,6,1781776.380153739
physico,XGB,UCB,11100010,6,0,120,6,1781776.380153739
physico,XGB,UCB,11100010,6,1,130,6,1781776.380153739
physico,XGB,UCB,11100010,6,2,140,6,1781776.380153739
physico,XGB,guided,11100010,6,0,120,6,1781776.380153739
physico,XGB,guided,11100010,6,1,130,6,1781776.380153739
physico,XGB,guided,11100010,6,2,140,6,1781776.380153739
physico,XGB,random,11100010,7,0,120,8,1781776.380153739
physico,XGB,random,11100010,7,1,130,8,1781776.380153739
physico,XGB,random,11100010,7,2,140,8,1781776.380153739
physico,XGB,AL,11100010,7,0,120,8,1781776.380153739
physico,XGB,AL,11100010,7,1,130,8,1781776.380153739
physico,XGB,AL,11100010,7,2,140,9,1781776.380153739
physico,XGB,greedy,11100010,7,0,120,8,1781776.380153739
physico,XGB,greedy,11100010,7,1,130,8,1781776.380153739
physico,XGB,greedy,11100010,7,2,140,9,1781776.380153739
physico,XGB,EI,11100010,7,0,120,8,1781776.380153739
physico,XGB,EI,11100010,7,1,130,8,1781776.380153739
physico,XGB,EI,11100010,7,2,140,9,1781776.380153739
physico,XGB,UCB,11100010,7,0,120,8,1781776.380153739
physico,XGB,UCB,11100010,7,1,130,8,1781776.380153739
physico,XGB,UCB,11100010,7,2,140,8,1781776.380153739
physico,XGB,guided,11100010,7,0,120,8,1781776.380153739
physico,XGB,guided,11100010,7,1,130,9,1781776.380153739
physico,XGB,guided,11100010,7,2,140,11,1781776.380153739
physico,XGB,random,11100010,8,0,120,9,1787362.2572815537
physico,XGB,random,11100010,8,1,130,9,1787362.2572815537
physico,XGB,random,11100010,8,2,140,9,1787362.2572815537
physico,XGB,AL,11100010,8,0,120,9,1787362.2572815537
physico,XGB,AL,11100010,8,1,130,9,1787362.2572815537
physico,XGB,AL,11100010,8,2,140,10,1787362.2572815537
physico,XGB,greedy,11100010,8,0,120,9,1787362.2572815537
physico,XGB,greedy,11100010,8,1,130,9,1787362.2572815537
physico,XGB,greedy,11100010,8,2,140,10,1787362.2572815537
physico,XGB,EI,11100010,8,0,120,9,1787362.2572815537
physico,XGB,EI,11100010,8,1,130,9,1787362.2572815537
physico,XGB,EI,11100010,8,2,140,9,1787362.2572815537
physico,XGB,UCB,11100010,8,0,120,9,1787362.2572815537
physico,XGB,UCB,11100010,8,1,130,9,1787362.2572815537
physico,XGB,UCB,11100010,8,2,140,10,1787362.2572815537
physico,XGB,guided,11100010,8,0,120,9,1787362.2572815537
physico,XGB,guided,11100010,8,1,130,9,1787362.2572815537
physico,XGB,guided,11100010,8,2,140,10,1787362.2572815537
physico,XGB,random,11100010,9,0,120,9,1741740.740740741
physico,XGB,random,11100010,9,1,130,9,1741740.740740741
physico,XGB,random,11100010,9,2,140,9,1741740.740740741
physico,XGB,AL,11100010,9,0,120,9,1741740.740740741
physico,XGB,AL,11100010,9,1,130,10,1741740.740740741
physico,XGB,AL,11100010,9,2,140,11,1781776.380153739
physico,XGB,greedy,11100010,9,0,120,9,1741740.740740741
physico,XGB,greedy,11100010,9,1,130,11,1741740.740740741
physico,XGB,greedy,11100010,9,2,140,11,1741740.740740741
physico,XGB,EI,11100010,9,0,120,9,1741740.740740741
physico,XGB,EI,11100010,9,1,130,9,1741740.740740741
physico,XGB,EI,11100010,9,2,140,11,1741740.740740741
physico,XGB,UCB,11100010,9,0,120,9,1741740.740740741
physico,XGB,UCB,11100010,9,1,130,9,1741740.740740741
physico,XGB,UCB,11100010,9,2,140,10,1741740.740740741
physico,XGB,guided,11100010,9,0,120,9,1741740.740740741
physico,XGB,guided,11100010,9,1,130,11,1741740.740740741
physico,XGB,guided,11100010,9,2,140,13,1741740.740740741
physico,XGB,random,11100020,0,0,120,6,1787362.2572815537
physico,XGB,random,11100020,0,1,130,7,1787362.2572815537
physico,XGB,random,11100020,0,2,140,7,1787362.2572815537
physico,XGB,AL,11100020,0,0,120,6,1787362.2572815537
physico,XGB,AL,11100020,0,1,130,6,1787362.2572815537
physico,XGB,AL,11100020,0,2,140,6,1787362.2572815537
physico,XGB,greedy,11100020,0,0,120,6,1787362.2572815537
physico,XGB,greedy,11100020,0,1,130,6,1787362.2572815537
physico,XGB,greedy,11100020,0,2,140,8,1787362.2572815537
physico,XGB,EI,11100020,0,0,120,6,1787362.2572815537
physico,XGB,EI,11100020,0,1,130,6,1787362.2572815537
physico,XGB,EI,11100020,0,2,140,6,1787362.2572815537
physico,XGB,UCB,11100020,0,0,120,6,1787362.2572815537
physico,XGB,UCB,11100020,0,1,130,7,1787362.2572815537
physico,XGB,UCB,11100020,0,2,140,7,1787362.2572815537
physico,XGB,guided,11100020,0,0,120,6,1787362.2572815537
physico,XGB,guided,11100020,0,1,130,8,1787362.2572815537
physico,XGB,guided,11100020,0,2,140,9,1787362.2572815537
physico,XGB,random,11100020,1,0,120,5,1716200.0000000002
physico,XGB,random,11100020,1,1,130,5,1716200.0000000002
physico,XGB,random,11100020,1,2,140,5,1716200.0000000002
physico,XGB,AL,11100020,1,0,120,5,1716200.0000000002
physico,XGB,AL,11100020,1,1,130,5,1716200.0000000002
physico,XGB,AL,11100020,1,2,140,6,1781776.380153739
physico,XGB,greedy,11100020,1,0,120,5,1716200.0000000002
physico,XGB,greedy,11100020,1,1,130,7,1716200.0000000002
physico,XGB,greedy,11100020,1,2,140,8,1741740.740740741
physico,XGB,EI,11100020,1,0,120,5,1716200.0000000002
physico,XGB,EI,11100020,1,1,130,6,1716200.0000000002
physico,XGB,EI,11100020,1,2,140,7,1781776.380153739
physico,XGB,UCB,11100020,1,0,120,5,1716200.0000000002
physico,XGB,UCB,11100020,1,1,130,7,1716200.0000000002
physico,XGB,UCB,11100020,1,2,140,8,1741740.740740741
physico,XGB,guided,11100020,1,0,120,5,1716200.0000000002
physico,XGB,guided,11100020,1,1,130,7,1781776.380153739
physico,XGB,guided,11100020,1,2,140,8,1781776.380153739
physico,XGB,random,11100020,2,0,120,4,1781776.380153739
physico,XGB,random,11100020,2,1,130,4,1781776.380153739
physico,XGB,random,11100020,2,2,140,6,1781776.380153739
physico,XGB,AL,11100020,2,0,120,4,1781776.380153739
physico,XGB,AL,11100020,2,1,130,5,1781776.380153739
physico,XGB,AL,11100020,2,2,140,5,1781776.380153739
physico,XGB,greedy,11100020,2,0,120,4,1781776.380153739
physico,XGB,greedy,11100020,2,1,130,4,1781776.380153739
physico,XGB,greedy,11100020,2,2,140,4,1781776.380153739
physico,XGB,EI,11100020,2,0,120,4,1781776.380153739
physico,XGB,EI,11100020,2,1,130,4,1781776.380153739
physico,XGB,EI,11100020,2,2,140,5,1787362.2572815537
physico,XGB,UCB,11100020,2,0,120,4,1781776.380153739
physico,XGB,UCB,11100020,2,1,130,4,1781776.380153739
physico,XGB,UCB,11100020,2,2,140,4,1781776.380153739
physico,XGB,guided,11100020,2,0,120,4,1781776.380153739
physico,XGB,guided,11100020,2,1,130,4,1781776.380153739
physico,XGB,guided,11100020,2,2,140,4,1781776.380153739
physico,XGB,random,11100020,3,0,120,4,1741740.740740741
physico,XGB,random,11100020,3,1,130,4,1741740.740740741
physico,XGB,random,11100020,3,2,140,4,1741740.740740741
physico,XGB,AL,11100020,3,0,120,4,1741740.740740741
physico,XGB,AL,11100020,3,1,130,4,1741740.740740741
physico,XGB,AL,11100020,3,2,140,4,1741740.740740741
physico,XGB,greedy,11100020,3,0,120,4,1741740.740740741
physico,XGB,greedy,11100020,3,1,130,5,1741740.740740741
physico,XGB,greedy,11100020,3,2,140,6,1781776.380153739
physico,XGB,EI,11100020,3,0,120,4,1741740.740740741
physico,XGB,EI,11100020,3,1,130,4,1741740.740740741
physico,XGB,EI,11100020,3,2,140,4,1741740.740740741
physico,XGB,UCB,11100020,3,0,120,4,1741740.740740741
physico,XGB,UCB,11100020,3,1,130,5,1741740.740740741
physico,XGB,UCB,11100020,3,2,140,6,1781776.380153739
physico,XGB,guided,11100020,3,0,120,4,1741740.740740741
physico,XGB,guided,11100020,3,1,130,8,1781776.380153739
physico,XGB,guided,11100020,3,2,140,9,1781776.380153739
physico,XGB,random,11100020,4,0,120,6,1787362.2572815537
physico,XGB,random,11100020,4,1,130,6,1787362.2572815537
physico,XGB,random,11100020,4,2,140,7,1787362.2572815537
physico,XGB,AL,11100020,4,0,120,6,1787362.2572815537
physico,XGB,AL,11100020,4,1,130,6,1787362.2572815537
physico,XGB,AL,11100020,4,2,140,7,1787362.2572815537
physico,XGB,greedy,11100020,4,0,120,6,1787362.2572815537
physico,XGB,greedy,11100020,4,1,130,7,1787362.2572815537
physico,XGB,greedy,11100020,4,2,140,8,1787362.2572815537
physico,XGB,EI,11100020,4,0,120,6,1787362.2572815537
physico,XGB,EI,11100020,4,1,130,6,1787362.2572815537
physico,XGB,EI,11100020,4,2,140,6,1787362.2572815537
physico,XGB,UCB,11100020,4,0,120,6,1787362.2572815537
physico,XGB,UCB,11100020,4,1,130,7,1787362.2572815537
physico,XGB,UCB,11100020,4,2,140,7,1787362.2572815537
physico,XGB,guided,11100020,4,0,120,6,1787362.2572815537
physico,XGB,guided,11100020,4,1,130,8,1787362.2572815537
physico,XGB,guided,11100020,4,2,140,10,1787362.2572815537
physico,XGB,random,11100020,5,0,120,9,1716200.0000000002
physico,XGB,random,11100020,5,1,130,10,1716200.0000000002
physico,XGB,random,11100020,5,2,140,10,1716200.0000000002
physico,XGB,AL,11100020,5,0,120,9,1716200.0000000002
physico,XGB,AL,11100020,5,1,130,10,1716200.0000000002
physico,XGB,AL,11100020,5,2,140,10,1716200.0000000002
physico,XGB,greedy,11100020,5,0,120,9,1716200.0000000002
physico,XGB,greedy,11100020,5,1,130,11,1716200.0000000002
physico,XGB,greedy,11100020,5,2,140,12,1741740.740740741
physico,XGB,EI,11100020,5,0,120,9,1716200.0000000002
physico,XGB,EI,11100020,5,1,130,9,1716200.0000000002
physico,XGB,EI,11100020,5,2,140,9,1716200.0000000002
physico,XGB,UCB,11100020,5,0,120,9,1716200.0000000002
physico,XGB,UCB,11100020,5,1,130,9,1716200.0000000002
physico,XGB,UCB,11100020,5,2,140,9,1716200.0000000002
physico,XGB,guided,11100020,5,0,120,9,1716200.0000000002
physico,XGB,guided,11100020,5,1,130,10,1716200.0000000002
physico,XGB,guided,11100020,5,2,140,12,1741740.740740741
physico,XGB,random,11100020,6,0,120,5,1646742.3208191127
physico,XGB,random,11100020,6,1,130,5,1646742.3208191127
physico,XGB,random,11100020,6,2,140,5,1646742.3208191127
physico,XGB,AL,11100020,6,0,120,5,1646742.3208191127
physico,XGB,AL,11100020,6,1,130,6,1781776.380153739
physico,XGB,AL,11100020,6,2,140,6,1781776.380153739
physico,XGB,greedy,11100020,6,0,120,5,1646742.3208191127
physico,XGB,greedy,11100020,6,1,130,7,1646742.3208191127
physico,XGB,greedy,11100020,6,2,140,7,1646742.3208191127
physico,XGB,EI,11100020,6,0,120,5,1646742.3208191127
physico,XGB,EI,11100020,6,1,130,5,1646742.3208191127
physico,XGB,EI,11100020,6,2,140,5,1646742.3208191127
physico,XGB,UCB,11100020,6,0,120,5,1646742.3208191127
physico,XGB,UCB,11100020,6,1,130,7,1646742.3208191127
physico,XGB,UCB,11100020,6,2,140,7,1646742.3208191127
physico,XGB,guided,11100020,6,0,120,5,1646742.3208191127
physico,XGB,guided,11100020,6,1,130,9,1741740.740740741
physico,XGB,guided,11100020,6,2,140,9,1741740.740740741
physico,XGB,random,11100020,7,0,120,8,1787362.2572815537
physico,XGB,random,11100020,7,1,130,9,1787362.2572815537
physico,XGB,random,11100020,7,2,140,10,1787362.2572815537
physico,XGB,AL,11100020,7,0,120,8,1787362.2572815537
physico,XGB,AL,11100020,7,1,130,8,1787362.2572815537
physico,XGB,AL,11100020,7,2,140,8,1787362.2572815537
physico,XGB,greedy,11100020,7,0,120,8,1787362.2572815537
physico,XGB,greedy,11100020,7,1,130,9,1787362.2572815537
physico,XGB,greedy,11100020,7,2,140,9,1787362.2572815537
physico,XGB,EI,11100020,7,0,120,8,1787362.2572815537
physico,XGB,EI,11100020,7,1,130,8,1787362.2572815537
physico,XGB,EI,11100020,7,2,140,9,1787362.2572815537
physico,XGB,UCB,11100020,7,0,120,8,1787362.2572815537
physico,XGB,UCB,11100020,7,1,130,9,1787362.2572815537
physico,XGB,UCB,11100020,7,2,140,10,1787362.2572815537
physico,XGB,guided,11100020,7,0,120,8,1787362.2572815537
physico,XGB,guided,11100020,7,1,130,9,1787362.2572815537
physico,XGB,guided,11100020,7,2,140,10,1787362.2572815537
physico,XGB,random,11100020,8,0,120,5,1741740.740740741
physico,XGB,random,11100020,8,1,130,5,1741740.740740741
physico,XGB,random,11100020,8,2,140,7,1787362.2572815537
physico,XGB,AL,11100020,8,0,120,5,1741740.740740741
physico,XGB,AL,11100020,8,1,130,5,1741740.740740741
physico,XGB,AL,11100020,8,2,140,6,1741740.740740741
physico,XGB,greedy,11100020,8,0,120,5,1741740.740740741
physico,XGB,greedy,11100020,8,1,130,6,1781776.380153739
physico,XGB,greedy,11100020,8,2,140,6,1781776.380153739
physico,XGB,EI,11100020,8,0,120,5,1741740.740740741
physico,XGB,EI,11100020,8,1,130,5,1741740.740740741
physico,XGB,EI,11100020,8,2,140,5,1741740.740740741
physico,XGB,UCB,11100020,8,0,120,5,1741740.740740741
physico,XGB,UCB,11100020,8,1,130,6,1781776.380153739
physico,XGB,UCB,11100020,8,2,140,6,1781776.380153739
physico,XGB,guided,11100020,8,0,120,5,1741740.740740741
physico,XGB,guided,11100020,8,1,130,7,1781776.380153739
physico,XGB,guided,11100020,8,2,140,7,1781776.380153739
physico,XGB,random,11100020,9,0,120,3,1787362.2572815537
physico,XGB,random,11100020,9,1,130,5,1787362.2572815537
physico,XGB,random,11100020,9,2,140,5,1787362.2572815537
physico,XGB,AL,11100020,9,0,120,3,1787362.2572815537
physico,XGB,AL,11100020,9,1,130,4,1787362.2572815537
physico,XGB,AL,11100020,9,2,140,4,1787362.2572815537
physico,XGB,greedy,11100020,9,0,120,3,1787362.2572815537
physico,XGB,greedy,11100020,9,1,130,5,1787362.2572815537
physico,XGB,greedy,11100020,9,2,140,6,1787362.2572815537
physico,XGB,EI,11100020,9,0,120,3,1787362.2572815537
physico,XGB,EI,11100020,9,1,130,3,1787362.2572815537
physico,XGB,EI,11100020,9,2,140,3,1787362.2572815537
physico,XGB,UCB,11100020,9,0,120,3,1787362.2572815537
physico,XGB,UCB,11100020,9,1,130,4,1787362.2572815537
physico,XGB,UCB,11100020,9,2,140,6,1787362.2572815537
physico,XGB,guided,11100020,9,0,120,3,1787362.2572815537
physico,XGB,guided,11100020,9,1,130,6,1787362.2572815537
physico,XGB,guided,11100020,9,2,140,8,1787362.2572815537
physico,GPR,random,11100010,0,0,120,6,1646742.3208191127
physico,GPR,random,11100010,0,1,130,7,1646742.3208191127
physico,GPR,random,11100010,0,2,140,7,1646742.3208191127
physico,GPR,AL,11100010,0,0,120,6,1646742.3208191127
physico,GPR,AL,11100010,0,1,130,8,1781776.380153739
physico,GPR,AL,11100010,0,2,140,8,1781776.380153739
physico,GPR,greedy,11100010,0,0,120,6,1646742.3208191127
physico,GPR,greedy,11100010,0,1,130,8,1646742.3208191127
physico,GPR,greedy,11100010,0,2,140,8,1646742.3208191127
physico,GPR,EI,11100010,0,0,120,6,1646742.3208191127
physico,GPR,EI,11100010,0,1,130,7,1646742.3208191127
physico,GPR,EI,11100010,0,2,140,8,1646742.3208191127
physico,GPR,UCB,11100010,0,0,120,6,1646742.3208191127
physico,GPR,UCB,11100010,0,1,130,7,1646742.3208191127
physico,GPR,UCB,11100010,0,2,140,8,1646742.3208191127
physico,GPR,guided,11100010,0,0,120,6,1646742.3208191127
physico,GPR,guided,11100010,0,1,130,8,1741740.740740741
physico,GPR,guided,11100010,0,2,140,9,1741740.740740741
physico,GPR,random,11100010,1,0,120,5,1716200.0000000002
physico,GPR,random,11100010,1,1,130,5,1716200.0000000002
physico,GPR,random,11100010,1,2,140,5,1716200.0000000002
physico,GPR,AL,11100010,1,0,120,5,1716200.0000000002
physico,GPR,AL,11100010,1,1,130,7,1781776.380153739
physico,GPR,AL,11100010,1,2,140,7,1781776.380153739
physico,GPR,greedy,11100010,1,0,120,5,1716200.0000000002
physico,GPR,greedy,11100010,1,1,130,6,1716200.0000000002
physico,GPR,greedy,11100010,1,2,140,6,1716200.0000000002
physico,GPR,EI,11100010,1,0,120,5,1716200.0000000002
physico,GPR,EI,11100010,1,1,130,5,1716200.0000000002
physico,GPR,EI,11100010,1,2,140,7,1716200.0000000002
physico,GPR,UCB,11100010,1,0,120,5,1716200.0000000002
physico,GPR,UCB,11100010,1,1,130,5,1716200.0000000002
physico,GPR,UCB,11100010,1,2,140,7,1716200.0000000002
physico,GPR,guided,11100010,1,0,120,5,1716200.0000000002
physico,GPR,guided,11100010,1,1,130,6,1741740.740740741
physico,GPR,guided,11100010,1,2,140,7,1741740.740740741
physico,GPR,random,11100010,2,0,120,4,1741740.740740741
physico,GPR,random,11100010,2,1,130,4,1741740.740740741
physico,GPR,random,11100010,2,2,140,5,1741740.740740741
physico,GPR,AL,11100010,2,0,120,4,1741740.740740741
physico,GPR,AL,11100010,2,1,130,6,1781776.380153739
physico,GPR,AL,11100010,2,2,140,6,1781776.380153739
physico,GPR,greedy,11100010,2,0,120,4,1741740.740740741
physico,GPR,greedy,11100010,2,1,130,5,1741740.740740741
physico,GPR,greedy,11100010,2,2,140,7,1741740.740740741
physico,GPR,EI,11100010,2,0,120,4,1741740.740740741
physico,GPR,EI,11100010,2,1,130,5,1741740.740740741
physico,GPR,EI,11100010,2,2,140,8,1741740.740740741
physico,GPR,UCB,11100010,2,0,120,4,1741740.740740741
physico,GPR,UCB,11100010,2,1,130,5,1741740.740740741
physico,GPR,UCB,11100010,2,2,140,7,1741740.740740741
physico,GPR,guided,11100010,2,0,120,4,1741740.740740741
physico,GPR,guided,11100010,2,1,130,7,1781776.380153739
physico,GPR,guided,11100010,2,2,140,8,1781776.380153739
physico,GPR,random,11100010,3,0,120,7,1781776.380153739
physico,GPR,random,11100010,3,1,130,7,1781776.380153739
physico,GPR,random,11100010,3,2,140,7,1781776.380153739
physico,GPR,AL,11100010,3,0,120,7,1781776.380153739
physico,GPR,AL,11100010,3,1,130,7,1781776.380153739
physico,GPR,AL,11100010,3,2,140,7,1781776.380153739
physico,GPR,greedy,11100010,3,0,120,7,1781776.380153739
physico,GPR,greedy,11100010,3,1,130,7,1781776.380153739
physico,GPR,greedy,11100010,3,2,140,8,1781776.380153739
physico,GPR,EI,11100010,3,0,120,7,1781776.380153739
physico,GPR,EI,11100010,3,1,130,7,1781776.380153739
physico,GPR,EI,11100010,3,2,140,7,1781776.380153739
physico,GPR,UCB,11100010,3,0,120,7,1781776.380153739
physico,GPR,UCB,11100010,3,1,130,7,1781776.380153739
physico,GPR,UCB,11100010,3,2,140,8,1781776.380153739
physico,GPR,guided,11100010,3,0,120,7,1781776.380153739
physico,GPR,guided,11100010,3,1,130,8,1781776.380153739
physico,GPR,guided,11100010,3,2,140,8,1781776.380153739
physico,GPR,random,11100010,4,0,120,8,1787362.2572815537
physico,GPR,random,11100010,4,1,130,8,1787362.2572815537
physico,GPR,random,11100010,4,2,140,9,1787362.2572815537
physico,GPR,AL,11100010,4,0,120,8,1787362.2572815537
physico,GPR,AL,11100010,4,1,130,8,1787362.2572815537
physico,GPR,AL,11100010,4,2,140,8,1787362.2572815537
physico,GPR,greedy,11100010,4,0,120,8,1787362.2572815537
physico,GPR,greedy,11100010,4,1,130,8,1787362.2572815537
physico,GPR,greedy,11100010,4,2,140,9,1787362.2572815537
physico,GPR,EI,11100010,4,0,120,8,1787362.2572815537
physico,GPR,EI,11100010,4,1,130,8,1787362.2572815537
physico,GPR,EI,11100010,4,2,140,8,1787362.2572815537
physico,GPR,UCB,11100010,4,0,120,8,1787362.2572815537
physico,GPR,UCB,11100010,4,1,130,8,1787362.2572815537
physico,GPR,UCB,11100010,4,2,140,8,1787362.2572815537
physico,GPR,guided,11100010,4,0,120,8,1787362.2572815537
physico,GPR,guided,11100010,4,1,130,10,1787362.2572815537
physico,GPR,guided,11100010,4,2,140,10,1787362.2572815537
physico,GPR,random,11100010,5,0,120,7,1781776.380153739
physico,GPR,random,11100010,5,1,130,8,1781776.380153739
physico,GPR,random,11100010,5,2,140,8,1781776.380153739
physico,GPR,AL,11100010,5,0,120,7,1781776.380153739
physico,GPR,AL,11100010,5,1,130,8,1781776.380153739
physico,GPR,AL,11100010,5,2,140,9,1781776.380153739
physico,GPR,greedy,11100010,5,0,120,7,1781776.380153739
physico,GPR,greedy,11100010,5,1,130,7,1781776.380153739
physico,GPR,greedy,11100010,5,2,140,9,1781776.380153739
physico,GPR,EI,11100010,5,0,120,7,1781776.380153739
physico,GPR,EI,11100010,5,1,130,7,1781776.380153739
physico,GPR,EI,11100010,5,2,140,9,1781776.380153739
physico,GPR,UCB,11100010,5,0,120,7,1781776.380153739
physico,GPR,UCB,11100010,5,1,130,7,1781776.380153739
physico,GPR,UCB,11100010,5,2,140,9,1781776.380153739
physico,GPR,guided,11100010,5,0,120,7,1781776.380153739
physico,GPR,guided,11100010,5,1,130,8,1781776.380153739
physico,GPR,guided,11100010,5,2,140,8,1781776.380153739
physico,GPR,random,11100010,6,0,120,6,1781776.380153739
physico,GPR,random,11100010,6,1,130,6,1781776.380153739
physico,GPR,random,11100010,6,2,140,6,1781776.380153739
physico,GPR,AL,11100010,6,0,120,6,1781776.380153739
physico,GPR,AL,11100010,6,1,130,7,1781776.380153739
physico,GPR,AL,11100010,6,2,140,7,1781776.380153739
physico,GPR,greedy,11100010,6,0,120,6,1781776.380153739
physico,GPR,greedy,11100010,6,1,130,7,1781776.380153739
physico,GPR,greedy,11100010,6,2,140,8,1781776.380153739
physico,GPR,EI,11100010,6,0,120,6,1781776.380153739
physico,GPR,EI,11100010,6,1,130,7,1781776.380153739
physico,GPR,EI,11100010,6,2,140,7,1781776.380153739
physico,GPR,UCB,11100010,6,0,120,6,1781776.380153739
physico,GPR,UCB,11100010,6,1,130,7,1781776.380153739
physico,GPR,UCB,11100010,6,2,140,8,1781776.380153739
physico,GPR,guided,11100010,6,0,120,6,1781776.380153739
physico,GPR,guided,11100010,6,1,130,7,1781776.380153739
physico,GPR,guided,11100010,6,2,140,7,1781776.380153739
physico,GPR,random,11100010,7,0,120,8,1781776.380153739
physico,GPR,random,11100010,7,1,130,8,1781776.380153739
physico,GPR,random,11100010,7,2,140,8,1781776.380153739
physico,GPR,AL,11100010,7,0,120,8,1781776.380153739
physico,GPR,AL,11100010,7,1,130,9,1781776.380153739
physico,GPR,AL,11100010,7,2,140,9,1781776.380153739
physico,GPR,greedy,11100010,7,0,120,8,1781776.380153739
physico,GPR,greedy,11100010,7,1,130,8,1781776.380153739
physico,GPR,greedy,11100010,7,2,140,9,1781776.380153739
physico,GPR,EI,11100010,7,0,120,8,1781776.380153739
physico,GPR,EI,11100010,7,1,130,8,1781776.380153739
physico,GPR,EI,11100010,7,2,140,9,1781776.380153739
physico,GPR,UCB,11100010,7,0,120,8,1781776.380153739
physico,GPR,UCB,11100010,7,1,130,8,1781776.380153739
physico,GPR,UCB,11100010,7,2,140,9,1781776.380153739
physico,GPR,guided,11100010,7,0,120,8,1781776.380153739
physico,GPR,guided,11100010,7,1,130,9,1781776.380153739
physico,GPR,guided,11100010,7,2,140,9,1781776.380153739
physico,GPR,random,11100010,8,0,120,9,1787362.2572815537
physico,GPR,random,11100010,8,1,130,9,1787362.2572815537
physico,GPR,random,11100010,8,2,140,9,1787362.2572815537
physico,GPR,AL,11100010,8,0,120,9,1787362.2572815537
physico,GPR,AL,11100010,8,1,130,10,1787362.2572815537
physico,GPR,AL,11100010,8,2,140,10,1787362.2572815537
physico,GPR,greedy,11100010,8,0,120,9,1787362.2572815537
physico,GPR,greedy,11100010,8,1,130,11,1787362.2572815537
physico,GPR,greedy,11100010,8,2,140,11,1787362.2572815537
physico,GPR,EI,11100010,8,0,120,9,1787362.2572815537
physico,GPR,EI,11100010,8,1,130,11,1787362.2572815537
physico,GPR,EI,11100010,8,2,140,11,1787362.2572815537
physico,GPR,UCB,11100010,8,0,120,9,1787362.2572815537
physico,GPR,UCB,11100010,8,1,130,11,1787362.2572815537
physico,GPR,UCB,11100010,8,2,140,11,1787362.2572815537
physico,GPR,guided,11100010,8,0,120,9,1787362.2572815537
physico,GPR,guided,11100010,8,1,130,10,1787362.2572815537
physico,GPR,guided,11100010,8,2,140,11,1787362.2572815537
physico,GPR,random,11100010,9,0,120,9,1741740.740740741
physico,GPR,random,11100010,9,1,130,9,1741740.740740741
physico,GPR,random,11100010,9,2,140,9,1741740.740740741
physico,GPR,AL,11100010,9,0,120,9,1741740.740740741
physico,GPR,AL,11100010,9,1,130,11,1781776.380153739
physico,GPR,AL,11100010,9,2,140,11,1781776.380153739
physico,GPR,greedy,11100010,9,0,120,9,1741740.740740741
physico,GPR,greedy,11100010,9,1,130,9,1741740.740740741
physico,GPR,greedy,11100010,9,2,140,9,1741740.740740741
physico,GPR,EI,11100010,9,0,120,9,1741740.740740741
physico,GPR,EI,11100010,9,1,130,9,1741740.740740741
physico,GPR,EI,11100010,9,2,140,9,1741740.740740741
physico,GPR,UCB,11100010,9,0,120,9,1741740.740740741
physico,GPR,UCB,11100010,9,1,130,9,1741740.740740741
physico,GPR,UCB,11100010,9,2,140,9,1741740.740740741
physico,GPR,guided,11100010,9,0,120,9,1741740.740740741
physico,GPR,guided,11100010,9,1,130,10,1741740.740740741
physico,GPR,guided,11100010,9,2,140,10,1741740.740740741
physico,GPR,random,11100020,0,0,120,6,1787362.2572815537
physico,GPR,random,11100020,0,1,130,7,1787362.2572815537
physico,GPR,random,11100020,0,2,140,7,1787362.2572815537
physico,GPR,AL,11100020,0,0,120,6,1787362.2572815537
physico,GPR,AL,11100020,0,1,130,8,1787362.2572815537
physico,GPR,AL,11100020,0,2,140,8,1787362.2572815537
physico,GPR,greedy,11100020,0,0,120,6,1787362.2572815537
physico,GPR,greedy,11100020,0,1,130,7,1787362.2572815537
physico,GPR,greedy,11100020,0,2,140,8,1787362.2572815537
physico,GPR,EI,11100020,0,0,120,6,1787362.2572815537
physico,GPR,EI,11100020,0,1,130,7,1787362.2572815537
physico,GPR,EI,11100020,0,2,140,7,1787362.2572815537
physico,GPR,UCB,11100020,0,0,120,6,1787362.2572815537
physico,GPR,UCB,11100020,0,1,130,7,1787362.2572815537
physico,GPR,UCB,11100020,0,2,140,8,1787362.2572815537
physico,GPR,guided,11100020,0,0,120,6,1787362.2572815537
physico,GPR,guided,11100020,0,1,130,8,1787362.2572815537
physico,GPR,guided,11100020,0,2,140,8,1787362.2572815537
physico,GPR,random,11100020,1,0,120,5,1716200.0000000002
physico,GPR,random,11100020,1,1,130,5,1716200.0000000002
physico,GPR,random,11100020,1,2,140,5,1716200.0000000002
physico,GPR,AL,11100020,1,0,120,5,1716200.0000000002
physico,GPR,AL,11100020,1,1,130,7,1781776.380153739
physico,GPR,AL,11100020,1,2,140,7,1781776.380153739
physico,GPR,greedy,11100020,1,0,120,5,1716200.0000000002
physico,GPR,greedy,11100020,1,1,130,6,1716200.0000000002
physico,GPR,greedy,11100020,1,2,140,7,1716200.0000000002
physico,GPR,EI,11100020,1,0,120,5,1716200.0000000002
physico,GPR,EI,11100020,1,1,130,6,1716200.0000000002
physico,GPR,EI,11100020,1,2,140,6,1716200.0000000002
physico,GPR,UCB,11100020,1,0,120,5,1716200.0000000002
physico,GPR,UCB,11100020,1,1,130,6,1716200.0000000002
physico,GPR,UCB,11100020,1,2,140,7,1716200.0000000002
physico,GPR,guided,11100020,1,0,120,5,1716200.0000000002
physico,GPR,guided,11100020,1,1,130,7,1781776.380153739
physico,GPR,guided,11100020,1,2,140,8,1781776.380153739
physico,GPR,random,11100020,2,0,120,4,1781776.380153739
physico,GPR,random,11100020,2,1,130,4,1781776.380153739
physico,GPR,random,11100020,2,2,140,6,1781776.380153739
physico,GPR,AL,11100020,2,0,120,4,1781776.380153739
physico,GPR,AL,11100020,2,1,130,4,1781776.380153739
physico,GPR,AL,11100020,2,2,140,4,1781776.380153739
physico,GPR,greedy,11100020,2,0,120,4,1781776.380153739
physico,GPR,greedy,11100020,2,1,130,4,1781776.380153739
physico,GPR,greedy,11100020,2,2,140,5,1781776.380153739
physico,GPR,EI,11100020,2,0,120,4,1781776.380153739
physico,GPR,EI,11100020,2,1,130,4,1781776.380153739
physico,GPR,EI,11100020,2,2,140,5,1781776.380153739
physico,GPR,UCB,11100020,2,0,120,4,1781776.380153739
physico,GPR,UCB,11100020,2,1,130,4,1781776.380153739
physico,GPR,UCB,11100020,2,2,140,5,1781776.380153739
physico,GPR,guided,11100020,2,0,120,4,1781776.380153739
physico,GPR,guided,11100020,2,1,130,4,1781776.380153739
physico,GPR,guided,11100020,2,2,140,5,1781776.380153739
physico,GPR,random,11100020,3,0,120,4,1741740.740740741
physico,GPR,random,11100020,3,1,130,4,1741740.740740741
physico,GPR,random,11100020,3,2,140,4,1741740.740740741
physico,GPR,AL,11100020,3,0,120,4,1741740.740740741
physico,GPR,AL,11100020,3,1,130,6,1781776.380153739
physico,GPR,AL,11100020,3,2,140,6,1781776.380153739
physico,GPR,greedy,11100020,3,0,120,4,1741740.740740741
physico,GPR,greedy,11100020,3,1,130,5,1781776.380153739
physico,GPR,greedy,11100020,3,2,140,5,1781776.380153739
physico,GPR,EI,11100020,3,0,120,4,1741740.740740741
physico,GPR,EI,11100020,3,1,130,5,1781776.380153739
physico,GPR,EI,11100020,3,2,140,5,1781776.380153739
physico,GPR,UCB,11100020,3,0,120,4,1741740.740740741
physico,GPR,UCB,11100020,3,1,130,5,1781776.380153739
physico,GPR,UCB,11100020,3,2,140,5,1781776.380153739
physico,GPR,guided,11100020,3,0,120,4,1741740.740740741
physico,GPR,guided,11100020,3,1,130,8,1781776.380153739
physico,GPR,guided,11100020,3,2,140,8,1781776.380153739
physico,GPR,random,11100020,4,0,120,6,1787362.2572815537
physico,GPR,random,11100020,4,1,130,6,1787362.2572815537
physico,GPR,random,11100020,4,2,140,7,1787362.2572815537
physico,GPR,AL,11100020,4,0,120,6,1787362.2572815537
physico,GPR,AL,11100020,4,1,130,8,1787362.2572815537
physico,GPR,AL,11100020,4,2,140,8,1787362.2572815537
physico,GPR,greedy,11100020,4,0,120,6,1787362.2572815537
physico,GPR,greedy,11100020,4,1,130,8,1787362.2572815537
physico,GPR,greedy,11100020,4,2,140,8,1787362.2572815537
physico,GPR,EI,11100020,4,0,120,6,1787362.2572815537
physico,GPR,EI,11100020,4,1,130,8,1787362.2572815537
physico,GPR,EI,11100020,4,2,140,9,1787362.2572815537
physico,GPR,UCB,11100020,4,0,120,6,1787362.2572815537
physico,GPR,UCB,11100020,4,1,130,8,1787362.2572815537
physico,GPR,UCB,11100020,4,2,140,9,1787362.2572815537
physico,GPR,guided,11100020,4,0,120,6,1787362.2572815537
physico,GPR,guided,11100020,4,1,130,8,1787362.2572815537
physico,GPR,guided,11100020,4,2,140,10,1787362.2572815537
physico,GPR,random,11100020,5,0,120,9,1716200.0000000002
physico,GPR,random,11100020,5,1,130,10,1716200.0000000002
physico,GPR,random,11100020,5,2,140,10,1716200.0000000002
physico,GPR,AL,11100020,5,0,120,9,1716200.0000000002
physico,GPR,AL,11100020,5,1,130,10,1781776.380153739
physico,GPR,AL,11100020,5,2,140,10,1781776.380153739
physico,GPR,greedy,11100020,5,0,120,9,1716200.0000000002
physico,GPR,greedy,11100020,5,1,130,9,1716200.0000000002
physico,GPR,greedy,11100020,5,2,140,9,1716200.0000000002
physico,GPR,EI,11100020,5,0,120,9,1716200.0000000002
physico,GPR,EI,11100020,5,1,130,9,1716200.0000000002
physico,GPR,EI,11100020,5,2,140,9,1716200.0000000002
physico,GPR,UCB,11100020,5,0,120,9,1716200.0000000002
physico,GPR,UCB,11100020,5,1,130,9,1716200.0000000002
physico,GPR,UCB,11100020,5,2,140,9,1716200.0000000002
physico,GPR,guided,11100020,5,0,120,9,1716200.0000000002
physico,GPR,guided,11100020,5,1,130,9,1716200.0000000002
physico,GPR,guided,11100020,5,2,140,9,1716200.0000000002
physico,GPR,random,11100020,6,0,120,5,1646742.3208191127
physico,GPR,random,11100020,6,1,130,5,1646742.3208191127
physico,GPR,random,11100020,6,2,140,5,1646742.3208191127
physico,GPR,AL,11100020,6,0,120,5,1646742.3208191127
physico,GPR,AL,11100020,6,1,130,7,1781776.380153739
physico,GPR,AL,11100020,6,2,140,7,1781776.380153739
physico,GPR,greedy,11100020,6,0,120,5,1646742.3208191127
physico,GPR,greedy,11100020,6,1,130,6,1646742.3208191127
physico,GPR,greedy,11100020,6,2,140,7,1646742.3208191127
physico,GPR,EI,11100020,6,0,120,5,1646742.3208191127
physico,GPR,EI,11100020,6,1,130,6,1646742.3208191127
physico,GPR,EI,11100020,6,2,140,7,1646742.3208191127
physico,GPR,UCB,11100020,6,0,120,5,1646742.3208191127
physico,GPR,UCB,11100020,6,1,130,6,1646742.3208191127
physico,GPR,UCB,11100020,6,2,140,7,1646742.3208191127
physico,GPR,guided,11100020,6,0,120,5,1646742.3208191127
physico,GPR,guided,11100020,6,1,130,7,1741740.740740741
physico,GPR,guided,11100020,6,2,140,9,1741740.740740741
physico,GPR,random,11100020,7,0,120,8,1787362.2572815537
physico,GPR,random,11100020,7,1,130,9,1787362.2572815537
physico,GPR,random,11100020,7,2,140,10,1787362.2572815537
physico,GPR,AL,11100020,7,0,120,8,1787362.2572815537
physico,GPR,AL,11100020,7,1,130,9,1787362.2572815537
physico,GPR,AL,11100020,7,2,140,9,1787362.2572815537
physico,GPR,greedy,11100020,7,0,120,8,1787362.2572815537
physico,GPR,greedy,11100020,7,1,130,8,1787362.2572815537
physico,GPR,greedy,11100020,7,2,140,8,1787362.2572815537
physico,GPR,EI,11100020,7,0,120,8,1787362.2572815537
physico,GPR,EI,11100020,7,1,130,8,1787362.2572815537
physico,GPR,EI,11100020,7,2,140,8,1787362.2572815537
physico,GPR,UCB,11100020,7,0,120,8,1787362.2572815537
physico,GPR,UCB,11100020,7,1,130,8,1787362.2572815537
physico,GPR,UCB,11100020,7,2,140,8,1787362.2572815537
physico,GPR,guided,11100020,7,0,120,8,1787362.2572815537
physico,GPR,guided,11100020,7,1,130,9,1787362.2572815537
physico,GPR,guided,11100020,7,2,140,9,1787362.2572815537
physico,GPR,random,11100020,8,0,120,5,1741740.740740741
physico,GPR,random,11100020,8,1,130,5,1741740.740740741
physico,GPR,random,11100020,8,2,140,7,1787362.2572815537
physico,GPR,AL,11100020,8,0,120,5,1741740.740740741
physico,GPR,AL,11100020,8,1,130,6,1781776.380153739
physico,GPR,AL,11100020,8,2,140,6,1781776.380153739
physico,GPR,greedy,11100020,8,0,120,5,1741740.740740741
physico,GPR,greedy,11100020,8,1,130,6,1781776.380153739
physico,GPR,greedy,11100020,8,2,140,7,1781776.380153739
physico,GPR,EI,11100020,8,0,120,5,1741740.740740741
physico,GPR,EI,11100020,8,1,130,6,1781776.380153739
physico,GPR,EI,11100020,8,2,140,7,1781776.380153739
physico,GPR,UCB,11100020,8,0,120,5,1741740.740740741
physico,GPR,UCB,11100020,8,1,130,6,1781776.380153739
physico,GPR,UCB,11100020,8,2,140,7,1781776.380153739
physico,GPR,guided,11100020,8,0,120,5,1741740.740740741
physico,GPR,guided,11100020,8,1,130,7,1781776.380153739
physico,GPR,guided,11100020,8,2,140,7,1781776.380153739
physico,GPR,random,11100020,9,0,120,3,1787362.2572815537
physico,GPR,random,11100020,9,1,130,5,1787362.2572815537
physico,GPR,random,11100020,9,2,140,5,1787362.2572815537
physico,GPR,AL,11100020,9,0,120,3,1787362.2572815537
physico,GPR,AL,11100020,9,1,130,5,1787362.2572815537
physico,GPR,AL,11100020,9,2,140,5,1787362.2572815537
physico,GPR,greedy,11100020,9,0,120,3,1787362.2572815537
physico,GPR,greedy,11100020,9,1,130,4,1787362.2572815537
physico,GPR,greedy,11100020,9,2,140,5,1787362.2572815537
physico,GPR,EI,11100020,9,0,120,3,1787362.2572815537
physico,GPR,EI,11100020,9,1,130,3,1787362.2572815537
physico,GPR,EI,11100020,9,2,140,4,1787362.2572815537
physico,GPR,UCB,11100020,9,0,120,3,1787362.2572815537
physico,GPR,UCB,11100020,9,1,130,3,1787362.2572815537
physico,GPR,UCB,11100020,9,2,140,4,1787362.2572815537
physico,GPR,guided,11100020,9,0,120,3,1787362.2572815537
physico,GPR,guided,11100020,9,1,130,5,1787362.2572815537
physico,GPR,guided,11100020,9,2,140,6,1787362.2572815537
physico,DNN,random,11100010,0,0,120,6,1646742.3208191127
physico,DNN,random,11100010,0,1,130,7,1646742.3208191127
physico,DNN,random,11100010,0,2,140,7,1646742.3208191127
physico,DNN,AL,11100010,0,0,120,6,1646742.3208191127
physico,DNN,AL,11100010,0,1,130,7,1646742.3208191127
physico,DNN,AL,11100010,0,2,140,8,1781776.380153739
physico,DNN,greedy,11100010,0,0,120,6,1646742.3208191127
physico,DNN,greedy,11100010,0,1,130,7,1646742.3208191127
physico,DNN,greedy,11100010,0,2,140,9,1781776.380153739
physico,DNN,EI,11100010,0,0,120,6,1646742.3208191127
physico,DNN,EI,11100010,0,1,130,7,1646742.3208191127
physico,DNN,EI,11100010,0,2,140,8,1646742.3208191127
physico,DNN,UCB,11100010,0,0,120,6,1646742.3208191127
physico,DNN,UCB,11100010,0,1,130,7,1646742.3208191127
physico,DNN,UCB,11100010,0,2,140,9,1646742.3208191127
physico,DNN,guided,11100010,0,0,120,6,1646742.3208191127
physico,DNN,guided,11100010,0,1,130,7,1741740.740740741
physico,DNN,guided,11100010,0,2,140,9,1781776.380153739
physico,DNN,random,11100010,1,0,120,5,1716200.0000000002
physico,DNN,random,11100010,1,1,130,5,1716200.0000000002
physico,DNN,random,11100010,1,2,140,5,1716200.0000000002
physico,DNN,AL,11100010,1,0,120,5,1716200.0000000002
physico,DNN,AL,11100010,1,1,130,5,1716200.0000000002
physico,DNN,AL,11100010,1,2,140,6,1716200.0000000002
physico,DNN,greedy,11100010,1,0,120,5,1716200.0000000002
physico,DNN,greedy,11100010,1,1,130,7,1716200.0000000002
physico,DNN,greedy,11100010,1,2,140,8,1716200.0000000002
physico,DNN,EI,11100010,1,0,120,5,1716200.0000000002
physico,DNN,EI,11100010,1,1,130,5,1716200.0000000002
physico,DNN,EI,11100010,1,2,140,6,1716200.0000000002
physico,DNN,UCB,11100010,1,0,120,5,1716200.0000000002
physico,DNN,UCB,11100010,1,1,130,6,1716200.0000000002
physico,DNN,UCB,11100010,1,2,140,7,1716200.0000000002
physico,DNN,guided,11100010,1,0,120,5,1716200.0000000002
physico,DNN,guided,11100010,1,1,130,7,1741740.740740741
physico,DNN,guided,11100010,1,2,140,7,1741740.740740741
physico,DNN,random,11100010,2,0,120,4,1741740.740740741
physico,DNN,random,11100010,2,1,130,4,1741740.740740741
physico,DNN,random,11100010,2,2,140,5,1741740.740740741
physico,DNN,AL,11100010,2,0,120,4,1741740.740740741
physico,DNN,AL,11100010,2,1,130,6,1741740.740740741
physico,DNN,AL,11100010,2,2,140,6,1741740.740740741
physico,DNN,greedy,11100010,2,0,120,4,1741740.740740741
physico,DNN,greedy,11100010,2,1,130,5,1741740.740740741
physico,DNN,greedy,11100010,2,2,140,6,1741740.740740741
physico,DNN,EI,11100010,2,0,120,4,1741740.740740741
physico,DNN,EI,11100010,2,1,130,6,1781776.380153739
physico,DNN,EI,11100010,2,2,140,7,1781776.380153739
physico,DNN,UCB,11100010,2,0,120,4,1741740.740740741
physico,DNN,UCB,11100010,2,1,130,5,1741740.740740741
physico,DNN,UCB,11100010,2,2,140,8,1781776.380153739
physico,DNN,guided,11100010,2,0,120,4,1741740.740740741
physico,DNN,guided,11100010,2,1,130,7,1781776.380153739
physico,DNN,guided,11100010,2,2,140,8,1781776.380153739
physico,DNN,random,11100010,3,0,120,7,1781776.380153739
physico,DNN,random,11100010,3,1,130,7,1781776.380153739
physico,DNN,random,11100010,3,2,140,7,1781776.380153739
physico,DNN,AL,11100010,3,0,120,7,1781776.380153739
physico,DNN,AL,11100010,3,1,130,7,1781776.380153739
physico,DNN,AL,11100010,3,2,140,8,1781776.380153739
physico,DNN,greedy,11100010,3,0,120,7,1781776.380153739
physico,DNN,greedy,11100010,3,1,130,8,1781776.380153739
physico,DNN,greedy,11100010,3,2,140,8,1781776.380153739
physico,DNN,EI,11100010,3,0,120,7,1781776.380153739
physico,DNN,EI,11100010,3,1,130,8,1781776.380153739
physico,DNN,EI,11100010,3,2,140,9,1781776.380153739
physico,DNN,UCB,11100010,3,0,120,7,1781776.380153739
physico,DNN,UCB,11100010,3,1,130,8,1781776.380153739
physico,DNN,UCB,11100010,3,2,140,8,1781776.380153739
physico,DNN,guided,11100010,3,0,120,7,1781776.380153739
physico,DNN,guided,11100010,3,1,130,8,1781776.380153739
physico,DNN,guided,11100010,3,2,140,8,1781776.380153739
physico,DNN,random,11100010,4,0,120,8,1787362.2572815537
physico,DNN,random,11100010,4,1,130,8,1787362.2572815537
physico,DNN,random,11100010,4,2,140,9,1787362.2572815537
physico,DNN,AL,11100010,4,0,120,8,1787362.2572815537
physico,DNN,AL,11100010,4,1,130,8,1787362.2572815537
physico,DNN,AL,11100010,4,2,140,8,1787362.2572815537
physico,DNN,greedy,11100010,4,0,120,8,1787362.2572815537
physico,DNN,greedy,11100010,4,1,130,9,1787362.2572815537
physico,DNN,greedy,11100010,4,2,140,9,1787362.2572815537
physico,DNN,EI,11100010,4,0,120,8,1787362.2572815537
physico,DNN,EI,11100010,4,1,130,8,1787362.2572815537
physico,DNN,EI,11100010,4,2,140,8,1787362.2572815537
physico,DNN,UCB,11100010,4,0,120,8,1787362.2572815537
physico,DNN,UCB,11100010,4,1,130,8,1787362.2572815537
physico,DNN,UCB,11100010,4,2,140,8,1787362.2572815537
physico,DNN,guided,11100010,4,0,120,8,1787362.2572815537
physico,DNN,guided,11100010,4,1,130,10,1787362.2572815537
physico,DNN,guided,11100010,4,2,140,10,1787362.2572815537
physico,DNN,random,11100010,5,0,120,7,1781776.380153739
physico,DNN,random,11100010,5,1,130,8,1781776.380153739
physico,DNN,random,11100010,5,2,140,8,1781776.380153739
physico,DNN,AL,11100010,5,0,120,7,1781776.380153739
physico,DNN,AL,11100010,5,1,130,8,1781776.380153739
physico,DNN,AL,11100010,5,2,140,8,1781776.380153739
physico,DNN,greedy,11100010,5,0,120,7,1781776.380153739
physico,DNN,greedy,11100010,5,1,130,9,1781776.380153739
physico,DNN,greedy,11100010,5,2,140,10,1781776.380153739
physico,DNN,EI,11100010,5,0,120,7,1781776.380153739
physico,DNN,EI,11100010,5,1,130,7,1781776.380153739
physico,DNN,EI,11100010,5,2,140,9,1781776.380153739
physico,DNN,UCB,11100010,5,0,120,7,1781776.380153739
physico,DNN,UCB,11100010,5,1,130,7,1781776.380153739
physico,DNN,UCB,11100010,5,2,140,10,1781776.380153739
physico,DNN,guided,11100010,5,0,120,7,1781776.380153739
physico,DNN,guided,11100010,5,1,130,8,1781776.380153739
physico,DNN,guided,11100010,5,2,140,9,1781776.380153739
physico,DNN,random,11100010,6,0,120,6,1781776.380153739
physico,DNN,random,11100010,6,1,130,6,1781776.380153739
physico,DNN,random,11100010,6,2,140,6,1781776.380153739
physico,DNN,AL,11100010,6,0,120,6,1781776.380153739
physico,DNN,AL,11100010,6,1,130,6,1781776.380153739
physico,DNN,AL,11100010,6,2,140,6,1781776.380153739
physico,DNN,greedy,11100010,6,0,120,6,1781776.380153739
physico,DNN,greedy,11100010,6,1,130,7,1781776.380153739
physico,DNN,greedy,11100010,6,2,140,8,1781776.380153739
physico,DNN,EI,11100010,6,0,120,6,1781776.380153739
physico,DNN,EI,11100010,6,1,130,7,1781776.380153739
physico,DNN,EI,11100010,6,2,140,7,1781776.380153739
physico,DNN,UCB,11100010,6,0,120,6,1781776.380153739
physico,DNN,UCB,11100010,6,1,130,7,1781776.380153739
physico,DNN,UCB,11100010,6,2,140,8,1781776.380153739
physico,DNN,guided,11100010,6,0,120,6,1781776.380153739
physico,DNN,guided,11100010,6,1,130,6,1781776.380153739
physico,DNN,guided,11100010,6,2,140,6,1781776.380153739
physico,DNN,random,11100010,7,0,120,8,1781776.380153739
physico,DNN,random,11100010,7,1,130,8,1781776.380153739
physico,DNN,random,11100010,7,2,140,8,1781776.380153739
physico,DNN,AL,11100010,7,0,120,8,1781776.380153739
physico,DNN,AL,11100010,7,1,130,8,1781776.380153739
physico,DNN,AL,11100010,7,2,140,10,1781776.380153739
physico,DNN,greedy,11100010,7,0,120,8,1781776.380153739
physico,DNN,greedy,11100010,7,1,130,8,1781776.380153739
physico,DNN,greedy,11100010,7,2,140,9,1781776.380153739
physico,DNN,EI,11100010,7,0,120,8,1781776.380153739
physico,DNN,EI,11100010,7,1,130,8,1781776.380153739
physico,DNN,EI,11100010,7,2,140,8,1781776.380153739
physico,DNN,UCB,11100010,7,0,120,8,1781776.380153739
physico,DNN,UCB,11100010,7,1,130,8,1781776.380153739
physico,DNN,UCB,11100010,7,2,140,9,1781776.380153739
physico,DNN,guided,11100010,7,0,120,8,1781776.380153739
physico,DNN,guided,11100010,7,1,130,9,1781776.380153739
physico,DNN,guided,11100010,7,2,140,10,1781776.380153739
physico,DNN,random,11100010,8,0,120,9,1787362.2572815537
physico,DNN,random,11100010,8,1,130,9,1787362.2572815537
physico,DNN,random,11100010,8,2,140,9,1787362.2572815537
physico,DNN,AL,11100010,8,0,120,9,1787362.2572815537
physico,DNN,AL,11100010,8,1,130,9,1787362.2572815537
physico,DNN,AL,11100010,8,2,140,10,1787362.2572815537
physico,DNN,greedy,11100010,8,0,120,9,1787362.2572815537
physico,DNN,greedy,11100010,8,1,130,9,1787362.2572815537
physico,DNN,greedy,11100010,8,2,140,11,1787362.2572815537
physico,DNN,EI,11100010,8,0,120,9,1787362.2572815537
physico,DNN,EI,11100010,8,1,130,9,1787362.2572815537
physico,DNN,EI,11100010,8,2,140,9,1787362.2572815537
physico,DNN,UCB,11100010,8,0,120,9,1787362.2572815537
physico,DNN,UCB,11100010,8,1,130,9,1787362.2572815537
physico,DNN,UCB,11100010,8,2,140,9,1787362.2572815537
physico,DNN,guided,11100010,8,0,120,9,1787362.2572815537
physico,DNN,guided,11100010,8,1,130,9,1787362.2572815537
physico,DNN,guided,11100010,8,2,140,11,1787362.2572815537
physico,DNN,random,11100010,9,0,120,9,1741740.740740741
physico,DNN,random,11100010,9,1,130,9,1741740.740740741
physico,DNN,random,11100010,9,2,140,9,1741740.740740741
physico,DNN,AL,11100010,9,0,120,9,1741740.740740741
physico,DNN,AL,11100010,9,1,130,9,1741740.740740741
physico,DNN,AL,11100010,9,2,140,10,1741740.740740741
physico,DNN,greedy,11100010,9,0,120,9,1741740.740740741
physico,DNN,greedy,11100010,9,1,130,9,1741740.740740741
physico,DNN,greedy,11100010,9,2,140,10,1741740.740740741
physico,DNN,EI,11100010,9,0,120,9,1741740.740740741
physico,DNN,EI,11100010,9,1,130,9,1741740.740740741
physico,DNN,EI,11100010,9,2,140,9,1741740.740740741
physico,DNN,UCB,11100010,9,0,120,9,1741740.740740741
physico,DNN,UCB,11100010,9,1,130,9,1741740.740740741
physico,DNN,UCB,11100010,9,2,140,9,1741740.740740741
physico,DNN,guided,11100010,9,0,120,9,1741740.740740741
physico,DNN,guided,11100010,9,1,130,10,1741740.740740741
physico,DNN,guided,11100010,9,2,140,10,1741740.740740741
physico,DNN,random,11100020,0,0,120,6,1787362.2572815537
physico,DNN,random,11100020,0,1,130,7,1787362.2572815537
physico,DNN,random,11100020,0,2,140,7,1787362.2572815537
physico,DNN,AL,11100020,0,0,120,6,1787362.2572815537
physico,DNN,AL,11100020,0,1,130,8,1787362.2572815537
physico,DNN,AL,11100020,0,2,140,9,1787362.2572815537
physico,DNN,greedy,11100020,0,0,120,6,1787362.2572815537
physico,DNN,greedy,11100020,0,1,130,7,1787362.2572815537
physico,DNN,greedy,11100020,0,2,140,7,1787362.2572815537
physico,DNN,EI,11100020,0,0,120,6,1787362.2572815537
physico,DNN,EI,11100020,0,1,130,8,1787362.2572815537
physico,DNN,EI,11100020,0,2,140,8,1787362.2572815537
physico,DNN,UCB,11100020,0,0,120,6,1787362.2572815537
physico,DNN,UCB,11100020,0,1,130,7,1787362.2572815537
physico,DNN,UCB,11100020,0,2,140,8,1787362.2572815537
physico,DNN,guided,11100020,0,0,120,6,1787362.2572815537
physico,DNN,guided,11100020,0,1,130,8,1787362.2572815537
physico,DNN,guided,11100020,0,2,140,8,1787362.2572815537
physico,DNN,random,11100020,1,0,120,5,1716200.0000000002
physico,DNN,random,11100020,1,1,130,5,1716200.0000000002
physico,DNN,random,11100020,1,2,140,5,1716200.0000000002
physico,DNN,AL,11100020,1,0,120,5,1716200.0000000002
physico,DNN,AL,11100020,1,1,130,7,1781776.380153739
physico,DNN,AL,11100020,1,2,140,7,1781776.380153739
physico,DNN,greedy,11100020,1,0,120,5,1716200.0000000002
physico,DNN,greedy,11100020,1,1,130,7,1781776.380153739
physico,DNN,greedy,11100020,1,2,140,8,1781776.380153739
physico,DNN,EI,11100020,1,0,120,5,1716200.0000000002
physico,DNN,EI,11100020,1,1,130,7,1781776.380153739
physico,DNN,EI,11100020,1,2,140,7,1781776.380153739
physico,DNN,UCB,11100020,1,0,120,5,1716200.0000000002
physico,DNN,UCB,11100020,1,1,130,7,1781776.380153739
physico,DNN,UCB,11100020,1,2,140,8,1781776.380153739
physico,DNN,guided,11100020,1,0,120,5,1716200.0000000002
physico,DNN,guided,11100020,1,1,130,7,1781776.380153739
physico,DNN,guided,11100020,1,2,140,8,1781776.380153739
physico,DNN,random,11100020,2,0,120,4,1781776.380153739
physico,DNN,random,11100020,2,1,130,4,1781776.380153739
physico,DNN,random,11100020,2,2,140,6,1781776.380153739
physico,DNN,AL,11100020,2,0,120,4,1781776.380153739
physico,DNN,AL,11100020,2,1,130,4,1781776.380153739
physico,DNN,AL,11100020,2,2,140,4,1781776.380153739
physico,DNN,greedy,11100020,2,0,120,4,1781776.380153739
physico,DNN,greedy,11100020,2,1,130,4,1781776.380153739
physico,DNN,greedy,11100020,2,2,140,4,1781776.380153739
physico,DNN,EI,11100020,2,0,120,4,1781776.380153739
physico,DNN,EI,11100020,2,1,130,4,1781776.380153739
physico,DNN,EI,11100020,2,2,140,4,1781776.380153739
physico,DNN,UCB,11100020,2,0,120,4,1781776.380153739
physico,DNN,UCB,11100020,2,1,130,4,1781776.380153739
physico,DNN,UCB,11100020,2,2,140,4,1781776.380153739
physico,DNN,guided,11100020,2,0,120,4,1781776.380153739
physico,DNN,guided,11100020,2,1,130,4,1781776.380153739
physico,DNN,guided,11100020,2,2,140,4,1781776.380153739
physico,DNN,random,11100020,3,0,120,4,1741740.740740741
physico,DNN,random,11100020,3,1,130,4,1741740.740740741
physico,DNN,random,11100020,3,2,140,4,1741740.740740741
physico,DNN,AL,11100020,3,0,120,4,1741740.740740741
physico,DNN,AL,11100020,3,1,130,4,1741740.740740741
physico,DNN,AL,11100020,3,2,140,4,1741740.740740741
physico,DNN,greedy,11100020,3,0,120,4,1741740.740740741
physico,DNN,greedy,11100020,3,1,130,5,1781776.380153739
physico,DNN,greedy,11100020,3,2,140,5,1781776.380153739
physico,DNN,EI,11100020,3,0,120,4,1741740.740740741
physico,DNN,EI,11100020,3,1,130,5,1781776.380153739
physico,DNN,EI,11100020,3,2,140,5,1781776.380153739
physico,DNN,UCB,11100020,3,0,120,4,1741740.740740741
physico,DNN,UCB,11100020,3,1,130,5,1781776.380153739
physico,DNN,UCB,11100020,3,2,140,5,1781776.380153739
physico,DNN,guided,11100020,3,0,120,4,1741740.740740741
physico,DNN,guided,11100020,3,1,130,8,1781776.380153739
physico,DNN,guided,11100020,3,2,140,8,1781776.380153739
physico,DNN,random,11100020,4,0,120,6,1787362.2572815537
physico,DNN,random,11100020,4,1,130,6,1787362.2572815537
physico,DNN,random,11100020,4,2,140,7,1787362.2572815537
physico,DNN,AL,11100020,4,0,120,6,1787362.2572815537
physico,DNN,AL,11100020,4,1,130,8,1787362.2572815537
physico,DNN,AL,11100020,4,2,140,8,1787362.2572815537
physico,DNN,greedy,11100020,4,0,120,6,1787362.2572815537
physico,DNN,greedy,11100020,4,1,130,6,1787362.2572815537
physico,DNN,greedy,11100020,4,2,140,9,1787362.2572815537
physico,DNN,EI,11100020,4,0,120,6,1787362.2572815537
physico,DNN,EI,11100020,4,1,130,8,1787362.2572815537
physico,DNN,EI,11100020,4,2,140,9,1787362.2572815537
physico,DNN,UCB,11100020,4,0,120,6,1787362.2572815537
physico,DNN,UCB,11100020,4,1,130,8,1787362.2572815537
physico,DNN,UCB,11100020,4,2,140,10,1787362.2572815537
physico,DNN,guided,11100020,4,0,120,6,1787362.2572815537
physico,DNN,guided,11100020,4,1,130,8,1787362.2572815537
physico,DNN,guided,11100020,4,2,140,11,1787362.2572815537
physico,DNN,random,11100020,5,0,120,9,1716200.0000000002
physico,DNN,random,11100020,5,1,130,10,1716200.0000000002
physico,DNN,random,11100020,5,2,140,10,1716200.0000000002
physico,DNN,AL,11100020,5,0,120,9,1716200.0000000002
physico,DNN,AL,11100020,5,1,130,10,1781776.380153739
physico,DNN,AL,11100020,5,2,140,10,1781776.380153739
physico,DNN,greedy,11100020,5,0,120,9,1716200.0000000002
physico,DNN,greedy,11100020,5,1,130,9,1716200.0000000002
physico,DNN,greedy,11100020,5,2,140,9,1716200.0000000002
physico,DNN,EI,11100020,5,0,120,9,1716200.0000000002
physico,DNN,EI,11100020,5,1,130,10,1781776.380153739
physico,DNN,EI,11100020,5,2,140,11,1781776.380153739
physico,DNN,UCB,11100020,5,0,120,9,1716200.0000000002
physico,DNN,UCB,11100020,5,1,130,9,1716200.0000000002
physico,DNN,UCB,11100020,5,2,140,9,1716200.0000000002
physico,DNN,guided,11100020,5,0,120,9,1716200.0000000002
physico,DNN,guided,11100020,5,1,130,9,1716200.0000000002
physico,DNN,guided,11100020,5,2,140,9,1716200.0000000002
physico,DNN,random,11100020,6,0,120,5,1646742.3208191127
physico,DNN,random,11100020,6,1,130,5,1646742.3208191127
physico,DNN,random,11100020,6,2,140,5,1646742.3208191127
physico,DNN,AL,11100020,6,0,120,5,1646742.3208191127
physico,DNN,AL,11100020,6,1,130,6,1646742.3208191127
physico,DNN,AL,11100020,6,2,140,7,1781776.380153739
physico,DNN,greedy,11100020,6,0,120,5,1646742.3208191127
physico,DNN,greedy,11100020,6,1,130,6,1646742.3208191127
physico,DNN,greedy,11100020,6,2,140,7,1646742.3208191127
physico,DNN,EI,11100020,6,0,120,5,1646742.3208191127
physico,DNN,EI,11100020,6,1,130,5,1646742.3208191127
physico,DNN,EI,11100020,6,2,140,8,1781776.380153739
physico,DNN,UCB,11100020,6,0,120,5,1646742.3208191127
physico,DNN,UCB,11100020,6,1,130,6,1646742.3208191127
physico,DNN,UCB,11100020,6,2,140,7,1646742.3208191127
physico,DNN,guided,11100020,6,0,120,5,1646742.3208191127
physico,DNN,guided,11100020,6,1,130,8,1741740.740740741
physico,DNN,guided,11100020,6,2,140,9,1741740.740740741
physico,DNN,random,11100020,7,0,120,8,1787362.2572815537
physico,DNN,random,11100020,7,1,130,9,1787362.2572815537
physico,DNN,random,11100020,7,2,140,10,1787362.2572815537
physico,DNN,AL,11100020,7,0,120,8,1787362.2572815537
physico,DNN,AL,11100020,7,1,130,8,1787362.2572815537
physico,DNN,AL,11100020,7,2,140,8,1787362.2572815537
physico,DNN,greedy,11100020,7,0,120,8,1787362.2572815537
physico,DNN,greedy,11100020,7,1,130,8,1787362.2572815537
physico,DNN,greedy,11100020,7,2,140,8,1787362.2572815537
physico,DNN,EI,11100020,7,0,120,8,1787362.2572815537
physico,DNN,EI,11100020,7,1,130,8,1787362.2572815537
physico,DNN,EI,11100020,7,2,140,8,1787362.2572815537
physico,DNN,UCB,11100020,7,0,120,8,1787362.2572815537
physico,DNN,UCB,11100020,7,1,130,8,1787362.2572815537
physico,DNN,UCB,11100020,7,2,140,8,1787362.2572815537
physico,DNN,guided,11100020,7,0,120,8,1787362.2572815537
physico,DNN,guided,11100020,7,1,130,9,1787362.2572815537
physico,DNN,guided,11100020,7,2,140,9,1787362.2572815537
physico,DNN,random,11100020,8,0,120,5,1741740.740740741
physico,DNN,random,11100020,8,1,130,5,1741740.740740741
physico,DNN,random,11100020,8,2,140,7,1787362.2572815537
physico,DNN,AL,11100020,8,0,120,5,1741740.740740741
physico,DNN,AL,11100020,8,1,130,6,1781776.380153739
physico,DNN,AL,11100020,8,2,140,6,1781776.380153739
physico,DNN,greedy,11100020,8,0,120,5,1741740.740740741
physico,DNN,greedy,11100020,8,1,130,5,1741740.740740741
physico,DNN,greedy,11100020,8,2,140,6,1781776.380153739
physico,DNN,EI,11100020,8,0,120,5,1741740.740740741
physico,DNN,EI,11100020,8,1,130,6,1781776.380153739
physico,DNN,EI,11100020,8,2,140,6,1781776.380153739
physico,DNN,UCB,11100020,8,0,120,5,1741740.740740741
physico,DNN,UCB,11100020,8,1,130,6,1781776.380153739
physico,DNN,UCB,11100020,8,2,140,7,1781776.380153739
physico,DNN,guided,11100020,8,0,120,5,1741740.740740741
physico,DNN,guided,11100020,8,1,130,6,1741740.740740741
physico,DNN,guided,11100020,8,2,140,7,1781776.380153739
physico,DNN,random,11100020,9,0,120,3,1787362.2572815537
physico,DNN,random,11100020,9,1,130,5,1787362.2572815537
physico,DNN,random,11100020,9,2,140,5,1787362.2572815537
physico,DNN,AL,11100020,9,0,120,3,1787362.2572815537
physico,DNN,AL,11100020,9,1,130,5,1787362.2572815537
physico,DNN,AL,11100020,9,2,140,6,1787362.2572815537
physico,DNN,greedy,11100020,9,0,120,3,1787362.2572815537
physico,DNN,greedy,11100020,9,1,130,5,1787362.2572815537
physico,DNN,greedy,11100020,9,2,140,6,1787362.2572815537
physico,DNN,EI,11100020,9,0,120,3,1787362.2572815537
physico,DNN,EI,11100020,9,1,130,5,1787362.2572815537
physico,DNN,EI,11100020,9,2,140,8,1787362.2572815537
physico,DNN,UCB,11100020,9,0,120,3,1787362.2572815537
physico,DNN,UCB,11100020,9,1,130,5,1787362.2572815537
physico,DNN,UCB,11100020,9,2,140,6,1787362.2572815537
physico,DNN,guided,11100020,9,0,120,3,1787362.2572815537
physico,DNN,guided,11100020,9,1,130,7,1787362.2572815537
physico,DNN,guided,11100020,9,2,140,8,1787362.2572815537
all,XGB,random,11100010,0,0,120,6,1646742.3208191127
all,XGB,random,11100010,0,1,130,7,1646742.3208191127
all,XGB,random,11100010,0,2,140,7,1646742.3208191127
all,XGB,AL,11100010,0,0,120,6,1646742.3208191127
all,XGB,AL,11100010,0,1,130,6,1646742.3208191127
all,XGB,AL,11100010,0,2,140,6,1646742.3208191127
all,XGB,greedy,11100010,0,0,120,6,1646742.3208191127
all,XGB,greedy,11100010,0,1,130,7,1646742.3208191127
all,XGB,greedy,11100010,0,2,140,8,1741740.740740741
all,XGB,EI,11100010,0,0,120,6,1646742.3208191127
all,XGB,EI,11100010,0,1,130,7,1741740.740740741
all,XGB,EI,11100010,0,2,140,7,1741740.740740741
all,XGB,UCB,11100010,0,0,120,6,1646742.3208191127
all,XGB,UCB,11100010,0,1,130,8,1741740.740740741
all,XGB,UCB,11100010,0,2,140,8,1741740.740740741
all,XGB,guided,11100010,0,0,120,6,1646742.3208191127
all,XGB,guided,11100010,0,1,130,7,1741740.740740741
all,XGB,guided,11100010,0,2,140,8,1741740.740740741
all,XGB,random,11100010,1,0,120,5,1716200.0000000002
all,XGB,random,11100010,1,1,130,5,1716200.0000000002
all,XGB,random,11100010,1,2,140,5,1716200.0000000002
all,XGB,AL,11100010,1,0,120,5,1716200.0000000002
all,XGB,AL,11100010,1,1,130,5,1716200.0000000002
all,XGB,AL,11100010,1,2,140,5,1716200.0000000002
all,XGB,greedy,11100010,1,0,120,5,1716200.0000000002
all,XGB,greedy,11100010,1,1,130,7,1741740.740740741
all,XGB,greedy,11100010,1,2,140,8,1741740.740740741
all,XGB,EI,11100010,1,0,120,5,1716200.0000000002
all,XGB,EI,11100010,1,1,130,6,1741740.740740741
all,XGB,EI,11100010,1,2,140,6,1741740.740740741
all,XGB,UCB,11100010,1,0,120,5,1716200.0000000002
all,XGB,UCB,11100010,1,1,130,8,1741740.740740741
all,XGB,UCB,11100010,1,2,140,8,1741740.740740741
all,XGB,guided,11100010,1,0,120,5,1716200.0000000002
all,XGB,guided,11100010,1,1,130,7,1741740.740740741
all,XGB,guided,11100010,1,2,140,8,1741740.740740741
all,XGB,random,11100010,2,0,120,4,1741740.740740741
all,XGB,random,11100010,2,1,130,4,1741740.740740741
all,XGB,random,11100010,2,2,140,5,1741740.740740741
all,XGB,AL,11100010,2,0,120,4,1741740.740740741
all,XGB,AL,11100010,2,1,130,5,1741740.740740741
all,XGB,AL,11100010,2,2,140,5,1741740.740740741
all,XGB,greedy,11100010,2,0,120,4,1741740.740740741
all,XGB,greedy,11100010,2,1,130,5,1741740.740740741
all,XGB,greedy,11100010,2,2,140,6,1741740.740740741
all,XGB,EI,11100010,2,0,120,4,1741740.740740741
all,XGB,EI,11100010,2,1,130,6,1741740.740740741
all,XGB,EI,11100010,2,2,140,7,1781776.380153739
all,XGB,UCB,11100010,2,0,120,4,1741740.740740741
all,XGB,UCB,11100010,2,1,130,5,1741740.740740741
all,XGB,UCB,11100010,2,2,140,5,1741740.740740741
all,XGB,guided,11100010,2,0,120,4,1741740.740740741
all,XGB,guided,11100010,2,1,130,7,1781776.380153739
all,XGB,guided,11100010,2,2,140,9,1781776.380153739
all,XGB,random,11100010,3,0,120,7,1781776.380153739
all,XGB,random,11100010,3,1,130,7,1781776.380153739
all,XGB,random,11100010,3,2,140,7,1781776.380153739
all,XGB,AL,11100010,3,0,120,7,1781776.380153739
all,XGB,AL,11100010,3,1,130,7,1781776.380153739
all,XGB,AL,11100010,3,2,140,9,1781776.380153739
all,XGB,greedy,11100010,3,0,120,7,1781776.380153739
all,XGB,greedy,11100010,3,1,130,8,1781776.380153739
all,XGB,greedy,11100010,3,2,140,8,1781776.380153739
all,XGB,EI,11100010,3,0,120,7,1781776.380153739
all,XGB,EI,11100010,3,1,130,8,1781776.380153739
all,XGB,EI,11100010,3,2,140,8,1781776.380153739
all,XGB,UCB,11100010,3,0,120,7,1781776.380153739
all,XGB,UCB,11100010,3,1,130,8,1781776.380153739
all,XGB,UCB,11100010,3,2,140,8,1781776.380153739
all,XGB,guided,11100010,3,0,120,7,1781776.380153739
all,XGB,guided,11100010,3,1,130,8,1781776.380153739
all,XGB,guided,11100010,3,2,140,8,1781776.380153739
all,XGB,random,11100010,4,0,120,8,1787362.2572815537
all,XGB,random,11100010,4,1,130,8,1787362.2572815537
all,XGB,random,11100010,4,2,140,9,1787362.2572815537
all,XGB,AL,11100010,4,0,120,8,1787362.2572815537
all,XGB,AL,11100010,4,1,130,8,1787362.2572815537
all,XGB,AL,11100010,4,2,140,9,1787362.2572815537
all,XGB,greedy,11100010,4,0,120,8,1787362.2572815537
all,XGB,greedy,11100010,4,1,130,9,1787362.2572815537
all,XGB,greedy,11100010,4,2,140,9,1787362.2572815537
all,XGB,EI,11100010,4,0,120,8,1787362.2572815537
all,XGB,EI,11100010,4,1,130,9,1787362.2572815537
all,XGB,EI,11100010,4,2,140,9,1787362.2572815537
all,XGB,UCB,11100010,4,0,120,8,1787362.2572815537
all,XGB,UCB,11100010,4,1,130,9,1787362.2572815537
all,XGB,UCB,11100010,4,2,140,9,1787362.2572815537
all,XGB,guided,11100010,4,0,120,8,1787362.2572815537
all,XGB,guided,11100010,4,1,130,10,1787362.2572815537
all,XGB,guided,11100010,4,2,140,10,1787362.2572815537
all,XGB,random,11100010,5,0,120,7,1781776.380153739
all,XGB,random,11100010,5,1,130,8,1781776.380153739
all,XGB,random,11100010,5,2,140,8,1781776.380153739
all,XGB,AL,11100010,5,0,120,7,1781776.380153739
all,XGB,AL,11100010,5,1,130,7,1781776.380153739
all,XGB,AL,11100010,5,2,140,7,1781776.380153739
all,XGB,greedy,11100010,5,0,120,7,1781776.380153739
all,XGB,greedy,11100010,5,1,130,7,1781776.380153739
all,XGB,greedy,11100010,5,2,140,7,1781776.380153739
all,XGB,EI,11100010,5,0,120,7,1781776.380153739
all,XGB,EI,11100010,5,1,130,8,1781776.380153739
all,XGB,EI,11100010,5,2,140,9,1781776.380153739
all,XGB,UCB,11100010,5,0,120,7,1781776.380153739
all,XGB,UCB,11100010,5,1,130,8,1781776.380153739
all,XGB,UCB,11100010,5,2,140,11,1781776.380153739
all,XGB,guided,11100010,5,0,120,7,1781776.380153739
all,XGB,guided,11100010,5,1,130,8,1781776.380153739
all,XGB,guided,11100010,5,2,140,9,1781776.380153739
all,XGB,random,11100010,6,0,120,6,1781776.380153739
all,XGB,random,11100010,6,1,130,6,1781776.380153739
all,XGB,random,11100010,6,2,140,6,1781776.380153739
all,XGB,AL,11100010,6,0,120,6,1781776.380153739
all,XGB,AL,11100010,6,1,130,7,1787362.2572815537
all,XGB,AL,11100010,6,2,140,7,1787362.2572815537
all,XGB,greedy,11100010,6,0,120,6,1781776.380153739
all,XGB,greedy,11100010,6,1,130,7,1781776.380153739
all,XGB,greedy,11100010,6,2,140,7,1781776.380153739
all,XGB,EI,11100010,6,0,120,6,1781776.380153739
all,XGB,EI,11100010,6,1,130,6,1781776.380153739
all,XGB,EI,11100010,6,2,140,6,1781776.380153739
all,XGB,UCB,11100010,6,0,120,6,1781776.380153739
all,XGB,UCB,11100010,6,1,130,6,1781776.380153739
all,XGB,UCB,11100010,6,2,140,7,1781776.380153739
all,XGB,guided,11100010,6,0,120,6,1781776.380153739
all,XGB,guided,11100010,6,1,130,6,1781776.380153739
all,XGB,guided,11100010,6,2,140,6,1781776.380153739
all,XGB,random,11100010,7,0,120,8,1781776.380153739
all,XGB,random,11100010,7,1,130,8,1781776.380153739
all,XGB,random,11100010,7,2,140,8,1781776.380153739
all,XGB,AL,11100010,7,0,120,8,1781776.380153739
all,XGB,AL,11100010,7,1,130,9,1781776.380153739
all,XGB,AL,11100010,7,2,140,9,1781776.380153739
all,XGB,greedy,11100010,7,0,120,8,1781776.380153739
all,XGB,greedy,11100010,7,1,130,8,1781776.380153739
all,XGB,greedy,11100010,7,2,140,9,1781776.380153739
all,XGB,EI,11100010,7,0,120,8,1781776.380153739
all,XGB,EI,11100010,7,1,130,9,1781776.380153739
all,XGB,EI,11100010,7,2,140,9,1781776.380153739
all,XGB,UCB,11100010,7,0,120,8,1781776.380153739
all,XGB,UCB,11100010,7,1,130,8,1781776.380153739
all,XGB,UCB,11100010,7,2,140,8,1781776.380153739
all,XGB,guided,11100010,7,0,120,8,1781776.380153739
all,XGB,guided,11100010,7,1,130,9,1781776.380153739
all,XGB,guided,11100010,7,2,140,10,1781776.380153739
all,XGB,random,11100010,8,0,120,9,1787362.2572815537
all,XGB,random,11100010,8,1,130,9,1787362.2572815537
all,XGB,random,11100010,8,2,140,9,1787362.2572815537
all,XGB,AL,11100010,8,0,120,9,1787362.2572815537
all,XGB,AL,11100010,8,1,130,10,1787362.2572815537
all,XGB,AL,11100010,8,2,140,10,1787362.2572815537
all,XGB,greedy,11100010,8,0,120,9,1787362.2572815537
all,XGB,greedy,11100010,8,1,130,9,1787362.2572815537
all,XGB,greedy,11100010,8,2,140,9,1787362.2572815537
all,XGB,EI,11100010,8,0,120,9,1787362.2572815537
all,XGB,EI,11100010,8,1,130,10,1787362.2572815537
all,XGB,EI,11100010,8,2,140,10,1787362.2572815537
all,XGB,UCB,11100010,8,0,120,9,1787362.2572815537
all,XGB,UCB,11100010,8,1,130,9,1787362.2572815537
all,XGB,UCB,11100010,8,2,140,10,1787362.2572815537
all,XGB,guided,11100010,8,0,120,9,1787362.2572815537
all,XGB,guided,11100010,8,1,130,9,1787362.2572815537
all,XGB,guided,11100010,8,2,140,11,1787362.2572815537
all,XGB,random,11100010,9,0,120,9,1741740.740740741
all,XGB,random,11100010,9,1,130,9,1741740.740740741
all,XGB,random,11100010,9,2,140,9,1741740.740740741
all,XGB,AL,11100010,9,0,120,9,1741740.740740741
all,XGB,AL,11100010,9,1,130,9,1741740.740740741
all,XGB,AL,11100010,9,2,140,9,1741740.740740741
all,XGB,greedy,11100010,9,0,120,9,1741740.740740741
all,XGB,greedy,11100010,9,1,130,9,1741740.740740741
all,XGB,greedy,11100010,9,2,140,10,1741740.740740741
all,XGB,EI,11100010,9,0,120,9,1741740.740740741
all,XGB,EI,11100010,9,1,130,10,1741740.740740741
all,XGB,EI,11100010,9,2,140,10,1741740.740740741
all,XGB,UCB,11100010,9,0,120,9,1741740.740740741
all,XGB,UCB,11100010,9,1,130,10,1741740.740740741
all,XGB,UCB,11100010,9,2,140,11,1741740.740740741
all,XGB,guided,11100010,9,0,120,9,1741740.740740741
all,XGB,guided,11100010,9,1,130,10,1741740.740740741
all,XGB,guided,11100010,9,2,140,11,1741740.740740741
all,XGB,random,11100020,0,0,120,6,1787362.2572815537
all,XGB,random,11100020,0,1,130,7,1787362.2572815537
all,XGB,random,11100020,0,2,140,7,1787362.2572815537
all,XGB,AL,11100020,0,0,120,6,1787362.2572815537
all,XGB,AL,11100020,0,1,130,6,1787362.2572815537
all,XGB,AL,11100020,0,2,140,6,1787362.2572815537
all,XGB,greedy,11100020,0,0,120,6,1787362.2572815537
all,XGB,greedy,11100020,0,1,130,8,1787362.2572815537
all,XGB,greedy,11100020,0,2,140,8,1787362.2572815537
all,XGB,EI,11100020,0,0,120,6,1787362.2572815537
all,XGB,EI,11100020,0,1,130,6,1787362.2572815537
all,XGB,EI,11100020,0,2,140,6,1787362.2572815537
all,XGB,UCB,11100020,0,0,120,6,1787362.2572815537
all,XGB,UCB,11100020,0,1,130,7,1787362.2572815537
all,XGB,UCB,11100020,0,2,140,10,1787362.2572815537
all,XGB,guided,11100020,0,0,120,6,1787362.2572815537
all,XGB,guided,11100020,0,1,130,8,1787362.2572815537
all,XGB,guided,11100020,0,2,140,9,1787362.2572815537
all,XGB,random,11100020,1,0,120,5,1716200.0000000002
all,XGB,random,11100020,1,1,130,5,1716200.0000000002
all,XGB,random,11100020,1,2,140,5,1716200.0000000002
all,XGB,AL,11100020,1,0,120,5,1716200.0000000002
all,XGB,AL,11100020,1,1,130,5,1716200.0000000002
all,XGB,AL,11100020,1,2,140,6,1716200.0000000002
all,XGB,greedy,11100020,1,0,120,5,1716200.0000000002
all,XGB,greedy,11100020,1,1,130,7,1741740.740740741
all,XGB,greedy,11100020,1,2,140,9,1741740.740740741
all,XGB,EI,11100020,1,0,120,5,1716200.0000000002
all,XGB,EI,11100020,1,1,130,6,1741740.740740741
all,XGB,EI,11100020,1,2,140,6,1741740.740740741
all,XGB,UCB,11100020,1,0,120,5,1716200.0000000002
all,XGB,UCB,11100020,1,1,130,6,1741740.740740741
all,XGB,UCB,11100020,1,2,140,8,1781776.380153739
all,XGB,guided,11100020,1,0,120,5,1716200.0000000002
all,XGB,guided,11100020,1,1,130,7,1781776.380153739
all,XGB,guided,11100020,1,2,140,8,1781776.380153739
all,XGB,random,11100020,2,0,120,4,1781776.380153739
all,XGB,random,11100020,2,1,130,4,1781776.380153739
all,XGB,random,11100020,2,2,140,6,1781776.380153739
all,XGB,AL,11100020,2,0,120,4,1781776.380153739
all,XGB,AL,11100020,2,1,130,5,1781776.380153739
all,XGB,AL,11100020,2,2,140,6,1781776.380153739
all,XGB,greedy,11100020,2,0,120,4,1781776.380153739
all,XGB,greedy,11100020,2,1,130,5,1781776.380153739
all,XGB,greedy,11100020,2,2,140,5,1781776.380153739
all,XGB,EI,11100020,2,0,120,4,1781776.380153739
all,XGB,EI,11100020,2,1,130,4,1781776.380153739
all,XGB,EI,11100020,2,2,140,5,1781776.380153739
all,XGB,UCB,11100020,2,0,120,4,1781776.380153739
all,XGB,UCB,11100020,2,1,130,5,1781776.380153739
all,XGB,UCB,11100020,2,2,140,5,1781776.380153739
all,XGB,guided,11100020,2,0,120,4,1781776.380153739
all,XGB,guided,11100020,2,1,130,5,1781776.380153739
all,XGB,guided,11100020,2,2,140,5,1781776.380153739
all,XGB,random,11100020,3,0,120,4,1741740.740740741
all,XGB,random,11100020,3,1,130,4,1741740.740740741
all,XGB,random,11100020,3,2,140,4,1741740.740740741
all,XGB,AL,11100020,3,0,120,4,1741740.740740741
all,XGB,AL,11100020,3,1,130,4,1741740.740740741
all,XGB,AL,11100020,3,2,140,6,1741740.740740741
all,XGB,greedy,11100020,3,0,120,4,1741740.740740741
all,XGB,greedy,11100020,3,1,130,5,1741740.740740741
all,XGB,greedy,11100020,3,2,140,6,1781776.380153739
all,XGB,EI,11100020,3,0,120,4,1741740.740740741
all,XGB,EI,11100020,3,1,130,5,1741740.740740741
all,XGB,EI,11100020,3,2,140,6,1741740.740740741
all,XGB,UCB,11100020,3,0,120,4,1741740.740740741
all,XGB,UCB,11100020,3,1,130,6,1741740.740740741
all,XGB,UCB,11100020,3,2,140,7,1741740.740740741
all,XGB,guided,11100020,3,0,120,4,1741740.740740741
all,XGB,guided,11100020,3,1,130,8,1781776.380153739
all,XGB,guided,11100020,3,2,140,8,1781776.380153739
all,XGB,random,11100020,4,0,120,6,1787362.2572815537
all,XGB,random,11100020,4,1,130,6,1787362.2572815537
all,XGB,random,11100020,4,2,140,7,1787362.2572815537
all,XGB,AL,11100020,4,0,120,6,1787362.2572815537
all,XGB,AL,11100020,4,1,130,6,1787362.2572815537
all,XGB,AL,11100020,4,2,140,8,1787362.2572815537
all,XGB,greedy,11100020,4,0,120,6,1787362.2572815537
all,XGB,greedy,11100020,4,1,130,7,1787362.2572815537
all,XGB,greedy,11100020,4,2,140,7,1787362.2572815537
all,XGB,EI,11100020,4,0,120,6,1787362.2572815537
all,XGB,EI,11100020,4,1,130,7,1787362.2572815537
all,XGB,EI,11100020,4,2,140,7,1787362.2572815537
all,XGB,UCB,11100020,4,0,120,6,1787362.2572815537
all,XGB,UCB,11100020,4,1,130,8,1787362.2572815537
all,XGB,UCB,11100020,4,2,140,9,1787362.2572815537
all,XGB,guided,11100020,4,0,120,6,1787362.2572815537
all,XGB,guided,11100020,4,1,130,8,1787362.2572815537
all,XGB,guided,11100020,4,2,140,9,1787362.2572815537
all,XGB,random,11100020,5,0,120,9,1716200.0000000002
all,XGB,random,11100020,5,1,130,10,1716200.0000000002
all,XGB,random,11100020,5,2,140,10,1716200.0000000002
all,XGB,AL,11100020,5,0,120,9,1716200.0000000002
all,XGB,AL,11100020,5,1,130,9,1716200.0000000002
all,XGB,AL,11100020,5,2,140,9,1716200.0000000002
all,XGB,greedy,11100020,5,0,120,9,1716200.0000000002
all,XGB,greedy,11100020,5,1,130,10,1781776.380153739
all,XGB,greedy,11100020,5,2,140,11,1781776.380153739
all,XGB,EI,11100020,5,0,120,9,1716200.0000000002
all,XGB,EI,11100020,5,1,130,10,1716200.0000000002
all,XGB,EI,11100020,5,2,140,10,1716200.0000000002
all,XGB,UCB,11100020,5,0,120,9,1716200.0000000002
all,XGB,UCB,11100020,5,1,130,10,1716200.0000000002
all,XGB,UCB,11100020,5,2,140,12,1781776.380153739
all,XGB,guided,11100020,5,0,120,9,1716200.0000000002
all,XGB,guided,11100020,5,1,130,9,1716200.0000000002
all,XGB,guided,11100020,5,2,140,10,1716200.0000000002
all,XGB,random,11100020,6,0,120,5,1646742.3208191127
all,XGB,random,11100020,6,1,130,5,1646742.3208191127
all,XGB,random,11100020,6,2,140,5,1646742.3208191127
all,XGB,AL,11100020,6,0,120,5,1646742.3208191127
all,XGB,AL,11100020,6,1,130,5,1646742.3208191127
all,XGB,AL,11100020,6,2,140,6,1787362.2572815537
all,XGB,greedy,11100020,6,0,120,5,1646742.3208191127
all,XGB,greedy,11100020,6,1,130,6,1646742.3208191127
all,XGB,greedy,11100020,6,2,140,8,1646742.3208191127
all,XGB,EI,11100020,6,0,120,5,1646742.3208191127
all,XGB,EI,11100020,6,1,130,5,1646742.3208191127
all,XGB,EI,11100020,6,2,140,6,1646742.3208191127
all,XGB,UCB,11100020,6,0,120,5,1646742.3208191127
all,XGB,UCB,11100020,6,1,130,6,1646742.3208191127
all,XGB,UCB,11100020,6,2,140,8,1646742.3208191127
all,XGB,guided,11100020,6,0,120,5,1646742.3208191127
all,XGB,guided,11100020,6,1,130,8,1741740.740740741
all,XGB,guided,11100020,6,2,140,8,1741740.740740741
all,XGB,random,11100020,7,0,120,8,1787362.2572815537
all,XGB,random,11100020,7,1,130,9,1787362.2572815537
all,XGB,random,11100020,7,2,140,10,1787362.2572815537
all,XGB,AL,11100020,7,0,120,8,1787362.2572815537
all,XGB,AL,11100020,7,1,130,8,1787362.2572815537
all,XGB,AL,11100020,7,2,140,8,1787362.2572815537
all,XGB,greedy,11100020,7,0,120,8,1787362.2572815537
all,XGB,greedy,11100020,7,1,130,9,1787362.2572815537
all,XGB,greedy,11100020,7,2,140,9,1787362.2572815537
all,XGB,EI,11100020,7,0,120,8,1787362.2572815537
all,XGB,EI,11100020,7,1,130,8,1787362.2572815537
all,XGB,EI,11100020,7,2,140,9,1787362.2572815537
all,XGB,UCB,11100020,7,0,120,8,1787362.2572815537
all,XGB,UCB,11100020,7,1,130,9,1787362.2572815537
all,XGB,UCB,11100020,7,2,140,9,1787362.2572815537
all,XGB,guided,11100020,7,0,120,8,1787362.2572815537
all,XGB,guided,11100020,7,1,130,10,1787362.2572815537
all,XGB,guided,11100020,7,2,140,10,1787362.2572815537
all,XGB,random,11100020,8,0,120,5,1741740.740740741
all,XGB,random,11100020,8,1,130,5,1741740.740740741
all,XGB,random,11100020,8,2,140,7,1787362.2572815537
all,XGB,AL,11100020,8,0,120,5,1741740.740740741
all,XGB,AL,11100020,8,1,130,5,1741740.740740741
all,XGB,AL,11100020,8,2,140,7,1741740.740740741
all,XGB,greedy,11100020,8,0,120,5,1741740.740740741
all,XGB,greedy,11100020,8,1,130,6,1741740.740740741
all,XGB,greedy,11100020,8,2,140,7,1781776.380153739
all,XGB,EI,11100020,8,0,120,5,1741740.740740741
all,XGB,EI,11100020,8,1,130,6,1741740.740740741
all,XGB,EI,11100020,8,2,140,6,1741740.740740741
all,XGB,UCB,11100020,8,0,120,5,1741740.740740741
all,XGB,UCB,11100020,8,1,130,6,1741740.740740741
all,XGB,UCB,11100020,8,2,140,7,1781776.380153739
all,XGB,guided,11100020,8,0,120,5,1741740.740740741
all,XGB,guided,11100020,8,1,130,6,1741740.740740741
all,XGB,guided,11100020,8,2,140,6,1741740.740740741
all,XGB,random,11100020,9,0,120,3,1787362.2572815537
all,XGB,random,11100020,9,1,130,5,1787362.2572815537
all,XGB,random,11100020,9,2,140,5,1787362.2572815537
all,XGB,AL,11100020,9,0,120,3,1787362.2572815537
all,XGB,AL,11100020,9,1,130,4,1787362.2572815537
all,XGB,AL,11100020,9,2,140,4,1787362.2572815537
all,XGB,greedy,11100020,9,0,120,3,1787362.2572815537
all,XGB,greedy,11100020,9,1,130,4,1787362.2572815537
all,XGB,greedy,11100020,9,2,140,4,1787362.2572815537
all,XGB,EI,11100020,9,0,120,3,1787362.2572815537
all,XGB,EI,11100020,9,1,130,4,1787362.2572815537
all,XGB,EI,11100020,9,2,140,6,1787362.2572815537
all,XGB,UCB,11100020,9,0,120,3,1787362.2572815537
all,XGB,UCB,11100020,9,1,130,4,1787362.2572815537
all,XGB,UCB,11100020,9,2,140,5,1787362.2572815537
all,XGB,guided,11100020,9,0,120,3,1787362.2572815537
all,XGB,guided,11100020,9,1,130,5,1787362.2572815537
all,XGB,guided,11100020,9,2,140,6,1787362.2572815537
all,GPR,random,11100010,0,0,120,6,1646742.3208191127
all,GPR,random,11100010,0,1,130,7,1646742.3208191127
all,GPR,random,11100010,0,2,140,7,1646742.3208191127
all,GPR,AL,11100010,0,0,120,6,1646742.3208191127
all,GPR,AL,11100010,0,1,130,6,1646742.3208191127
all,GPR,AL,11100010,0,2,140,6,1646742.3208191127
all,GPR,greedy,11100010,0,0,120,6,1646742.3208191127
all,GPR,greedy,11100010,0,1,130,8,1741740.740740741
all,GPR,greedy,11100010,0,2,140,8,1741740.740740741
all,GPR,EI,11100010,0,0,120,6,1646742.3208191127
all,GPR,EI,11100010,0,1,130,7,1646742.3208191127
all,GPR,EI,11100010,0,2,140,8,1741740.740740741
all,GPR,UCB,11100010,0,0,120,6,1646742.3208191127
all,GPR,UCB,11100010,0,1,130,8,1741740.740740741
all,GPR,UCB,11100010,0,2,140,8,1741740.740740741
all,GPR,guided,11100010,0,0,120,6,1646742.3208191127
all,GPR,guided,11100010,0,1,130,8,1741740.740740741
all,GPR,guided,11100010,0,2,140,9,1741740.740740741
all,GPR,random,11100010,1,0,120,5,1716200.0000000002
all,GPR,random,11100010,1,1,130,5,1716200.0000000002
all,GPR,random,11100010,1,2,140,5,1716200.0000000002
all,GPR,AL,11100010,1,0,120,5,1716200.0000000002
all,GPR,AL,11100010,1,1,130,5,1716200.0000000002
all,GPR,AL,11100010,1,2,140,7,1716200.0000000002
all,GPR,greedy,11100010,1,0,120,5,1716200.0000000002
all,GPR,greedy,11100010,1,1,130,6,1716200.0000000002
all,GPR,greedy,11100010,1,2,140,6,1716200.0000000002
all,GPR,EI,11100010,1,0,120,5,1716200.0000000002
all,GPR,EI,11100010,1,1,130,5,1716200.0000000002
all,GPR,EI,11100010,1,2,140,7,1741740.740740741
all,GPR,UCB,11100010,1,0,120,5,1716200.0000000002
all,GPR,UCB,11100010,1,1,130,6,1716200.0000000002
all,GPR,UCB,11100010,1,2,140,7,1741740.740740741
all,GPR,guided,11100010,1,0,120,5,1716200.0000000002
all,GPR,guided,11100010,1,1,130,7,1741740.740740741
all,GPR,guided,11100010,1,2,140,7,1741740.740740741
all,GPR,random,11100010,2,0,120,4,1741740.740740741
all,GPR,random,11100010,2,1,130,4,1741740.740740741
all,GPR,random,11100010,2,2,140,5,1741740.740740741
all,GPR,AL,11100010,2,0,120,4,1741740.740740741
all,GPR,AL,11100010,2,1,130,4,1741740.740740741
all,GPR,AL,11100010,2,2,140,5,1741740.740740741
all,GPR,greedy,11100010,2,0,120,4,1741740.740740741
all,GPR,greedy,11100010,2,1,130,5,1741740.740740741
all,GPR,greedy,11100010,2,2,140,6,1781776.380153739
all,GPR,EI,11100010,2,0,120,4,1741740.740740741
all,GPR,EI,11100010,2,1,130,4,1741740.740740741
all,GPR,EI,11100010,2,2,140,5,1781776.380153739
all,GPR,UCB,11100010,2,0,120,4,1741740.740740741
all,GPR,UCB,11100010,2,1,130,5,1741740.740740741
all,GPR,UCB,11100010,2,2,140,6,1781776.380153739
all,GPR,guided,11100010,2,0,120,4,1741740.740740741
all,GPR,guided,11100010,2,1,130,7,1781776.380153739
all,GPR,guided,11100010,2,2,140,8,1781776.380153739
all,GPR,random,11100010,3,0,120,7,1781776.380153739
all,GPR,random,11100010,3,1,130,7,1781776.380153739
all,GPR,random,11100010,3,2,140,7,1781776.380153739
all,GPR,AL,11100010,3,0,120,7,1781776.380153739
all,GPR,AL,11100010,3,1,130,7,1781776.380153739
all,GPR,AL,11100010,3,2,140,7,1781776.380153739
all,GPR,greedy,11100010,3,0,120,7,1781776.380153739
all,GPR,greedy,11100010,3,1,130,8,1781776.380153739
all,GPR,greedy,11100010,3,2,140,8,1781776.380153739
all,GPR,EI,11100010,3,0,120,7,1781776.380153739
all,GPR,EI,11100010,3,1,130,7,1781776.380153739
all,GPR,EI,11100010,3,2,140,8,1781776.380153739
all,GPR,UCB,11100010,3,0,120,7,1781776.380153739
all,GPR,UCB,11100010,3,1,130,8,1781776.380153739
all,GPR,UCB,11100010,3,2,140,8,1781776.380153739
all,GPR,guided,11100010,3,0,120,7,1781776.380153739
all,GPR,guided,11100010,3,1,130,8,1781776.380153739
all,GPR,guided,11100010,3,2,140,8,1781776.380153739
all,GPR,random,11100010,4,0,120,8,1787362.2572815537
all,GPR,random,11100010,4,1,130,8,1787362.2572815537
all,GPR,random,11100010,4,2,140,9,1787362.2572815537
all,GPR,AL,11100010,4,0,120,8,1787362.2572815537
all,GPR,AL,11100010,4,1,130,9,1787362.2572815537
all,GPR,AL,11100010,4,2,140,10,1787362.2572815537
all,GPR,greedy,11100010,4,0,120,8,1787362.2572815537
all,GPR,greedy,11100010,4,1,130,9,1787362.2572815537
all,GPR,greedy,11100010,4,2,140,9,1787362.2572815537
all,GPR,EI,11100010,4,0,120,8,1787362.2572815537
all,GPR,EI,11100010,4,1,130,8,1787362.2572815537
all,GPR,EI,11100010,4,2,140,8,1787362.2572815537
all,GPR,UCB,11100010,4,0,120,8,1787362.2572815537
all,GPR,UCB,11100010,4,1,130,8,1787362.2572815537
all,GPR,UCB,11100010,4,2,140,9,1787362.2572815537
all,GPR,guided,11100010,4,0,120,8,1787362.2572815537
all,GPR,guided,11100010,4,1,130,10,1787362.2572815537
all,GPR,guided,11100010,4,2,140,10,1787362.2572815537
all,GPR,random,11100010,5,0,120,7,1781776.380153739
all,GPR,random,11100010,5,1,130,8,1781776.380153739
all,GPR,random,11100010,5,2,140,8,1781776.380153739
all,GPR,AL,11100010,5,0,120,7,1781776.380153739
all,GPR,AL,11100010,5,1,130,7,1781776.380153739
all,GPR,AL,11100010,5,2,140,7,1781776.380153739
all,GPR,greedy,11100010,5,0,120,7,1781776.380153739
all,GPR,greedy,11100010,5,1,130,7,1781776.380153739
all,GPR,greedy,11100010,5,2,140,9,1781776.380153739
all,GPR,EI,11100010,5,0,120,7,1781776.380153739
all,GPR,EI,11100010,5,1,130,7,1781776.380153739
all,GPR,EI,11100010,5,2,140,9,1781776.380153739
all,GPR,UCB,11100010,5,0,120,7,1781776.380153739
all,GPR,UCB,11100010,5,1,130,7,1781776.380153739
all,GPR,UCB,11100010,5,2,140,9,1781776.380153739
all,GPR,guided,11100010,5,0,120,7,1781776.380153739
all,GPR,guided,11100010,5,1,130,8,1781776.380153739
all,GPR,guided,11100010,5,2,140,8,1781776.380153739
all,GPR,random,11100010,6,0,120,6,1781776.380153739
all,GPR,random,11100010,6,1,130,6,1781776.380153739
all,GPR,random,11100010,6,2,140,6,1781776.380153739
all,GPR,AL,11100010,6,0,120,6,1781776.380153739
all,GPR,AL,11100010,6,1,130,7,1781776.380153739
all,GPR,AL,11100010,6,2,140,7,1781776.380153739
all,GPR,greedy,11100010,6,0,120,6,1781776.380153739
all,GPR,greedy,11100010,6,1,130,7,1781776.380153739
all,GPR,greedy,11100010,6,2,140,7,1781776.380153739
all,GPR,EI,11100010,6,0,120,6,1781776.380153739
all,GPR,EI,11100010,6,1,130,7,1781776.380153739
all,GPR,EI,11100010,6,2,140,7,1781776.380153739
all,GPR,UCB,11100010,6,0,120,6,1781776.380153739
all,GPR,UCB,11100010,6,1,130,7,1781776.380153739
all,GPR,UCB,11100010,6,2,140,7,1781776.380153739
all,GPR,guided,11100010,6,0,120,6,1781776.380153739
all,GPR,guided,11100010,6,1,130,6,1781776.380153739
all,GPR,guided,11100010,6,2,140,7,1781776.380153739
all,GPR,random,11100010,7,0,120,8,1781776.380153739
all,GPR,random,11100010,7,1,130,8,1781776.380153739
all,GPR,random,11100010,7,2,140,8,1781776.380153739
all,GPR,AL,11100010,7,0,120,8,1781776.380153739
all,GPR,AL,11100010,7,1,130,8,1781776.380153739
all,GPR,AL,11100010,7,2,140,8,1781776.380153739
all,GPR,greedy,11100010,7,0,120,8,1781776.380153739
all,GPR,greedy,11100010,7,1,130,8,1781776.380153739
all,GPR,greedy,11100010,7,2,140,8,1781776.380153739
all,GPR,EI,11100010,7,0,120,8,1781776.380153739
all,GPR,EI,11100010,7,1,130,8,1781776.380153739
all,GPR,EI,11100010,7,2,140,8,1781776.380153739
all,GPR,UCB,11100010,7,0,120,8,1781776.380153739
all,GPR,UCB,11100010,7,1,130,8,1781776.380153739
all,GPR,UCB,11100010,7,2,140,8,1781776.380153739
all,GPR,guided,11100010,7,0,120,8,1781776.380153739
all,GPR,guided,11100010,7,1,130,9,1781776.380153739
all,GPR,guided,11100010,7,2,140,9,1781776.380153739
all,GPR,random,11100010,8,0,120,9,1787362.2572815537
all,GPR,random,11100010,8,1,130,9,1787362.2572815537
all,GPR,random,11100010,8,2,140,9,1787362.2572815537
all,GPR,AL,11100010,8,0,120,9,1787362.2572815537
all,GPR,AL,11100010,8,1,130,9,1787362.2572815537
all,GPR,AL,11100010,8,2,140,10,1787362.2572815537
all,GPR,greedy,11100010,8,0,120,9,1787362.2572815537
all,GPR,greedy,11100010,8,1,130,10,1787362.2572815537
all,GPR,greedy,11100010,8,2,140,10,1787362.2572815537
all,GPR,EI,11100010,8,0,120,9,1787362.2572815537
all,GPR,EI,11100010,8,1,130,9,1787362.2572815537
all,GPR,EI,11100010,8,2,140,9,1787362.2572815537
all,GPR,UCB,11100010,8,0,120,9,1787362.2572815537
all,GPR,UCB,11100010,8,1,130,9,1787362.2572815537
all,GPR,UCB,11100010,8,2,140,10,1787362.2572815537
all,GPR,guided,11100010,8,0,120,9,1787362.2572815537
all,GPR,guided,11100010,8,1,130,9,1787362.2572815537
all,GPR,guided,11100010,8,2,140,10,1787362.2572815537
all,GPR,random,11100010,9,0,120,9,1741740.740740741
all,GPR,random,11100010,9,1,130,9,1741740.740740741
all,GPR,random,11100010,9,2,140,9,1741740.740740741
all,GPR,AL,11100010,9,0,120,9,1741740.740740741
all,GPR,AL,11100010,9,1,130,9,1741740.740740741
all,GPR,AL,11100010,9,2,140,10,1741740.740740741
all,GPR,greedy,11100010,9,0,120,9,1741740.740740741
all,GPR,greedy,11100010,9,1,130,9,1741740.740740741
all,GPR,greedy,11100010,9,2,140,11,1741740.740740741
all,GPR,EI,11100010,9,0,120,9,1741740.740740741
all,GPR,EI,11100010,9,1,130,9,1741740.740740741
all,GPR,EI,11100010,9,2,140,10,1741740.740740741
all,GPR,UCB,11100010,9,0,120,9,1741740.740740741
all,GPR,UCB,11100010,9,1,130,9,1741740.740740741
all,GPR,UCB,11100010,9,2,140,10,1741740.740740741
all,GPR,guided,11100010,9,0,120,9,1741740.740740741
all,GPR,guided,11100010,9,1,130,10,1741740.740740741
all,GPR,guided,11100010,9,2,140,10,1741740.740740741
all,GPR,random,11100020,0,0,120,6,1787362.2572815537
all,GPR,random,11100020,0,1,130,7,1787362.2572815537
all,GPR,random,11100020,0,2,140,7,1787362.2572815537
all,GPR,AL,11100020,0,0,120,6,1787362.2572815537
all,GPR,AL,11100020,0,1,130,7,1787362.2572815537
all,GPR,AL,11100020,0,2,140,8,1787362.2572815537
all,GPR,greedy,11100020,0,0,120,6,1787362.2572815537
all,GPR,greedy,11100020,0,1,130,7,1787362.2572815537
all,GPR,greedy,11100020,0,2,140,10,1787362.2572815537
all,GPR,EI,11100020,0,0,120,6,1787362.2572815537
all,GPR,EI,11100020,0,1,130,7,1787362.2572815537
all,GPR,EI,11100020,0,2,140,8,1787362.2572815537
all,GPR,UCB,11100020,0,0,120,6,1787362.2572815537
all,GPR,UCB,11100020,0,1,130,7,1787362.2572815537
all,GPR,UCB,11100020,0,2,140,9,1787362.2572815537
all,GPR,guided,11100020,0,0,120,6,1787362.2572815537
all,GPR,guided,11100020,0,1,130,8,1787362.2572815537
all,GPR,guided,11100020,0,2,140,8,1787362.2572815537
all,GPR,random,11100020,1,0,120,5,1716200.0000000002
all,GPR,random,11100020,1,1,130,5,1716200.0000000002
all,GPR,random,11100020,1,2,140,5,1716200.0000000002
all,GPR,AL,11100020,1,0,120,5,1716200.0000000002
all,GPR,AL,11100020,1,1,130,5,1716200.0000000002
all,GPR,AL,11100020,1,2,140,7,1781776.380153739
all,GPR,greedy,11100020,1,0,120,5,1716200.0000000002
all,GPR,greedy,11100020,1,1,130,8,1781776.380153739
all,GPR,greedy,11100020,1,2,140,9,1781776.380153739
all,GPR,EI,11100020,1,0,120,5,1716200.0000000002
all,GPR,EI,11100020,1,1,130,8,1781776.380153739
all,GPR,EI,11100020,1,2,140,8,1781776.380153739
all,GPR,UCB,11100020,1,0,120,5,1716200.0000000002
all,GPR,UCB,11100020,1,1,130,8,1781776.380153739
all,GPR,UCB,11100020,1,2,140,9,1781776.380153739
all,GPR,guided,11100020,1,0,120,5,1716200.0000000002
all,GPR,guided,11100020,1,1,130,7,1781776.380153739
all,GPR,guided,11100020,1,2,140,8,1781776.380153739
all,GPR,random,11100020,2,0,120,4,1781776.380153739
all,GPR,random,11100020,2,1,130,4,1781776.380153739
all,GPR,random,11100020,2,2,140,6,1781776.380153739
all,GPR,AL,11100020,2,0,120,4,1781776.380153739
all,GPR,AL,11100020,2,1,130,4,1781776.380153739
all,GPR,AL,11100020,2,2,140,5,1781776.380153739
all,GPR,greedy,11100020,2,0,120,4,1781776.380153739
all,GPR,greedy,11100020,2,1,130,4,1781776.380153739
all,GPR,greedy,11100020,2,2,140,4,1781776.380153739
all,GPR,EI,11100020,2,0,120,4,1781776.380153739
all,GPR,EI,11100020,2,1,130,4,1781776.380153739
all,GPR,EI,11100020,2,2,140,4,1781776.380153739
all,GPR,UCB,11100020,2,0,120,4,1781776.380153739
all,GPR,UCB,11100020,2,1,130,4,1781776.380153739
all,GPR,UCB,11100020,2,2,140,4,1781776.380153739
all,GPR,guided,11100020,2,0,120,4,1781776.380153739
all,GPR,guided,11100020,2,1,130,4,1781776.380153739
all,GPR,guided,11100020,2,2,140,4,1781776.380153739
all,GPR,random,11100020,3,0,120,4,1741740.740740741
all,GPR,random,11100020,3,1,130,4,1741740.740740741
all,GPR,random,11100020,3,2,140,4,1741740.740740741
all,GPR,AL,11100020,3,0,120,4,1741740.740740741
all,GPR,AL,11100020,3,1,130,4,1741740.740740741
all,GPR,AL,11100020,3,2,140,4,1741740.740740741
all,GPR,greedy,11100020,3,0,120,4,1741740.740740741
all,GPR,greedy,11100020,3,1,130,5,1741740.740740741
all,GPR,greedy,11100020,3,2,140,7,1781776.380153739
all,GPR,EI,11100020,3,0,120,4,1741740.740740741
all,GPR,EI,11100020,3,1,130,5,1741740.740740741
all,GPR,EI,11100020,3,2,140,5,1741740.740740741
all,GPR,UCB,11100020,3,0,120,4,1741740.740740741
all,GPR,UCB,11100020,3,1,130,5,1741740.740740741
all,GPR,UCB,11100020,3,2,140,6,1741740.740740741
all,GPR,guided,11100020,3,0,120,4,1741740.740740741
all,GPR,guided,11100020,3,1,130,8,1781776.380153739
all,GPR,guided,11100020,3,2,140,8,1781776.380153739
all,GPR,random,11100020,4,0,120,6,1787362.2572815537
all,GPR,random,11100020,4,1,130,6,1787362.2572815537
all,GPR,random,11100020,4,2,140,7,1787362.2572815537
all,GPR,AL,11100020,4,0,120,6,1787362.2572815537
all,GPR,AL,11100020,4,1,130,6,1787362.2572815537
all,GPR,AL,11100020,4,2,140,8,1787362.2572815537
all,GPR,greedy,11100020,4,0,120,6,1787362.2572815537
all,GPR,greedy,11100020,4,1,130,7,1787362.2572815537
all,GPR,greedy,11100020,4,2,140,9,1787362.2572815537
all,GPR,EI,11100020,4,0,120,6,1787362.2572815537
all,GPR,EI,11100020,4,1,130,7,1787362.2572815537
all,GPR,EI,11100020,4,2,140,9,1787362.2572815537
all,GPR,UCB,11100020,4,0,120,6,1787362.2572815537
all,GPR,UCB,11100020,4,1,130,7,1787362.2572815537
all,GPR,UCB,11100020,4,2,140,7,1787362.2572815537
all,GPR,guided,11100020,4,0,120,6,1787362.2572815537
all,GPR,guided,11100020,4,1,130,8,1787362.2572815537
all,GPR,guided,11100020,4,2,140,9,1787362.2572815537
all,GPR,random,11100020,5,0,120,9,1716200.0000000002
all,GPR,random,11100020,5,1,130,10,1716200.0000000002
all,GPR,random,11100020,5,2,140,10,1716200.0000000002
all,GPR,AL,11100020,5,0,120,9,1716200.0000000002
all,GPR,AL,11100020,5,1,130,9,1716200.0000000002
all,GPR,AL,11100020,5,2,140,9,1716200.0000000002
all,GPR,greedy,11100020,5,0,120,9,1716200.0000000002
all,GPR,greedy,11100020,5,1,130,9,1716200.0000000002
all,GPR,greedy,11100020,5,2,140,10,1716200.0000000002
all,GPR,EI,11100020,5,0,120,9,1716200.0000000002
all,GPR,EI,11100020,5,1,130,9,1716200.0000000002
all,GPR,EI,11100020,5,2,140,9,1716200.0000000002
all,GPR,UCB,11100020,5,0,120,9,1716200.0000000002
all,GPR,UCB,11100020,5,1,130,9,1716200.0000000002
all,GPR,UCB,11100020,5,2,140,9,1716200.0000000002
all,GPR,guided,11100020,5,0,120,9,1716200.0000000002
all,GPR,guided,11100020,5,1,130,9,1716200.0000000002
all,GPR,guided,11100020,5,2,140,9,1716200.0000000002
all,GPR,random,11100020,6,0,120,5,1646742.3208191127
all,GPR,random,11100020,6,1,130,5,1646742.3208191127
all,GPR,random,11100020,6,2,140,5,1646742.3208191127
all,GPR,AL,11100020,6,0,120,5,1646742.3208191127
all,GPR,AL,11100020,6,1,130,5,1646742.3208191127
all,GPR,AL,11100020,6,2,140,5,1646742.3208191127
all,GPR,greedy,11100020,6,0,120,5,1646742.3208191127
all,GPR,greedy,11100020,6,1,130,6,1741740.740740741
all,GPR,greedy,11100020,6,2,140,7,1741740.740740741
all,GPR,EI,11100020,6,0,120,5,1646742.3208191127
all,GPR,EI,11100020,6,1,130,6,1741740.740740741
all,GPR,EI,11100020,6,2,140,7,1741740.740740741
all,GPR,UCB,11100020,6,0,120,5,1646742.3208191127
all,GPR,UCB,11100020,6,1,130,6,1741740.740740741
all,GPR,UCB,11100020,6,2,140,7,1741740.740740741
all,GPR,guided,11100020,6,0,120,5,1646742.3208191127
all,GPR,guided,11100020,6,1,130,7,1741740.740740741
all,GPR,guided,11100020,6,2,140,8,1741740.740740741
all,GPR,random,11100020,7,0,120,8,1787362.2572815537
all,GPR,random,11100020,7,1,130,9,1787362.2572815537
all,GPR,random,11100020,7,2,140,10,1787362.2572815537
all,GPR,AL,11100020,7,0,120,8,1787362.2572815537
all,GPR,AL,11100020,7,1,130,8,1787362.2572815537
all,GPR,AL,11100020,7,2,140,8,1787362.2572815537
all,GPR,greedy,11100020,7,0,120,8,1787362.2572815537
all,GPR,greedy,11100020,7,1,130,8,1787362.2572815537
all,GPR,greedy,11100020,7,2,140,9,1787362.2572815537
all,GPR,EI,11100020,7,0,120,8,1787362.2572815537
all,GPR,EI,11100020,7,1,130,8,1787362.2572815537
all,GPR,EI,11100020,7,2,140,9,1787362.2572815537
all,GPR,UCB,11100020,7,0,120,8,1787362.2572815537
all,GPR,UCB,11100020,7,1,130,8,1787362.2572815537
all,GPR,UCB,11100020,7,2,140,9,1787362.2572815537
all,GPR,guided,11100020,7,0,120,8,1787362.2572815537
all,GPR,guided,11100020,7,1,130,9,1787362.2572815537
all,GPR,guided,11100020,7,2,140,10,1787362.2572815537
all,GPR,random,11100020,8,0,120,5,1741740.740740741
all,GPR,random,11100020,8,1,130,5,1741740.740740741
all,GPR,random,11100020,8,2,140,7,1787362.2572815537
all,GPR,AL,11100020,8,0,120,5,1741740.740740741
all,GPR,AL,11100020,8,1,130,6,1741740.740740741
all,GPR,AL,11100020,8,2,140,6,1741740.740740741
all,GPR,greedy,11100020,8,0,120,5,1741740.740740741
all,GPR,greedy,11100020,8,1,130,6,1741740.740740741
all,GPR,greedy,11100020,8,2,140,6,1741740.740740741
all,GPR,EI,11100020,8,0,120,5,1741740.740740741
all,GPR,EI,11100020,8,1,130,5,1741740.740740741
all,GPR,EI,11100020,8,2,140,6,1741740.740740741
all,GPR,UCB,11100020,8,0,120,5,1741740.740740741
all,GPR,UCB,11100020,8,1,130,5,1741740.740740741
all,GPR,UCB,11100020,8,2,140,6,1741740.740740741
all,GPR,guided,11100020,8,0,120,5,1741740.740740741
all,GPR,guided,11100020,8,1,130,6,1741740.740740741
all,GPR,guided,11100020,8,2,140,6,1741740.740740741
all,GPR,random,11100020,9,0,120,3,1787362.2572815537
all,GPR,random,11100020,9,1,130,5,1787362.2572815537
all,GPR,random,11100020,9,2,140,5,1787362.2572815537
all,GPR,AL,11100020,9,0,120,3,1787362.2572815537
all,GPR,AL,11100020,9,1,130,3,1787362.2572815537
all,GPR,AL,11100020,9,2,140,3,1787362.2572815537
all,GPR,greedy,11100020,9,0,120,3,1787362.2572815537
all,GPR,greedy,11100020,9,1,130,3,1787362.2572815537
all,GPR,greedy,11100020,9,2,140,4,1787362.2572815537
all,GPR,EI,11100020,9,0,120,3,1787362.2572815537
all,GPR,EI,11100020,9,1,130,3,1787362.2572815537
all,GPR,EI,11100020,9,2,140,4,1787362.2572815537
all,GPR,UCB,11100020,9,0,120,3,1787362.2572815537
all,GPR,UCB,11100020,9,1,130,3,1787362.2572815537
all,GPR,UCB,11100020,9,2,140,3,1787362.2572815537
all,GPR,guided,11100020,9,0,120,3,1787362.2572815537
all,GPR,guided,11100020,9,1,130,5,1787362.2572815537
all,GPR,guided,11100020,9,2,140,5,1787362.2572815537
all,DNN,random,11100010,0,0,120,6,1646742.3208191127
all,DNN,random,11100010,0,1,130,7,1646742.3208191127
all,DNN,random,11100010,0,2,140,7,1646742.3208191127
all,DNN,AL,11100010,0,0,120,6,1646742.3208191127
all,DNN,AL,11100010,0,1,130,6,1646742.3208191127
all,DNN,AL,11100010,0,2,140,6,1646742.3208191127
all,DNN,greedy,11100010,0,0,120,6,1646742.3208191127
all,DNN,greedy,11100010,0,1,130,7,1646742.3208191127
all,DNN,greedy,11100010,0,2,140,7,1646742.3208191127
all,DNN,EI,11100010,0,0,120,6,1646742.3208191127
all,DNN,EI,11100010,0,1,130,7,1646742.3208191127
all,DNN,EI,11100010,0,2,140,8,1781776.380153739
all,DNN,UCB,11100010,0,0,120,6,1646742.3208191127
all,DNN,UCB,11100010,0,1,130,7,1646742.3208191127
all,DNN,UCB,11100010,0,2,140,8,1741740.740740741
all,DNN,guided,11100010,0,0,120,6,1646742.3208191127
all,DNN,guided,11100010,0,1,130,8,1741740.740740741
all,DNN,guided,11100010,0,2,140,8,1741740.740740741
all,DNN,random,11100010,1,0,120,5,1716200.0000000002
all,DNN,random,11100010,1,1,130,5,1716200.0000000002
all,DNN,random,11100010,1,2,140,5,1716200.0000000002
all,DNN,AL,11100010,1,0,120,5,1716200.0000000002
all,DNN,AL,11100010,1,1,130,5,1716200.0000000002
all,DNN,AL,11100010,1,2,140,8,1716200.0000000002
all,DNN,greedy,11100010,1,0,120,5,1716200.0000000002
all,DNN,greedy,11100010,1,1,130,6,1716200.0000000002
all,DNN,greedy,11100010,1,2,140,8,1741740.740740741
all,DNN,EI,11100010,1,0,120,5,1716200.0000000002
all,DNN,EI,11100010,1,1,130,5,1716200.0000000002
all,DNN,EI,11100010,1,2,140,5,1716200.0000000002
all,DNN,UCB,11100010,1,0,120,5,1716200.0000000002
all,DNN,UCB,11100010,1,1,130,5,1716200.0000000002
all,DNN,UCB,11100010,1,2,140,6,1741740.740740741
all,DNN,guided,11100010,1,0,120,5,1716200.0000000002
all,DNN,guided,11100010,1,1,130,6,1741740.740740741
all,DNN,guided,11100010,1,2,140,7,1741740.740740741
all,DNN,random,11100010,2,0,120,4,1741740.740740741
all,DNN,random,11100010,2,1,130,4,1741740.740740741
all,DNN,random,11100010,2,2,140,5,1741740.740740741
all,DNN,AL,11100010,2,0,120,4,1741740.740740741
all,DNN,AL,11100010,2,1,130,5,1741740.740740741
all,DNN,AL,11100010,2,2,140,5,1741740.740740741
all,DNN,greedy,11100010,2,0,120,4,1741740.740740741
all,DNN,greedy,11100010,2,1,130,5,1781776.380153739
all,DNN,greedy,11100010,2,2,140,5,1781776.380153739
all,DNN,EI,11100010,2,0,120,4,1741740.740740741
all,DNN,EI,11100010,2,1,130,5,1741740.740740741
all,DNN,EI,11100010,2,2,140,6,1781776.380153739
all,DNN,UCB,11100010,2,0,120,4,1741740.740740741
all,DNN,UCB,11100010,2,1,130,5,1741740.740740741
all,DNN,UCB,11100010,2,2,140,5,1741740.740740741
all,DNN,guided,11100010,2,0,120,4,1741740.740740741
all,DNN,guided,11100010,2,1,130,7,1781776.380153739
all,DNN,guided,11100010,2,2,140,8,1781776.380153739
all,DNN,random,11100010,3,0,120,7,1781776.380153739
all,DNN,random,11100010,3,1,130,7,1781776.380153739
all,DNN,random,11100010,3,2,140,7,1781776.380153739
all,DNN,AL,11100010,3,0,120,7,1781776.380153739
all,DNN,AL,11100010,3,1,130,7,1781776.380153739
all,DNN,AL,11100010,3,2,140,8,1781776.380153739
all,DNN,greedy,11100010,3,0,120,7,1781776.380153739
all,DNN,greedy,11100010,3,1,130,8,1781776.380153739
all,DNN,greedy,11100010,3,2,140,8,1781776.380153739
all,DNN,EI,11100010,3,0,120,7,1781776.380153739
all,DNN,EI,11100010,3,1,130,7,1781776.380153739
all,DNN,EI,11100010,3,2,140,8,1781776.380153739
all,DNN,UCB,11100010,3,0,120,7,1781776.380153739
all,DNN,UCB,11100010,3,1,130,8,1781776.380153739
all,DNN,UCB,11100010,3,2,140,8,1781776.380153739
all,DNN,guided,11100010,3,0,120,7,1781776.380153739
all,DNN,guided,11100010,3,1,130,8,1781776.380153739
all,DNN,guided,11100010,3,2,140,8,1781776.380153739
all,DNN,random,11100010,4,0,120,8,1787362.2572815537
all,DNN,random,11100010,4,1,130,8,1787362.2572815537
all,DNN,random,11100010,4,2,140,9,1787362.2572815537
all,DNN,AL,11100010,4,0,120,8,1787362.2572815537
all,DNN,AL,11100010,4,1,130,8,1787362.2572815537
all,DNN,AL,11100010,4,2,140,8,1787362.2572815537
all,DNN,greedy,11100010,4,0,120,8,1787362.2572815537
all,DNN,greedy,11100010,4,1,130,8,1787362.2572815537
all,DNN,greedy,11100010,4,2,140,8,1787362.2572815537
all,DNN,EI,11100010,4,0,120,8,1787362.2572815537
all,DNN,EI,11100010,4,1,130,8,1787362.2572815537
all,DNN,EI,11100010,4,2,140,9,1787362.2572815537
all,DNN,UCB,11100010,4,0,120,8,1787362.2572815537
all,DNN,UCB,11100010,4,1,130,8,1787362.2572815537
all,DNN,UCB,11100010,4,2,140,8,1787362.2572815537
all,DNN,guided,11100010,4,0,120,8,1787362.2572815537
all,DNN,guided,11100010,4,1,130,10,1787362.2572815537
all,DNN,guided,11100010,4,2,140,10,1787362.2572815537
all,DNN,random,11100010,5,0,120,7,1781776.380153739
all,DNN,random,11100010,5,1,130,8,1781776.380153739
all,DNN,random,11100010,5,2,140,8,1781776.380153739
all,DNN,AL,11100010,5,0,120,7,1781776.380153739
all,DNN,AL,11100010,5,1,130,7,1781776.380153739
all,DNN,AL,11100010,5,2,140,7,1781776.380153739
all,DNN,greedy,11100010,5,0,120,7,1781776.380153739
all,DNN,greedy,11100010,5,1,130,7,1781776.380153739
all,DNN,greedy,11100010,5,2,140,8,1781776.380153739
all,DNN,EI,11100010,5,0,120,7,1781776.380153739
all,DNN,EI,11100010,5,1,130,7,1781776.380153739
all,DNN,EI,11100010,5,2,140,8,1781776.380153739
all,DNN,UCB,11100010,5,0,120,7,1781776.380153739
all,DNN,UCB,11100010,5,1,130,7,1781776.380153739
all,DNN,UCB,11100010,5,2,140,8,1781776.380153739
all,DNN,guided,11100010,5,0,120,7,1781776.380153739
all,DNN,guided,11100010,5,1,130,8,1781776.380153739
all,DNN,guided,11100010,5,2,140,8,1781776.380153739
all,DNN,random,11100010,6,0,120,6,1781776.380153739
all,DNN,random,11100010,6,1,130,6,1781776.380153739
all,DNN,random,11100010,6,2,140,6,1781776.380153739
all,DNN,AL,11100010,6,0,120,6,1781776.380153739
all,DNN,AL,11100010,6,1,130,7,1781776.380153739
all,DNN,AL,11100010,6,2,140,7,1781776.380153739
all,DNN,greedy,11100010,6,0,120,6,1781776.380153739
all,DNN,greedy,11100010,6,1,130,6,1781776.380153739
all,DNN,greedy,11100010,6,2,140,6,1781776.380153739
all,DNN,EI,11100010,6,0,120,6,1781776.380153739
all,DNN,EI,11100010,6,1,130,7,1781776.380153739
all,DNN,EI,11100010,6,2,140,7,1781776.380153739
all,DNN,UCB,11100010,6,0,120,6,1781776.380153739
all,DNN,UCB,11100010,6,1,130,7,1781776.380153739
all,DNN,UCB,11100010,6,2,140,7,1781776.380153739
all,DNN,guided,11100010,6,0,120,6,1781776.380153739
all,DNN,guided,11100010,6,1,130,6,1781776.380153739
all,DNN,guided,11100010,6,2,140,7,1781776.380153739
all,DNN,random,11100010,7,0,120,8,1781776.380153739
all,DNN,random,11100010,7,1,130,8,1781776.380153739
all,DNN,random,11100010,7,2,140,8,1781776.380153739
all,DNN,AL,11100010,7,0,120,8,1781776.380153739
all,DNN,AL,11100010,7,1,130,8,1781776.380153739
all,DNN,AL,11100010,7,2,140,10,1781776.380153739
all,DNN,greedy,11100010,7,0,120,8,1781776.380153739
all,DNN,greedy,11100010,7,1,130,8,1781776.380153739
all,DNN,greedy,11100010,7,2,140,8,1781776.380153739
all,DNN,EI,11100010,7,0,120,8,1781776.380153739
all,DNN,EI,11100010,7,1,130,8,1781776.380153739
all,DNN,EI,11100010,7,2,140,9,1781776.380153739
all,DNN,UCB,11100010,7,0,120,8,1781776.380153739
all,DNN,UCB,11100010,7,1,130,8,1781776.380153739
all,DNN,UCB,11100010,7,2,140,8,1781776.380153739
all,DNN,guided,11100010,7,0,120,8,1781776.380153739
all,DNN,guided,11100010,7,1,130,9,1781776.380153739
all,DNN,guided,11100010,7,2,140,9,1781776.380153739
all,DNN,random,11100010,8,0,120,9,1787362.2572815537
all,DNN,random,11100010,8,1,130,9,1787362.2572815537
all,DNN,random,11100010,8,2,140,9,1787362.2572815537
all,DNN,AL,11100010,8,0,120,9,1787362.2572815537
all,DNN,AL,11100010,8,1,130,9,1787362.2572815537
all,DNN,AL,11100010,8,2,140,10,1787362.2572815537
all,DNN,greedy,11100010,8,0,120,9,1787362.2572815537
all,DNN,greedy,11100010,8,1,130,9,1787362.2572815537
all,DNN,greedy,11100010,8,2,140,10,1787362.2572815537
all,DNN,EI,11100010,8,0,120,9,1787362.2572815537
all,DNN,EI,11100010,8,1,130,9,1787362.2572815537
all,DNN,EI,11100010,8,2,140,9,1787362.2572815537
all,DNN,UCB,11100010,8,0,120,9,1787362.2572815537
all,DNN,UCB,11100010,8,1,130,9,1787362.2572815537
all,DNN,UCB,11100010,8,2,140,9,1787362.2572815537
all,DNN,guided,11100010,8,0,120,9,1787362.2572815537
all,DNN,guided,11100010,8,1,130,9,1787362.2572815537
all,DNN,guided,11100010,8,2,140,9,1787362.2572815537
all,DNN,random,11100010,9,0,120,9,1741740.740740741
all,DNN,random,11100010,9,1,130,9,1741740.740740741
all,DNN,random,11100010,9,2,140,9,1741740.740740741
all,DNN,AL,11100010,9,0,120,9,1741740.740740741
all,DNN,AL,11100010,9,1,130,9,1741740.740740741
all,DNN,AL,11100010,9,2,140,10,1741740.740740741
all,DNN,greedy,11100010,9,0,120,9,1741740.740740741
all,DNN,greedy,11100010,9,1,130,9,1741740.740740741
all,DNN,greedy,11100010,9,2,140,9,1741740.740740741
all,DNN,EI,11100010,9,0,120,9,1741740.740740741
all,DNN,EI,11100010,9,1,130,9,1741740.740740741
all,DNN,EI,11100010,9,2,140,9,1741740.740740741
all,DNN,UCB,11100010,9,0,120,9,1741740.740740741
all,DNN,UCB,11100010,9,1,130,9,1741740.740740741
all,DNN,UCB,11100010,9,2,140,9,1741740.740740741
all,DNN,guided,11100010,9,0,120,9,1741740.740740741
all,DNN,guided,11100010,9,1,130,10,1741740.740740741
all,DNN,guided,11100010,9,2,140,10,1741740.740740741
all,DNN,random,11100020,0,0,120,6,1787362.2572815537
all,DNN,random,11100020,0,1,130,7,1787362.2572815537
all,DNN,random,11100020,0,2,140,7,1787362.2572815537
all,DNN,AL,11100020,0,0,120,6,1787362.2572815537
all,DNN,AL,11100020,0,1,130,8,1787362.2572815537
all,DNN,AL,11100020,0,2,140,8,1787362.2572815537
all,DNN,greedy,11100020,0,0,120,6,1787362.2572815537
all,DNN,greedy,11100020,0,1,130,6,1787362.2572815537
all,DNN,greedy,11100020,0,2,140,8,1787362.2572815537
all,DNN,EI,11100020,0,0,120,6,1787362.2572815537
all,DNN,EI,11100020,0,1,130,7,1787362.2572815537
all,DNN,EI,11100020,0,2,140,7,1787362.2572815537
all,DNN,UCB,11100020,0,0,120,6,1787362.2572815537
all,DNN,UCB,11100020,0,1,130,6,1787362.2572815537
all,DNN,UCB,11100020,0,2,140,8,1787362.2572815537
all,DNN,guided,11100020,0,0,120,6,1787362.2572815537
all,DNN,guided,11100020,0,1,130,8,1787362.2572815537
all,DNN,guided,11100020,0,2,140,8,1787362.2572815537
all,DNN,random,11100020,1,0,120,5,1716200.0000000002
all,DNN,random,11100020,1,1,130,5,1716200.0000000002
all,DNN,random,11100020,1,2,140,5,1716200.0000000002
all,DNN,AL,11100020,1,0,120,5,1716200.0000000002
all,DNN,AL,11100020,1,1,130,5,1716200.0000000002
all,DNN,AL,11100020,1,2,140,6,1716200.0000000002
all,DNN,greedy,11100020,1,0,120,5,1716200.0000000002
all,DNN,greedy,11100020,1,1,130,7,1781776.380153739
all,DNN,greedy,11100020,1,2,140,9,1781776.380153739
all,DNN,EI,11100020,1,0,120,5,1716200.0000000002
all,DNN,EI,11100020,1,1,130,7,1781776.380153739
all,DNN,EI,11100020,1,2,140,7,1781776.380153739
all,DNN,UCB,11100020,1,0,120,5,1716200.0000000002
all,DNN,UCB,11100020,1,1,130,7,1781776.380153739
all,DNN,UCB,11100020,1,2,140,7,1781776.380153739
all,DNN,guided,11100020,1,0,120,5,1716200.0000000002
all,DNN,guided,11100020,1,1,130,7,1781776.380153739
all,DNN,guided,11100020,1,2,140,7,1781776.380153739
all,DNN,random,11100020,2,0,120,4,1781776.380153739
all,DNN,random,11100020,2,1,130,4,1781776.380153739
all,DNN,random,11100020,2,2,140,6,1781776.380153739
all,DNN,AL,11100020,2,0,120,4,1781776.380153739
all,DNN,AL,11100020,2,1,130,4,1781776.380153739
all,DNN,AL,11100020,2,2,140,6,1781776.380153739
all,DNN,greedy,11100020,2,0,120,4,1781776.380153739
all,DNN,greedy,11100020,2,1,130,4,1781776.380153739
all,DNN,greedy,11100020,2,2,140,4,1781776.380153739
all,DNN,EI,11100020,2,0,120,4,1781776.380153739
all,DNN,EI,11100020,2,1,130,4,1781776.380153739
all,DNN,EI,11100020,2,2,140,4,1781776.380153739
all,DNN,UCB,11100020,2,0,120,4,1781776.380153739
all,DNN,UCB,11100020,2,1,130,4,1781776.380153739
all,DNN,UCB,11100020,2,2,140,4,1781776.380153739
all,DNN,guided,11100020,2,0,120,4,1781776.380153739
all,DNN,guided,11100020,2,1,130,4,1781776.380153739
all,DNN,guided,11100020,2,2,140,4,1781776.380153739
all,DNN,random,11100020,3,0,120,4,1741740.740740741
all,DNN,random,11100020,3,1,130,4,1741740.740740741
all,DNN,random,11100020,3,2,140,4,1741740.740740741
all,DNN,AL,11100020,3,0,120,4,1741740.740740741
all,DNN,AL,11100020,3,1,130,4,1741740.740740741
all,DNN,AL,11100020,3,2,140,4,1741740.740740741
all,DNN,greedy,11100020,3,0,120,4,1741740.740740741
all,DNN,greedy,11100020,3,1,130,4,1741740.740740741
all,DNN,greedy,11100020,3,2,140,5,1741740.740740741
all,DNN,EI,11100020,3,0,120,4,1741740.740740741
all,DNN,EI,11100020,3,1,130,4,1741740.740740741
all,DNN,EI,11100020,3,2,140,4,1741740.740740741
all,DNN,UCB,11100020,3,0,120,4,1741740.740740741
all,DNN,UCB,11100020,3,1,130,4,1741740.740740741
all,DNN,UCB,11100020,3,2,140,6,1741740.740740741
all,DNN,guided,11100020,3,0,120,4,1741740.740740741
all,DNN,guided,11100020,3,1,130,8,1781776.380153739
all,DNN,guided,11100020,3,2,140,8,1781776.380153739
all,DNN,random,11100020,4,0,120,6,1787362.2572815537
all,DNN,random,11100020,4,1,130,6,1787362.2572815537
all,DNN,random,11100020,4,2,140,7,1787362.2572815537
all,DNN,AL,11100020,4,0,120,6,1787362.2572815537
all,DNN,AL,11100020,4,1,130,7,1787362.2572815537
all,DNN,AL,11100020,4,2,140,7,1787362.2572815537
all,DNN,greedy,11100020,4,0,120,6,1787362.2572815537
all,DNN,greedy,11100020,4,1,130,7,1787362.2572815537
all,DNN,greedy,11100020,4,2,140,8,1787362.2572815537
all,DNN,EI,11100020,4,0,120,6,1787362.2572815537
all,DNN,EI,11100020,4,1,130,7,1787362.2572815537
all,DNN,EI,11100020,4,2,140,7,1787362.2572815537
all,DNN,UCB,11100020,4,0,120,6,1787362.2572815537
all,DNN,UCB,11100020,4,1,130,7,1787362.2572815537
all,DNN,UCB,11100020,4,2,140,7,1787362.2572815537
all,DNN,guided,11100020,4,0,120,6,1787362.2572815537
all,DNN,guided,11100020,4,1,130,8,1787362.2572815537
all,DNN,guided,11100020,4,2,140,9,1787362.2572815537
all,DNN,random,11100020,5,0,120,9,1716200.0000000002
all,DNN,random,11100020,5,1,130,10,1716200.0000000002
all,DNN,random,11100020,5,2,140,10,1716200.0000000002
all,DNN,AL,11100020,5,0,120,9,1716200.0000000002
all,DNN,AL,11100020,5,1,130,9,1716200.0000000002
all,DNN,AL,11100020,5,2,140,9,1716200.0000000002
all,DNN,greedy,11100020,5,0,120,9,1716200.0000000002
all,DNN,greedy,11100020,5,1,130,10,1741740.740740741
all,DNN,greedy,11100020,5,2,140,10,1741740.740740741
all,DNN,EI,11100020,5,0,120,9,1716200.0000000002
all,DNN,EI,11100020,5,1,130,10,1741740.740740741
all,DNN,EI,11100020,5,2,140,10,1741740.740740741
all,DNN,UCB,11100020,5,0,120,9,1716200.0000000002
all,DNN,UCB,11100020,5,1,130,10,1741740.740740741
all,DNN,UCB,11100020,5,2,140,12,1741740.740740741
all,DNN,guided,11100020,5,0,120,9,1716200.0000000002
all,DNN,guided,11100020,5,1,130,10,1741740.740740741
all,DNN,guided,11100020,5,2,140,11,1741740.740740741
all,DNN,random,11100020,6,0,120,5,1646742.3208191127
all,DNN,random,11100020,6,1,130,5,1646742.3208191127
all,DNN,random,11100020,6,2,140,5,1646742.3208191127
all,DNN,AL,11100020,6,0,120,5,1646742.3208191127
all,DNN,AL,11100020,6,1,130,5,1646742.3208191127
all,DNN,AL,11100020,6,2,140,5,1646742.3208191127
all,DNN,greedy,11100020,6,0,120,5,1646742.3208191127
all,DNN,greedy,11100020,6,1,130,5,1646742.3208191127
all,DNN,greedy,11100020,6,2,140,7,1741740.740740741
all,DNN,EI,11100020,6,0,120,5,1646742.3208191127
all,DNN,EI,11100020,6,1,130,5,1646742.3208191127
all,DNN,EI,11100020,6,2,140,6,1646742.3208191127
all,DNN,UCB,11100020,6,0,120,5,1646742.3208191127
all,DNN,UCB,11100020,6,1,130,5,1646742.3208191127
all,DNN,UCB,11100020,6,2,140,6,1646742.3208191127
all,DNN,guided,11100020,6,0,120,5,1646742.3208191127
all,DNN,guided,11100020,6,1,130,7,1741740.740740741
all,DNN,guided,11100020,6,2,140,8,1741740.740740741
all,DNN,random,11100020,7,0,120,8,1787362.2572815537
all,DNN,random,11100020,7,1,130,9,1787362.2572815537
all,DNN,random,11100020,7,2,140,10,1787362.2572815537
all,DNN,AL,11100020,7,0,120,8,1787362.2572815537
all,DNN,AL,11100020,7,1,130,8,1787362.2572815537
all,DNN,AL,11100020,7,2,140,8,1787362.2572815537
all,DNN,greedy,11100020,7,0,120,8,1787362.2572815537
all,DNN,greedy,11100020,7,1,130,9,1787362.2572815537
all,DNN,greedy,11100020,7,2,140,10,1787362.2572815537
all,DNN,EI,11100020,7,0,120,8,1787362.2572815537
all,DNN,EI,11100020,7,1,130,8,1787362.2572815537
all,DNN,EI,11100020,7,2,140,8,1787362.2572815537
all,DNN,UCB,11100020,7,0,120,8,1787362.2572815537
all,DNN,UCB,11100020,7,1,130,8,1787362.2572815537
all,DNN,UCB,11100020,7,2,140,9,1787362.2572815537
all,DNN,guided,11100020,7,0,120,8,1787362.2572815537
all,DNN,guided,11100020,7,1,130,10,1787362.2572815537
all,DNN,guided,11100020,7,2,140,10,1787362.2572815537
all,DNN,random,11100020,8,0,120,5,1741740.740740741
all,DNN,random,11100020,8,1,130,5,1741740.740740741
all,DNN,random,11100020,8,2,140,7,1787362.2572815537
all,DNN,AL,11100020,8,0,120,5,1741740.740740741
all,DNN,AL,11100020,8,1,130,6,1741740.740740741
all,DNN,AL,11100020,8,2,140,6,1741740.740740741
all,DNN,greedy,11100020,8,0,120,5,1741740.740740741
all,DNN,greedy,11100020,8,1,130,6,1741740.740740741
all,DNN,greedy,11100020,8,2,140,6,1741740.740740741
all,DNN,EI,11100020,8,0,120,5,1741740.740740741
all,DNN,EI,11100020,8,1,130,5,1741740.740740741
all,DNN,EI,11100020,8,2,140,6,1741740.740740741
all,DNN,UCB,11100020,8,0,120,5,1741740.740740741
all,DNN,UCB,11100020,8,1,130,5,1741740.740740741
all,DNN,UCB,11100020,8,2,140,5,1741740.740740741
all,DNN,guided,11100020,8,0,120,5,1741740.740740741
all,DNN,guided,11100020,8,1,130,6,1741740.740740741
all,DNN,guided,11100020,8,2,140,6,1741740.740740741
all,DNN,random,11100020,9,0,120,3,1787362.2572815537
all,DNN,random,11100020,9,1,130,5,1787362.2572815537
all,DNN,random,11100020,9,2,140,5,1787362.2572815537
all,DNN,AL,11100020,9,0,120,3,1787362.2572815537
all,DNN,AL,11100020,9,1,130,3,1787362.2572815537
all,DNN,AL,11100020,9,2,140,3,1787362.2572815537
all,DNN,greedy,11100020,9,0,120,3,1787362.2572815537
all,DNN,greedy,11100020,9,1,130,5,1787362.2572815537
all,DNN,greedy,11100020,9,2,140,5,1787362.2572815537
all,DNN,EI,11100020,9,0,120,3,1787362.2572815537
all,DNN,EI,11100020,9,1,130,3,1787362.2572815537
all,DNN,EI,11100020,9,2,140,4,1787362.2572815537
all,DNN,UCB,11100020,9,0,120,3,1787362.2572815537
all,DNN,UCB,11100020,9,1,130,3,1787362.2572815537
all,DNN,UCB,11100020,9,2,140,3,1787362.2572815537
all,DNN,guided,11100020,9,0,120,3,1787362.2572815537
all,DNN,guided,11100020,9,1,130,5,1787362.2572815537
all,DNN,guided,11100020,9,2,140,7,1787362.2572815537
